2025-12-19 07:00:47.128 | INFO     | __main__:processar_oferta:75 - 🚫 Link não Amazon (MERCADO LIVRE) ignorado.
2025-12-19 07:10:47.162 | INFO     | __main__:processar_oferta:66 - ♻️ Oferta repetida ignorada: https://www.mercadolivre.com.br/social/promozonevip
2025-12-19 07:15:47.001 | INFO     | __main__:processar_oferta:78 - 🔎 Processando: AMAZON | Modo: 🤖 AUTO
2025-12-19 07:15:47.599 | INFO     | __main__:processar_oferta:88 - 📸 Baixando imagem do Telegram...
2025-12-19 07:15:54.490 | SUCCESS  | __main__:processar_oferta:96 - 📱 Oferta AMAZON enviada direto para o WhatsApp!
2025-12-19 07:15:56.000 | INFO     | __main__:processar_oferta:106 - 🧹 Arquivo temporário removido.
2025-12-19 07:15:56.571 | SUCCESS  | __main__:processar_oferta:116 - 🐦 Postado no X
2025-12-19 07:19:47.231 | INFO     | __main__:processar_oferta:78 - 🔎 Processando: AMAZON | Modo: 🤖 AUTO
2025-12-19 07:19:47.637 | INFO     | __main__:processar_oferta:88 - 📸 Baixando imagem do Telegram...
2025-12-19 07:19:51.068 | SUCCESS  | __main__:processar_oferta:96 - 📱 Oferta AMAZON enviada direto para o WhatsApp!
2025-12-19 07:19:52.570 | INFO     | __main__:processar_oferta:106 - 🧹 Arquivo temporário removido.
2025-12-19 07:22:47.375 | INFO     | __main__:processar_oferta:78 - 🔎 Processando: AMAZON | Modo: 🤖 AUTO
2025-12-19 07:22:47.832 | INFO     | __main__:processar_oferta:88 - 📸 Baixando imagem do Telegram...
2025-12-19 07:22:51.978 | SUCCESS  | __main__:processar_oferta:96 - 📱 Oferta AMAZON enviada direto para o WhatsApp!
2025-12-19 07:22:53.480 | INFO     | __main__:processar_oferta:106 - 🧹 Arquivo temporário removido.
2025-12-19 07:22:54.075 | SUCCESS  | __main__:processar_oferta:116 - 🐦 Postado no X
2025-12-19 07:25:47.326 | INFO     | __main__:processar_oferta:66 - ♻️ Oferta repetida ignorada: https://www.mercadolivre.com.br/social/promozonevip
2025-12-19 07:28:49.128 | INFO     | __main__:processar_oferta:78 - 🔎 Processando: AMAZON | Modo: 🤖 AUTO
2025-12-19 07:28:49.599 | INFO     | __main__:processar_oferta:88 - 📸 Baixando imagem do Telegram...
2025-12-19 07:28:54.675 | SUCCESS  | __main__:processar_oferta:96 - 📱 Oferta AMAZON enviada direto para o WhatsApp!
2025-12-19 07:28:56.177 | INFO     | __main__:processar_oferta:106 - 🧹 Arquivo temporário removido.
2025-12-19 07:29:47.003 | INFO     | __main__:processar_oferta:78 - 🔎 Processando: AMAZON | Modo: 🤖 AUTO
2025-12-19 07:29:47.492 | INFO     | __main__:processar_oferta:88 - 📸 Baixando imagem do Telegram...
2025-12-19 07:29:50.398 | SUCCESS  | __main__:processar_oferta:96 - 📱 Oferta AMAZON enviada direto para o WhatsApp!
2025-12-19 07:29:51.911 | INFO     | __main__:processar_oferta:106 - 🧹 Arquivo temporário removido.
2025-12-19 07:29:52.482 | SUCCESS  | __main__:processar_oferta:116 - 🐦 Postado no X
2025-12-19 07:30:47.145 | INFO     | __main__:processar_oferta:66 - ♻️ Oferta repetida ignorada: https://www.mercadolivre.com.br/social/promozonevip
2025-12-19 07:33:48.996 | INFO     | __main__:processar_oferta:78 - 🔎 Processando: AMAZON | Modo: 🤖 AUTO
2025-12-19 07:33:49.676 | INFO     | __main__:processar_oferta:88 - 📸 Baixando imagem do Telegram...
2025-12-19 07:33:53.505 | SUCCESS  | __main__:processar_oferta:96 - 📱 Oferta AMAZON enviada direto para o WhatsApp!
2025-12-19 07:33:55.008 | INFO     | __main__:processar_oferta:106 - 🧹 Arquivo temporário removido.
2025-12-19 07:35:47.599 | INFO     | __main__:processar_oferta:66 - ♻️ Oferta repetida ignorada: https://www.mercadolivre.com.br/social/promozonevip
2025-12-19 07:38:15.396 | INFO     | __main__:<module>:138 - 🚫 Bot desligado.
2025-12-19 07:39:55.213 | INFO     | __main__:<module>:27 - 🐭 INICIANDO O RATO GARIMPEIRO ENTERPRISE (Modo AMAZON/WHATSAPP)...
2025-12-19 07:39:55.506 | SUCCESS  | __main__:<module>:38 - ✅ Sistemas Core iniciados!
2025-12-19 07:39:55.506 | SUCCESS  | __main__:<module>:53 - 🐦 Twitter/X conectado!
2025-12-19 07:39:56.576 | INFO     | __main__:main:165 - 👀 Validando canais fonte...
2025-12-19 07:39:56.865 | SUCCESS  | __main__:main:176 - ✅ Monitorando 21 canais.
2025-12-19 07:40:25.517 | INFO     | __main__:processar_oferta:102 - 🔎 Processando AMAZON | AUTO
2025-12-19 07:40:26.180 | INFO     | __main__:processar_oferta:113 - 📸 Baixando imagem do Telegram...
2025-12-19 07:40:31.217 | SUCCESS  | __main__:processar_oferta:132 - 📱 Oferta enviada no WhatsApp!
2025-12-19 07:40:32.733 | INFO     | __main__:processar_oferta:145 - 🧹 Imagem temporária removida.
2025-12-19 07:40:33.343 | SUCCESS  | __main__:processar_oferta:155 - 🐦 Tweet enviado
2025-12-19 07:40:45.436 | INFO     | __main__:processar_oferta:102 - 🔎 Processando AMAZON | AUTO
2025-12-19 07:40:45.904 | INFO     | __main__:processar_oferta:113 - 📸 Baixando imagem do Telegram...
2025-12-19 07:40:46.550 | INFO     | __main__:processar_oferta:102 - 🔎 Processando AMAZON | AUTO
2025-12-19 07:40:47.132 | INFO     | __main__:processar_oferta:113 - 📸 Baixando imagem do Telegram...
2025-12-19 07:40:48.581 | SUCCESS  | __main__:processar_oferta:132 - 📱 Oferta enviada no WhatsApp!
2025-12-19 07:40:48.716 | INFO     | __main__:processar_oferta:102 - 🔎 Processando AMAZON | AUTO
2025-12-19 07:40:49.102 | INFO     | __main__:processar_oferta:113 - 📸 Baixando imagem do Telegram...
2025-12-19 07:40:50.252 | INFO     | __main__:processar_oferta:145 - 🧹 Imagem temporária removida.
2025-12-19 07:40:50.524 | SUCCESS  | __main__:processar_oferta:155 - 🐦 Tweet enviado
2025-12-19 07:40:54.061 | SUCCESS  | __main__:processar_oferta:132 - 📱 Oferta enviada no WhatsApp!
2025-12-19 07:40:55.303 | SUCCESS  | __main__:processar_oferta:132 - 📱 Oferta enviada no WhatsApp!
2025-12-19 07:40:55.563 | INFO     | __main__:processar_oferta:145 - 🧹 Imagem temporária removida.
2025-12-19 07:40:55.844 | SUCCESS  | __main__:processar_oferta:155 - 🐦 Tweet enviado
2025-12-19 07:40:56.815 | INFO     | __main__:processar_oferta:145 - 🧹 Imagem temporária removida.
2025-12-19 07:40:57.092 | SUCCESS  | __main__:processar_oferta:155 - 🐦 Tweet enviado
2025-12-19 07:43:59.163 | INFO     | __main__:processar_oferta:102 - 🔎 Processando AMAZON | AUTO
2025-12-19 07:43:59.457 | INFO     | __main__:processar_oferta:102 - 🔎 Processando AMAZON | AUTO
2025-12-19 07:43:59.622 | INFO     | __main__:processar_oferta:113 - 📸 Baixando imagem do Telegram...
2025-12-19 07:44:00.239 | INFO     | __main__:processar_oferta:113 - 📸 Baixando imagem do Telegram...
2025-12-19 07:44:01.670 | SUCCESS  | __main__:processar_oferta:132 - 📱 Oferta enviada no WhatsApp!
2025-12-19 07:44:02.203 | SUCCESS  | __main__:processar_oferta:132 - 📱 Oferta enviada no WhatsApp!
2025-12-19 07:44:03.173 | INFO     | __main__:processar_oferta:145 - 🧹 Imagem temporária removida.
2025-12-19 07:44:03.717 | INFO     | __main__:processar_oferta:145 - 🧹 Imagem temporária removida.
2025-12-19 07:44:04.309 | SUCCESS  | __main__:processar_oferta:155 - 🐦 Tweet enviado
2025-12-19 07:45:57.675 | INFO     | __main__:processar_oferta:99 - 🚫 Link não Amazon (MERCADO LIVRE) ignorado.
2025-12-19 07:53:57.857 | INFO     | __main__:processar_oferta:102 - 🔎 Processando AMAZON | AUTO
2025-12-19 07:53:57.949 | INFO     | __main__:processar_oferta:102 - 🔎 Processando AMAZON | AUTO
2025-12-19 07:53:58.371 | INFO     | __main__:processar_oferta:113 - 📸 Baixando imagem do Telegram...
2025-12-19 07:53:58.399 | INFO     | __main__:processar_oferta:113 - 📸 Baixando imagem do Telegram...
2025-12-19 07:54:04.689 | SUCCESS  | __main__:processar_oferta:132 - 📱 Oferta enviada no WhatsApp!
2025-12-19 07:54:05.047 | SUCCESS  | __main__:processar_oferta:132 - 📱 Oferta enviada no WhatsApp!
2025-12-19 07:54:06.199 | INFO     | __main__:processar_oferta:145 - 🧹 Imagem temporária removida.
2025-12-19 07:54:06.555 | INFO     | __main__:processar_oferta:145 - 🧹 Imagem temporária removida.
2025-12-19 07:54:07.157 | SUCCESS  | __main__:processar_oferta:155 - 🐦 Tweet enviado
2025-12-19 07:55:25.044 | INFO     | __main__:processar_oferta:102 - 🔎 Processando AMAZON | AUTO
2025-12-19 07:55:25.470 | INFO     | __main__:processar_oferta:113 - 📸 Baixando imagem do Telegram...
2025-12-19 07:55:26.737 | INFO     | __main__:processar_oferta:89 - ♻️ Oferta repetida ignorada: https://www.mercadolivre.com.br/social/promozonevip
2025-12-19 07:55:30.266 | SUCCESS  | __main__:processar_oferta:132 - 📱 Oferta enviada no WhatsApp!
2025-12-19 07:55:31.777 | INFO     | __main__:processar_oferta:145 - 🧹 Imagem temporária removida.
2025-12-19 07:55:32.073 | SUCCESS  | __main__:processar_oferta:155 - 🐦 Tweet enviado
2025-12-19 08:00:57.479 | INFO     | __main__:processar_oferta:99 - 🚫 Link não Amazon (None) ignorado.
2025-12-19 08:00:57.720 | INFO     | __main__:processar_oferta:89 - ♻️ Oferta repetida ignorada: https://www.mercadolivre.com.br/social/promozonevip
2025-12-19 08:00:57.889 | INFO     | __main__:processar_oferta:99 - 🚫 Link não Amazon (None) ignorado.
2025-12-19 08:01:57.857 | INFO     | __main__:processar_oferta:99 - 🚫 Link não Amazon (None) ignorado.
2025-12-19 08:08:38.729 | INFO     | __main__:<module>:184 - 🚫 Bot desligado.
2025-12-19 08:10:29.075 | INFO     | __main__:<module>:27 - 🐭 INICIANDO O RATO GARIMPEIRO ENTERPRISE (Modo MULTILOJAS)...
2025-12-19 08:10:29.360 | SUCCESS  | __main__:<module>:38 - ✅ Sistemas Core iniciados!
2025-12-19 08:10:29.361 | SUCCESS  | __main__:<module>:53 - 🐦 Twitter/X conectado!
2025-12-19 08:10:30.338 | INFO     | __main__:main:166 - 👀 Validando canais fonte...
2025-12-19 08:10:30.619 | SUCCESS  | __main__:main:177 - ✅ Monitoramento 21 canais fonte.
2025-12-19 08:15:31.492 | INFO     | __main__:processar_oferta:102 - 🔎 Processando MERCADO LIVRE | MANUAL
2025-12-19 08:15:32.165 | INFO     | __main__:processar_oferta:113 - 📸 Baixando imagem do Telegram...
2025-12-19 08:15:39.965 | SUCCESS  | __main__:processar_oferta:133 - 📱 Oferta MERCADO LIVRE enviada no WhatsApp!
2025-12-19 08:15:41.481 | INFO     | __main__:processar_oferta:146 - 🧹 Imagem temporária removida.
2025-12-19 08:15:42.102 | SUCCESS  | __main__:processar_oferta:156 - 🐦 Tweet enviado
2025-12-19 08:22:31.443 | INFO     | __main__:processar_oferta:89 - ♻️ Oferta repetida ignorada: https://r.amzlink.to/
2025-12-19 08:23:31.669 | INFO     | __main__:processar_oferta:102 - 🔎 Processando AMAZON | AUTO
2025-12-19 08:23:32.154 | INFO     | __main__:processar_oferta:113 - 📸 Baixando imagem do Telegram...
2025-12-19 08:23:35.014 | SUCCESS  | __main__:processar_oferta:133 - 📱 Oferta AMAZON enviada no WhatsApp!
2025-12-19 08:23:36.516 | INFO     | __main__:processar_oferta:146 - 🧹 Imagem temporária removida.
2025-12-19 08:25:31.809 | INFO     | __main__:processar_oferta:89 - ♻️ Oferta repetida ignorada: https://www.mercadolivre.com.br/social/promozonevip
2025-12-19 08:30:32.259 | INFO     | __main__:processar_oferta:89 - ♻️ Oferta repetida ignorada: https://www.mercadolivre.com.br/social/promozonevip
2025-12-19 08:34:31.223 | INFO     | __main__:processar_oferta:102 - 🔎 Processando AMAZON | AUTO
2025-12-19 08:34:31.718 | INFO     | __main__:processar_oferta:113 - 📸 Baixando imagem do Telegram...
2025-12-19 08:34:34.294 | SUCCESS  | __main__:processar_oferta:133 - 📱 Oferta AMAZON enviada no WhatsApp!
2025-12-19 08:34:35.798 | INFO     | __main__:processar_oferta:146 - 🧹 Imagem temporária removida.
2025-12-19 08:34:36.397 | SUCCESS  | __main__:processar_oferta:156 - 🐦 Tweet enviado
2025-12-19 08:35:33.366 | INFO     | __main__:processar_oferta:102 - 🔎 Processando AMAZON | AUTO
2025-12-19 08:35:33.758 | INFO     | __main__:processar_oferta:113 - 📸 Baixando imagem do Telegram...
2025-12-19 08:35:37.783 | SUCCESS  | __main__:processar_oferta:133 - 📱 Oferta AMAZON enviada no WhatsApp!
2025-12-19 08:35:39.287 | INFO     | __main__:processar_oferta:146 - 🧹 Imagem temporária removida.
2025-12-19 08:35:39.565 | SUCCESS  | __main__:processar_oferta:156 - 🐦 Tweet enviado
2025-12-19 08:40:31.872 | INFO     | __main__:processar_oferta:102 - 🔎 Processando MERCADO LIVRE | MANUAL
2025-12-19 08:40:32.458 | INFO     | __main__:processar_oferta:113 - 📸 Baixando imagem do Telegram...
2025-12-19 08:40:37.195 | SUCCESS  | __main__:processar_oferta:133 - 📱 Oferta MERCADO LIVRE enviada no WhatsApp!
2025-12-19 08:40:38.709 | INFO     | __main__:processar_oferta:146 - 🧹 Imagem temporária removida.
2025-12-19 08:41:33.218 | INFO     | __main__:processar_oferta:102 - 🔎 Processando AMAZON | AUTO
2025-12-19 08:41:33.705 | INFO     | __main__:processar_oferta:113 - 📸 Baixando imagem do Telegram...
2025-12-19 08:41:36.762 | SUCCESS  | __main__:processar_oferta:133 - 📱 Oferta AMAZON enviada no WhatsApp!
2025-12-19 08:41:38.264 | INFO     | __main__:processar_oferta:146 - 🧹 Imagem temporária removida.
2025-12-19 08:41:38.868 | SUCCESS  | __main__:processar_oferta:156 - 🐦 Tweet enviado
2025-12-19 08:45:31.825 | INFO     | __main__:processar_oferta:89 - ♻️ Oferta repetida ignorada: https://www.mercadolivre.com.br/social/promozonevip
2025-12-19 08:51:33.323 | INFO     | __main__:processar_oferta:102 - 🔎 Processando AMAZON | AUTO
2025-12-19 08:51:33.773 | INFO     | __main__:processar_oferta:113 - 📸 Baixando imagem do Telegram...
2025-12-19 08:51:36.571 | SUCCESS  | __main__:processar_oferta:133 - 📱 Oferta AMAZON enviada no WhatsApp!
2025-12-19 08:51:38.079 | INFO     | __main__:processar_oferta:146 - 🧹 Imagem temporária removida.
2025-12-19 08:55:16.113 | INFO     | __main__:<module>:185 - 🚫 Bot desligado.
2025-12-19 08:55:19.755 | INFO     | __main__:<module>:26 - 🐭 INICIANDO O RATO GARIMPEIRO ENTERPRISE (Modo MULTILOJAS)...
2025-12-19 08:55:20.039 | SUCCESS  | __main__:<module>:37 - ✅ Sistemas Core iniciados!
2025-12-19 08:55:20.040 | SUCCESS  | __main__:<module>:52 - 🐦 Twitter/X conectado!
2025-12-19 08:55:21.142 | INFO     | __main__:main:170 - 👀 Validando canais fonte...
2025-12-19 08:55:22.533 | SUCCESS  | __main__:main:181 - ✅ Monitoramento 34 canais fonte.
2025-12-19 08:56:23.166 | INFO     | __main__:processar_oferta:101 - 🔎 Processando MERCADO LIVRE | MANUAL
2025-12-19 08:56:23.878 | INFO     | __main__:processar_oferta:112 - 📸 Baixando imagem do Telegram...
2025-12-19 08:56:28.318 | SUCCESS  | __main__:processar_oferta:132 - 📱 Oferta MERCADO LIVRE enviada no WhatsApp!
2025-12-19 08:56:29.827 | INFO     | __main__:processar_oferta:145 - 🧹 Imagem temporária removida.
2025-12-19 08:56:30.449 | SUCCESS  | __main__:processar_oferta:160 - 🐦 Tweet MERCADO LIVRE enviado com sucesso!
2025-12-19 08:58:22.076 | INFO     | __main__:processar_oferta:101 - 🔎 Processando AMAZON | AUTO
2025-12-19 08:58:22.545 | INFO     | __main__:processar_oferta:112 - 📸 Baixando imagem do Telegram...
2025-12-19 08:58:24.950 | SUCCESS  | __main__:processar_oferta:132 - 📱 Oferta AMAZON enviada no WhatsApp!
2025-12-19 08:58:26.454 | INFO     | __main__:processar_oferta:145 - 🧹 Imagem temporária removida.
2025-12-19 08:58:26.756 | SUCCESS  | __main__:processar_oferta:160 - 🐦 Tweet AMAZON enviado com sucesso!
2025-12-19 08:58:43.477 | WARNING  | src.core.link_router:resolver_link_real:28 - ⚠️ Erro ao resolver link https://t.me/TJGOFERTASs: 
2025-12-19 08:58:54.082 | INFO     | __main__:<module>:189 - 🚫 Bot desligado.
2025-12-19 08:59:03.698 | INFO     | __main__:<module>:26 - 🐭 INICIANDO O RATO GARIMPEIRO ENTERPRISE (Modo MULTILOJAS)...
2025-12-19 08:59:03.986 | SUCCESS  | __main__:<module>:37 - ✅ Sistemas Core iniciados!
2025-12-19 08:59:03.986 | SUCCESS  | __main__:<module>:52 - 🐦 Twitter/X conectado!
2025-12-19 08:59:04.944 | INFO     | __main__:main:170 - 👀 Validando canais fonte...
2025-12-19 08:59:05.638 | SUCCESS  | __main__:main:181 - ✅ Monitoramento 34 canais fonte.
2025-12-19 08:59:16.401 | INFO     | __main__:<module>:189 - 🚫 Bot desligado.
2025-12-19 09:00:38.902 | INFO     | __main__:<module>:26 - 🐭 INICIANDO O RATO GARIMPEIRO ENTERPRISE (Modo MULTILOJAS)...
2025-12-19 09:00:39.183 | SUCCESS  | __main__:<module>:37 - ✅ Sistemas Core iniciados!
2025-12-19 09:00:39.184 | SUCCESS  | __main__:<module>:52 - 🐦 Twitter/X conectado!
2025-12-19 09:00:40.186 | INFO     | __main__:main:166 - 👀 Validando canais fonte...
2025-12-19 09:00:40.934 | SUCCESS  | __main__:main:177 - ✅ Monitoramento 34 canais fonte.
2025-12-19 09:01:02.121 | INFO     | __main__:processar_oferta:100 - 🔎 Processando AMAZON | AUTO
2025-12-19 09:01:02.740 | INFO     | __main__:processar_oferta:111 - 📸 Baixando imagem do Telegram...
2025-12-19 09:01:05.425 | SUCCESS  | __main__:processar_oferta:130 - 📱 Oferta AMAZON enviada no WhatsApp!
2025-12-19 09:01:06.047 | SUCCESS  | __main__:processar_oferta:147 - 🐦 Tweet AMAZON enviado com sucesso!
2025-12-19 09:01:07.551 | INFO     | __main__:processar_oferta:156 - 🧹 Imagem temporária removida.
2025-12-19 09:01:29.851 | INFO     | __main__:processar_oferta:100 - 🔎 Processando SHOPEE | AUTO
2025-12-19 09:01:30.236 | INFO     | __main__:processar_oferta:111 - 📸 Baixando imagem do Telegram...
2025-12-19 09:01:30.983 | INFO     | __main__:processar_oferta:100 - 🔎 Processando AMAZON | AUTO
2025-12-19 09:01:31.457 | INFO     | __main__:processar_oferta:111 - 📸 Baixando imagem do Telegram...
2025-12-19 09:01:33.717 | SUCCESS  | __main__:processar_oferta:130 - 📱 Oferta SHOPEE enviada no WhatsApp!
2025-12-19 09:01:34.047 | SUCCESS  | __main__:processar_oferta:147 - 🐦 Tweet SHOPEE enviado com sucesso!
2025-12-19 09:01:35.562 | INFO     | __main__:processar_oferta:156 - 🧹 Imagem temporária removida.
2025-12-19 09:01:36.627 | INFO     | __main__:processar_oferta:100 - 🔎 Processando ALIEXPRESS | AUTO
2025-12-19 09:01:37.156 | INFO     | __main__:processar_oferta:111 - 📸 Baixando imagem do Telegram...
2025-12-19 09:01:37.531 | SUCCESS  | __main__:processar_oferta:130 - 📱 Oferta AMAZON enviada no WhatsApp!
2025-12-19 09:01:37.690 | ERROR    | __main__:processar_oferta:149 - ⚠️ Erro ao postar no X: 429 Too Many Requests
Too Many Requests
2025-12-19 09:01:39.204 | INFO     | __main__:processar_oferta:156 - 🧹 Imagem temporária removida.
2025-12-19 09:01:40.985 | SUCCESS  | __main__:processar_oferta:130 - 📱 Oferta ALIEXPRESS enviada no WhatsApp!
2025-12-19 09:01:41.155 | ERROR    | __main__:processar_oferta:149 - ⚠️ Erro ao postar no X: 429 Too Many Requests
Too Many Requests
2025-12-19 09:01:42.668 | INFO     | __main__:processar_oferta:156 - 🧹 Imagem temporária removida.
2025-12-19 09:02:20.178 | INFO     | __main__:processar_oferta:100 - 🔎 Processando AMAZON | AUTO
2025-12-19 09:02:20.641 | INFO     | __main__:processar_oferta:111 - 📸 Baixando imagem do Telegram...
2025-12-19 09:02:22.545 | SUCCESS  | __main__:processar_oferta:130 - 📱 Oferta AMAZON enviada no WhatsApp!
2025-12-19 09:02:22.717 | ERROR    | __main__:processar_oferta:149 - ⚠️ Erro ao postar no X: 429 Too Many Requests
Too Many Requests
2025-12-19 09:02:24.225 | INFO     | __main__:processar_oferta:156 - 🧹 Imagem temporária removida.
2025-12-19 09:03:41.120 | INFO     | __main__:processar_oferta:100 - 🔎 Processando AMAZON | AUTO
2025-12-19 09:03:41.123 | INFO     | __main__:processar_oferta:100 - 🔎 Processando AMAZON | AUTO
2025-12-19 09:03:41.533 | INFO     | __main__:processar_oferta:111 - 📸 Baixando imagem do Telegram...
2025-12-19 09:03:41.642 | INFO     | __main__:processar_oferta:111 - 📸 Baixando imagem do Telegram...
2025-12-19 09:03:42.666 | INFO     | __main__:processar_oferta:100 - 🔎 Processando AMAZON | AUTO
2025-12-19 09:03:43.351 | INFO     | __main__:processar_oferta:111 - 📸 Baixando imagem do Telegram...
2025-12-19 09:03:44.244 | SUCCESS  | __main__:processar_oferta:130 - 📱 Oferta AMAZON enviada no WhatsApp!
2025-12-19 09:03:44.410 | ERROR    | __main__:processar_oferta:149 - ⚠️ Erro ao postar no X: 429 Too Many Requests
Too Many Requests
2025-12-19 09:03:45.090 | SUCCESS  | __main__:processar_oferta:130 - 📱 Oferta AMAZON enviada no WhatsApp!
2025-12-19 09:03:45.250 | ERROR    | __main__:processar_oferta:149 - ⚠️ Erro ao postar no X: 429 Too Many Requests
Too Many Requests
2025-12-19 09:03:45.880 | SUCCESS  | __main__:processar_oferta:130 - 📱 Oferta AMAZON enviada no WhatsApp!
2025-12-19 09:03:46.061 | ERROR    | __main__:processar_oferta:149 - ⚠️ Erro ao postar no X: 429 Too Many Requests
Too Many Requests
2025-12-19 09:03:46.061 | INFO     | __main__:processar_oferta:156 - 🧹 Imagem temporária removida.
2025-12-19 09:03:46.755 | INFO     | __main__:processar_oferta:156 - 🧹 Imagem temporária removida.
2025-12-19 09:03:47.576 | INFO     | __main__:processar_oferta:156 - 🧹 Imagem temporária removida.
2025-12-19 09:04:30.685 | INFO     | __main__:<module>:185 - 🚫 Bot desligado.
2025-12-19 09:04:34.133 | INFO     | __main__:<module>:26 - 🐭 INICIANDO O RATO GARIMPEIRO ENTERPRISE (Modo MULTILOJAS)...
2025-12-19 09:04:34.421 | SUCCESS  | __main__:<module>:37 - ✅ Sistemas Core iniciados!
2025-12-19 09:04:34.421 | SUCCESS  | __main__:<module>:52 - 🐦 Twitter/X conectado!
2025-12-19 09:04:35.518 | INFO     | __main__:main:169 - 👀 Validando canais fonte...
2025-12-19 09:04:36.221 | SUCCESS  | __main__:main:180 - ✅ Monitoramento 34 canais fonte.
2025-12-19 09:05:36.852 | INFO     | __main__:processar_oferta:101 - 🔎 Processando AMAZON | AUTO
2025-12-19 09:05:37.013 | INFO     | __main__:processar_oferta:101 - 🔎 Processando AMAZON | AUTO
2025-12-19 09:05:37.452 | INFO     | __main__:processar_oferta:112 - 📸 Baixando imagem do Telegram...
2025-12-19 09:05:37.463 | INFO     | __main__:processar_oferta:112 - 📸 Baixando imagem do Telegram...
2025-12-19 09:05:37.610 | INFO     | __main__:processar_oferta:89 - ♻️ Oferta repetida ignorada: https://www.amazon.com.br/
2025-12-19 09:05:37.896 | INFO     | __main__:processar_oferta:89 - ♻️ Oferta repetida ignorada: https://kabum.onelink.me/civn
2025-12-19 09:05:37.912 | INFO     | __main__:processar_oferta:89 - ♻️ Oferta repetida ignorada: https://kabum.onelink.me/civn
2025-12-19 09:05:40.609 | SUCCESS  | __main__:processar_oferta:131 - 📱 Oferta AMAZON enviada no WhatsApp!
2025-12-19 09:05:41.059 | WARNING  | __main__:processar_oferta:152 - 🐦 X indisponível (429 ou erro): 429 Too Many Requests
Too Many Requests
2025-12-19 09:05:42.526 | SUCCESS  | __main__:processar_oferta:131 - 📱 Oferta AMAZON enviada no WhatsApp!
2025-12-19 09:05:42.689 | WARNING  | __main__:processar_oferta:152 - 🐦 X indisponível (429 ou erro): 429 Too Many Requests
Too Many Requests
2025-12-19 09:05:42.690 | INFO     | __main__:processar_oferta:159 - 🧹 Imagem temporária removida.
2025-12-19 09:05:44.200 | INFO     | __main__:processar_oferta:159 - 🧹 Imagem temporária removida.
2025-12-19 09:05:44.917 | INFO     | __main__:processar_oferta:101 - 🔎 Processando AMAZON | AUTO
2025-12-19 09:05:45.484 | INFO     | __main__:processar_oferta:112 - 📸 Baixando imagem do Telegram...
2025-12-19 09:05:47.387 | SUCCESS  | __main__:processar_oferta:131 - 📱 Oferta AMAZON enviada no WhatsApp!
2025-12-19 09:05:47.552 | WARNING  | __main__:processar_oferta:152 - 🐦 X indisponível (429 ou erro): 429 Too Many Requests
Too Many Requests
2025-12-19 09:05:49.068 | INFO     | __main__:processar_oferta:159 - 🧹 Imagem temporária removida.
2025-12-19 09:06:36.140 | INFO     | __main__:processar_oferta:89 - ♻️ Oferta repetida ignorada: https://www.amazon.com.br/events/nataldeofertas/2
2025-12-19 09:06:36.604 | INFO     | __main__:processar_oferta:89 - ♻️ Oferta repetida ignorada: https://www.amazon.com.br/prime
2025-12-19 09:06:36.766 | INFO     | __main__:processar_oferta:89 - ♻️ Oferta repetida ignorada: https://www.amazon.com.br/events/nataldeofertas/2
2025-12-19 09:06:36.940 | INFO     | __main__:processar_oferta:89 - ♻️ Oferta repetida ignorada: https://kabum.onelink.me/civn
2025-12-19 09:06:37.007 | INFO     | __main__:processar_oferta:89 - ♻️ Oferta repetida ignorada: https://kabum.onelink.me/civn
2025-12-19 09:06:37.251 | INFO     | __main__:processar_oferta:89 - ♻️ Oferta repetida ignorada: https://www.amazon.com.br/prime
2025-12-19 09:06:38.385 | INFO     | __main__:processar_oferta:89 - ♻️ Oferta repetida ignorada: https://kabum.onelink.me/civn
2025-12-19 09:07:37.003 | INFO     | __main__:processar_oferta:89 - ♻️ Oferta repetida ignorada: https://kabum.onelink.me/civn
2025-12-19 09:07:38.371 | INFO     | __main__:processar_oferta:89 - ♻️ Oferta repetida ignorada: https://kabum.onelink.me/civn
2025-12-19 09:08:37.026 | INFO     | __main__:processar_oferta:89 - ♻️ Oferta repetida ignorada: https://kabum.onelink.me/civn
2025-12-19 09:08:37.259 | INFO     | __main__:processar_oferta:89 - ♻️ Oferta repetida ignorada: https://kabum.onelink.me/civn
2025-12-19 09:08:38.597 | INFO     | __main__:processar_oferta:89 - ♻️ Oferta repetida ignorada: https://kabum.onelink.me/civn
2025-12-19 09:08:39.924 | INFO     | __main__:processar_oferta:89 - ♻️ Oferta repetida ignorada: https://kabum.onelink.me/civn
2025-12-19 09:08:41.267 | INFO     | __main__:processar_oferta:89 - ♻️ Oferta repetida ignorada: https://kabum.onelink.me/civn
2025-12-19 09:09:36.716 | INFO     | __main__:processar_oferta:89 - ♻️ Oferta repetida ignorada: https://kabum.onelink.me/civn
2025-12-19 09:10:36.906 | INFO     | __main__:processar_oferta:101 - 🔎 Processando AMAZON | AUTO
2025-12-19 09:10:36.927 | INFO     | __main__:processar_oferta:101 - 🔎 Processando MERCADO LIVRE | MANUAL
2025-12-19 09:10:37.077 | INFO     | __main__:processar_oferta:89 - ♻️ Oferta repetida ignorada: https://kabum.onelink.me/civn
2025-12-19 09:10:37.409 | INFO     | __main__:processar_oferta:112 - 📸 Baixando imagem do Telegram...
2025-12-19 09:10:37.477 | INFO     | __main__:processar_oferta:112 - 📸 Baixando imagem do Telegram...
2025-12-19 09:10:37.514 | INFO     | __main__:processar_oferta:89 - ♻️ Oferta repetida ignorada: https://www.amazon.com.br/dp/B0DX67RLWD
2025-12-19 09:10:38.975 | INFO     | __main__:processar_oferta:101 - 🔎 Processando AMAZON | AUTO
2025-12-19 09:10:39.618 | INFO     | __main__:processar_oferta:112 - 📸 Baixando imagem do Telegram...
2025-12-19 09:10:41.220 | SUCCESS  | __main__:processar_oferta:131 - 📱 Oferta AMAZON enviada no WhatsApp!
2025-12-19 09:10:41.236 | WARNING  | __main__:processar_oferta:152 - 🐦 X indisponível (429 ou erro): ('Connection aborted.', ConnectionResetError(10054, 'Foi forçado o cancelamento de uma conexão existente pelo host remoto', None, 10054, None))
2025-12-19 09:10:42.743 | INFO     | __main__:processar_oferta:159 - 🧹 Imagem temporária removida.
2025-12-19 09:10:42.823 | SUCCESS  | __main__:processar_oferta:131 - 📱 Oferta MERCADO LIVRE enviada no WhatsApp!
2025-12-19 09:10:44.325 | INFO     | __main__:processar_oferta:159 - 🧹 Imagem temporária removida.
2025-12-19 09:10:45.075 | SUCCESS  | __main__:processar_oferta:131 - 📱 Oferta AMAZON enviada no WhatsApp!
2025-12-19 09:10:45.537 | WARNING  | __main__:processar_oferta:152 - 🐦 X indisponível (429 ou erro): 429 Too Many Requests
Too Many Requests
2025-12-19 09:10:47.039 | INFO     | __main__:processar_oferta:159 - 🧹 Imagem temporária removida.
2025-12-19 09:11:37.099 | INFO     | __main__:processar_oferta:89 - ♻️ Oferta repetida ignorada: https://kabum.onelink.me/civn
2025-12-19 09:11:37.101 | INFO     | __main__:processar_oferta:89 - ♻️ Oferta repetida ignorada: https://kabum.onelink.me/civn
2025-12-19 09:11:37.947 | INFO     | __main__:processar_oferta:101 - 🔎 Processando AMAZON | AUTO
2025-12-19 09:11:38.365 | INFO     | __main__:processar_oferta:112 - 📸 Baixando imagem do Telegram...
2025-12-19 09:11:40.530 | SUCCESS  | __main__:processar_oferta:131 - 📱 Oferta AMAZON enviada no WhatsApp!
2025-12-19 09:11:40.692 | WARNING  | __main__:processar_oferta:152 - 🐦 X indisponível (429 ou erro): 429 Too Many Requests
Too Many Requests
2025-12-19 09:11:42.196 | INFO     | __main__:processar_oferta:159 - 🧹 Imagem temporária removida.
2025-12-19 09:12:37.115 | INFO     | __main__:processar_oferta:89 - ♻️ Oferta repetida ignorada: https://kabum.onelink.me/civn
2025-12-19 09:13:36.617 | INFO     | __main__:processar_oferta:101 - 🔎 Processando AMAZON | AUTO
2025-12-19 09:13:36.758 | INFO     | __main__:processar_oferta:89 - ♻️ Oferta repetida ignorada: https://r.amzlink.to/
2025-12-19 09:13:36.857 | INFO     | __main__:processar_oferta:89 - ♻️ Oferta repetida ignorada: https://r.amzlink.to/
2025-12-19 09:13:36.903 | INFO     | __main__:processar_oferta:101 - 🔎 Processando MERCADO LIVRE | MANUAL
2025-12-19 09:13:37.070 | INFO     | __main__:processar_oferta:112 - 📸 Baixando imagem do Telegram...
2025-12-19 09:13:37.316 | INFO     | __main__:processar_oferta:112 - 📸 Baixando imagem do Telegram...
2025-12-19 09:13:37.340 | INFO     | __main__:processar_oferta:89 - ♻️ Oferta repetida ignorada: https://kabum.onelink.me/civn
2025-12-19 09:13:40.383 | SUCCESS  | __main__:processar_oferta:131 - 📱 Oferta AMAZON enviada no WhatsApp!
2025-12-19 09:13:40.540 | WARNING  | __main__:processar_oferta:152 - 🐦 X indisponível (429 ou erro): 429 Too Many Requests
Too Many Requests
2025-12-19 09:13:41.946 | SUCCESS  | __main__:processar_oferta:131 - 📱 Oferta MERCADO LIVRE enviada no WhatsApp!
2025-12-19 09:13:42.042 | INFO     | __main__:processar_oferta:159 - 🧹 Imagem temporária removida.
2025-12-19 09:13:43.455 | INFO     | __main__:processar_oferta:159 - 🧹 Imagem temporária removida.
2025-12-19 09:14:36.914 | INFO     | __main__:processar_oferta:89 - ♻️ Oferta repetida ignorada: https://www.mercadolivre.com.br/social/agenciarice
2025-12-19 09:14:37.251 | INFO     | __main__:processar_oferta:89 - ♻️ Oferta repetida ignorada: https://kabum.onelink.me/civn
2025-12-19 09:15:36.868 | INFO     | __main__:processar_oferta:101 - 🔎 Processando MERCADO LIVRE | MANUAL
2025-12-19 09:15:37.252 | INFO     | __main__:processar_oferta:89 - ♻️ Oferta repetida ignorada: https://kabum.onelink.me/civn
2025-12-19 09:15:37.349 | INFO     | __main__:processar_oferta:112 - 📸 Baixando imagem do Telegram...
2025-12-19 09:15:38.564 | INFO     | __main__:processar_oferta:101 - 🔎 Processando AMAZON | AUTO
2025-12-19 09:15:39.144 | INFO     | __main__:processar_oferta:112 - 📸 Baixando imagem do Telegram...
2025-12-19 09:15:42.031 | SUCCESS  | __main__:processar_oferta:131 - 📱 Oferta MERCADO LIVRE enviada no WhatsApp!
2025-12-19 09:15:42.374 | SUCCESS  | __main__:processar_oferta:131 - 📱 Oferta AMAZON enviada no WhatsApp!
2025-12-19 09:15:42.535 | WARNING  | __main__:processar_oferta:152 - 🐦 X indisponível (429 ou erro): 429 Too Many Requests
Too Many Requests
2025-12-19 09:15:43.547 | INFO     | __main__:processar_oferta:159 - 🧹 Imagem temporária removida.
2025-12-19 09:15:44.042 | INFO     | __main__:processar_oferta:159 - 🧹 Imagem temporária removida.
2025-12-19 09:15:44.162 | INFO     | __main__:processar_oferta:89 - ♻️ Oferta repetida ignorada: https://nerdcupons.com
2025-12-19 09:16:36.804 | INFO     | __main__:processar_oferta:89 - ♻️ Oferta repetida ignorada: https://r.amzlink.to/
2025-12-19 09:16:36.849 | INFO     | __main__:processar_oferta:89 - ♻️ Oferta repetida ignorada: https://r.amzlink.to/
2025-12-19 09:16:37.716 | INFO     | __main__:processar_oferta:89 - ♻️ Oferta repetida ignorada: https://r.amzlink.to/
2025-12-19 09:16:38.082 | INFO     | __main__:processar_oferta:101 - 🔎 Processando AMAZON | AUTO
2025-12-19 09:16:38.547 | INFO     | __main__:processar_oferta:112 - 📸 Baixando imagem do Telegram...
2025-12-19 09:16:41.361 | SUCCESS  | __main__:processar_oferta:131 - 📱 Oferta AMAZON enviada no WhatsApp!
2025-12-19 09:16:41.524 | WARNING  | __main__:processar_oferta:152 - 🐦 X indisponível (429 ou erro): 429 Too Many Requests
Too Many Requests
2025-12-19 09:16:43.026 | INFO     | __main__:processar_oferta:159 - 🧹 Imagem temporária removida.
2025-12-19 09:16:43.117 | INFO     | __main__:processar_oferta:89 - ♻️ Oferta repetida ignorada: https://nerdcupons.com
2025-12-19 09:17:36.620 | INFO     | __main__:processar_oferta:101 - 🔎 Processando AMAZON | AUTO
2025-12-19 09:17:36.758 | INFO     | __main__:processar_oferta:101 - 🔎 Processando AMAZON | AUTO
2025-12-19 09:17:36.813 | INFO     | __main__:processar_oferta:89 - ♻️ Oferta repetida ignorada: https://r.amzlink.to/
2025-12-19 09:17:36.910 | INFO     | __main__:processar_oferta:89 - ♻️ Oferta repetida ignorada: https://r.amzlink.to/
2025-12-19 09:17:37.108 | INFO     | __main__:processar_oferta:112 - 📸 Baixando imagem do Telegram...
2025-12-19 09:17:37.247 | INFO     | __main__:processar_oferta:112 - 📸 Baixando imagem do Telegram...
2025-12-19 09:17:37.266 | INFO     | __main__:processar_oferta:89 - ♻️ Oferta repetida ignorada: https://kabum.onelink.me/civn
2025-12-19 09:17:39.457 | INFO     | __main__:processar_oferta:89 - ♻️ Oferta repetida ignorada: https://kabum.onelink.me/civn
2025-12-19 09:17:39.865 | SUCCESS  | __main__:processar_oferta:131 - 📱 Oferta AMAZON enviada no WhatsApp!
2025-12-19 09:17:40.030 | WARNING  | __main__:processar_oferta:152 - 🐦 X indisponível (429 ou erro): 429 Too Many Requests
Too Many Requests
2025-12-19 09:17:40.994 | SUCCESS  | __main__:processar_oferta:131 - 📱 Oferta AMAZON enviada no WhatsApp!
2025-12-19 09:17:41.161 | WARNING  | __main__:processar_oferta:152 - 🐦 X indisponível (429 ou erro): 429 Too Many Requests
Too Many Requests
2025-12-19 09:17:41.532 | INFO     | __main__:processar_oferta:159 - 🧹 Imagem temporária removida.
2025-12-19 09:17:42.667 | INFO     | __main__:processar_oferta:159 - 🧹 Imagem temporária removida.
2025-12-19 09:18:36.831 | INFO     | __main__:processar_oferta:101 - 🔎 Processando AMAZON | AUTO
2025-12-19 09:18:36.980 | INFO     | __main__:processar_oferta:89 - ♻️ Oferta repetida ignorada: https://kabum.onelink.me/civn
2025-12-19 09:18:37.379 | INFO     | __main__:processar_oferta:112 - 📸 Baixando imagem do Telegram...
2025-12-19 09:18:39.898 | SUCCESS  | __main__:processar_oferta:131 - 📱 Oferta AMAZON enviada no WhatsApp!
2025-12-19 09:18:40.061 | WARNING  | __main__:processar_oferta:152 - 🐦 X indisponível (429 ou erro): 429 Too Many Requests
Too Many Requests
2025-12-19 09:18:41.573 | INFO     | __main__:processar_oferta:159 - 🧹 Imagem temporária removida.
2025-12-19 09:19:36.078 | INFO     | __main__:processar_oferta:101 - 🔎 Processando AMAZON | AUTO
2025-12-19 09:19:36.440 | INFO     | __main__:processar_oferta:101 - 🔎 Processando AMAZON | AUTO
2025-12-19 09:19:36.567 | INFO     | __main__:processar_oferta:112 - 📸 Baixando imagem do Telegram...
2025-12-19 09:19:36.975 | INFO     | __main__:processar_oferta:112 - 📸 Baixando imagem do Telegram...
2025-12-19 09:19:37.866 | INFO     | __main__:processar_oferta:89 - ♻️ Oferta repetida ignorada: https://kabum.onelink.me/civn
2025-12-19 09:19:38.167 | INFO     | __main__:processar_oferta:101 - 🔎 Processando AMAZON | AUTO
2025-12-19 09:19:38.721 | INFO     | __main__:processar_oferta:112 - 📸 Baixando imagem do Telegram...
2025-12-19 09:19:39.787 | SUCCESS  | __main__:processar_oferta:131 - 📱 Oferta AMAZON enviada no WhatsApp!
2025-12-19 09:19:39.948 | WARNING  | __main__:processar_oferta:152 - 🐦 X indisponível (429 ou erro): 429 Too Many Requests
Too Many Requests
2025-12-19 09:19:39.949 | SUCCESS  | __main__:processar_oferta:131 - 📱 Oferta AMAZON enviada no WhatsApp!
2025-12-19 09:19:40.113 | WARNING  | __main__:processar_oferta:152 - 🐦 X indisponível (429 ou erro): 429 Too Many Requests
Too Many Requests
2025-12-19 09:19:41.456 | INFO     | __main__:processar_oferta:159 - 🧹 Imagem temporária removida.
2025-12-19 09:19:41.494 | SUCCESS  | __main__:processar_oferta:131 - 📱 Oferta AMAZON enviada no WhatsApp!
2025-12-19 09:19:41.653 | WARNING  | __main__:processar_oferta:152 - 🐦 X indisponível (429 ou erro): 429 Too Many Requests
Too Many Requests
2025-12-19 09:19:41.654 | INFO     | __main__:processar_oferta:159 - 🧹 Imagem temporária removida.
2025-12-19 09:19:43.164 | INFO     | __main__:processar_oferta:159 - 🧹 Imagem temporária removida.
2025-12-19 09:20:38.438 | INFO     | __main__:processar_oferta:89 - ♻️ Oferta repetida ignorada: https://www.amazon.com.br/dp/B0FGDK8DJM
2025-12-19 09:20:38.623 | INFO     | __main__:processar_oferta:101 - 🔎 Processando AMAZON | AUTO
2025-12-19 09:20:39.222 | INFO     | __main__:processar_oferta:112 - 📸 Baixando imagem do Telegram...
2025-12-19 09:20:42.136 | SUCCESS  | __main__:processar_oferta:131 - 📱 Oferta AMAZON enviada no WhatsApp!
2025-12-19 09:20:42.295 | WARNING  | __main__:processar_oferta:152 - 🐦 X indisponível (429 ou erro): 429 Too Many Requests
Too Many Requests
2025-12-19 09:20:43.806 | INFO     | __main__:processar_oferta:159 - 🧹 Imagem temporária removida.
2025-12-19 09:20:44.746 | INFO     | __main__:processar_oferta:89 - ♻️ Oferta repetida ignorada: https://t.me/TJGOFERTASs
2025-12-19 09:20:45.663 | INFO     | __main__:processar_oferta:89 - ♻️ Oferta repetida ignorada: https://t.me/PROMOSGERAISTJ
2025-12-19 09:20:46.478 | INFO     | __main__:processar_oferta:89 - ♻️ Oferta repetida ignorada: https://www.whatsapp.com/channel/0029Vb6EHc1KmCPTwxvrbT10
2025-12-19 09:21:37.113 | INFO     | __main__:processar_oferta:89 - ♻️ Oferta repetida ignorada: https://www.mercadolivre.com.br/social/xetdaspromocoes
2025-12-19 09:21:38.303 | INFO     | __main__:processar_oferta:89 - ♻️ Oferta repetida ignorada: https://www.amazon.com.br/gp/product/B0FPGF9J2J
2025-12-19 09:22:36.665 | INFO     | __main__:processar_oferta:101 - 🔎 Processando AMAZON | AUTO
2025-12-19 09:22:37.026 | INFO     | __main__:processar_oferta:101 - 🔎 Processando MERCADO LIVRE | MANUAL
2025-12-19 09:22:37.278 | INFO     | __main__:processar_oferta:112 - 📸 Baixando imagem do Telegram...
2025-12-19 09:22:37.482 | INFO     | __main__:processar_oferta:112 - 📸 Baixando imagem do Telegram...
2025-12-19 09:22:38.383 | INFO     | __main__:processar_oferta:101 - 🔎 Processando AMAZON | AUTO
2025-12-19 09:22:38.522 | INFO     | __main__:processar_oferta:101 - 🔎 Processando AMAZON | AUTO
2025-12-19 09:22:39.197 | INFO     | __main__:processar_oferta:112 - 📸 Baixando imagem do Telegram...
2025-12-19 09:22:39.399 | INFO     | __main__:processar_oferta:112 - 📸 Baixando imagem do Telegram...
2025-12-19 09:22:40.560 | SUCCESS  | __main__:processar_oferta:131 - 📱 Oferta AMAZON enviada no WhatsApp!
2025-12-19 09:22:40.725 | WARNING  | __main__:processar_oferta:152 - 🐦 X indisponível (429 ou erro): 429 Too Many Requests
Too Many Requests
2025-12-19 09:22:42.238 | INFO     | __main__:processar_oferta:159 - 🧹 Imagem temporária removida.
2025-12-19 09:22:42.280 | SUCCESS  | __main__:processar_oferta:131 - 📱 Oferta MERCADO LIVRE enviada no WhatsApp!
2025-12-19 09:22:42.605 | SUCCESS  | __main__:processar_oferta:131 - 📱 Oferta AMAZON enviada no WhatsApp!
2025-12-19 09:22:42.777 | WARNING  | __main__:processar_oferta:152 - 🐦 X indisponível (429 ou erro): 429 Too Many Requests
Too Many Requests
2025-12-19 09:22:42.952 | SUCCESS  | __main__:processar_oferta:131 - 📱 Oferta AMAZON enviada no WhatsApp!
2025-12-19 09:22:43.111 | WARNING  | __main__:processar_oferta:152 - 🐦 X indisponível (429 ou erro): 429 Too Many Requests
Too Many Requests
2025-12-19 09:22:43.789 | INFO     | __main__:processar_oferta:159 - 🧹 Imagem temporária removida.
2025-12-19 09:22:44.283 | INFO     | __main__:processar_oferta:159 - 🧹 Imagem temporária removida.
2025-12-19 09:22:44.627 | INFO     | __main__:processar_oferta:159 - 🧹 Imagem temporária removida.
2025-12-19 09:23:36.739 | INFO     | __main__:processar_oferta:89 - ♻️ Oferta repetida ignorada: https://www.amazon.com.br/Caixa-Boombox-BBS-01-B-Bluetooth-Preto/dp/B0D7W6Q7L9
2025-12-19 09:23:37.059 | INFO     | __main__:processar_oferta:89 - ♻️ Oferta repetida ignorada: https://www.mercadolivre.com.br/social/xetdaspromocoes
2025-12-19 09:23:38.377 | INFO     | __main__:processar_oferta:101 - 🔎 Processando AMAZON | AUTO
2025-12-19 09:23:38.458 | INFO     | __main__:processar_oferta:101 - 🔎 Processando AMAZON | AUTO
2025-12-19 09:23:38.500 | INFO     | __main__:processar_oferta:101 - 🔎 Processando AMAZON | AUTO
2025-12-19 09:23:38.846 | INFO     | __main__:processar_oferta:112 - 📸 Baixando imagem do Telegram...
2025-12-19 09:23:38.962 | INFO     | __main__:processar_oferta:112 - 📸 Baixando imagem do Telegram...
2025-12-19 09:23:39.002 | INFO     | __main__:processar_oferta:112 - 📸 Baixando imagem do Telegram...
2025-12-19 09:23:42.815 | SUCCESS  | __main__:processar_oferta:131 - 📱 Oferta AMAZON enviada no WhatsApp!
2025-12-19 09:23:42.977 | WARNING  | __main__:processar_oferta:152 - 🐦 X indisponível (429 ou erro): 429 Too Many Requests
Too Many Requests
2025-12-19 09:23:43.158 | SUCCESS  | __main__:processar_oferta:131 - 📱 Oferta AMAZON enviada no WhatsApp!
2025-12-19 09:23:43.327 | WARNING  | __main__:processar_oferta:152 - 🐦 X indisponível (429 ou erro): 429 Too Many Requests
Too Many Requests
2025-12-19 09:23:43.555 | SUCCESS  | __main__:processar_oferta:131 - 📱 Oferta AMAZON enviada no WhatsApp!
2025-12-19 09:23:43.715 | WARNING  | __main__:processar_oferta:152 - 🐦 X indisponível (429 ou erro): 429 Too Many Requests
Too Many Requests
2025-12-19 09:23:44.488 | INFO     | __main__:processar_oferta:159 - 🧹 Imagem temporária removida.
2025-12-19 09:23:44.830 | INFO     | __main__:processar_oferta:159 - 🧹 Imagem temporária removida.
2025-12-19 09:23:45.218 | INFO     | __main__:processar_oferta:159 - 🧹 Imagem temporária removida.
2025-12-19 09:24:37.929 | INFO     | __main__:processar_oferta:89 - ♻️ Oferta repetida ignorada: https://www.mercadolivre.com.br/social/promotom
2025-12-19 09:24:38.217 | INFO     | __main__:processar_oferta:89 - ♻️ Oferta repetida ignorada: https://descontostop.com/grupo-promocoes-whatsapp-telegram-cupom-desconto/
2025-12-19 09:24:39.170 | INFO     | __main__:processar_oferta:101 - 🔎 Processando AMAZON | AUTO
2025-12-19 09:24:39.660 | INFO     | __main__:processar_oferta:112 - 📸 Baixando imagem do Telegram...
2025-12-19 09:24:41.560 | SUCCESS  | __main__:processar_oferta:131 - 📱 Oferta AMAZON enviada no WhatsApp!
2025-12-19 09:24:41.722 | WARNING  | __main__:processar_oferta:152 - 🐦 X indisponível (429 ou erro): 429 Too Many Requests
Too Many Requests
2025-12-19 09:24:42.436 | INFO     | __main__:processar_oferta:101 - 🔎 Processando AMAZON | AUTO
2025-12-19 09:24:43.031 | INFO     | __main__:processar_oferta:112 - 📸 Baixando imagem do Telegram...
2025-12-19 09:24:43.223 | INFO     | __main__:processar_oferta:159 - 🧹 Imagem temporária removida.
2025-12-19 09:24:48.341 | SUCCESS  | __main__:processar_oferta:131 - 📱 Oferta AMAZON enviada no WhatsApp!
2025-12-19 09:24:48.500 | WARNING  | __main__:processar_oferta:152 - 🐦 X indisponível (429 ou erro): 429 Too Many Requests
Too Many Requests
2025-12-19 09:24:50.012 | INFO     | __main__:processar_oferta:159 - 🧹 Imagem temporária removida.
2025-12-19 09:25:36.456 | INFO     | __main__:processar_oferta:101 - 🔎 Processando AMAZON | AUTO
2025-12-19 09:25:36.919 | INFO     | __main__:processar_oferta:112 - 📸 Baixando imagem do Telegram...
2025-12-19 09:25:37.153 | INFO     | __main__:processar_oferta:89 - ♻️ Oferta repetida ignorada: https://www.mercadolivre.com.br/social/promozonevip
2025-12-19 09:25:38.652 | INFO     | __main__:processar_oferta:89 - ♻️ Oferta repetida ignorada: https://descontostop.com/grupo-promocoes-whatsapp-telegram-cupom-desconto/
2025-12-19 09:25:38.665 | SUCCESS  | __main__:processar_oferta:131 - 📱 Oferta AMAZON enviada no WhatsApp!
2025-12-19 09:25:38.826 | WARNING  | __main__:processar_oferta:152 - 🐦 X indisponível (429 ou erro): 429 Too Many Requests
Too Many Requests
2025-12-19 09:25:40.328 | INFO     | __main__:processar_oferta:159 - 🧹 Imagem temporária removida.
2025-12-19 09:26:36.821 | INFO     | __main__:processar_oferta:101 - 🔎 Processando AMAZON | AUTO
2025-12-19 09:26:37.380 | INFO     | __main__:processar_oferta:112 - 📸 Baixando imagem do Telegram...
2025-12-19 09:26:38.430 | INFO     | __main__:processar_oferta:101 - 🔎 Processando AMAZON | AUTO
2025-12-19 09:26:38.847 | INFO     | __main__:processar_oferta:112 - 📸 Baixando imagem do Telegram...
2025-12-19 09:26:42.203 | SUCCESS  | __main__:processar_oferta:131 - 📱 Oferta AMAZON enviada no WhatsApp!
2025-12-19 09:26:42.366 | WARNING  | __main__:processar_oferta:152 - 🐦 X indisponível (429 ou erro): 429 Too Many Requests
Too Many Requests
2025-12-19 09:26:43.142 | SUCCESS  | __main__:processar_oferta:131 - 📱 Oferta AMAZON enviada no WhatsApp!
2025-12-19 09:26:43.306 | WARNING  | __main__:processar_oferta:152 - 🐦 X indisponível (429 ou erro): 429 Too Many Requests
Too Many Requests
2025-12-19 09:26:43.870 | INFO     | __main__:processar_oferta:159 - 🧹 Imagem temporária removida.
2025-12-19 09:26:44.813 | INFO     | __main__:processar_oferta:159 - 🧹 Imagem temporária removida.
2025-12-19 09:26:45.375 | INFO     | __main__:processar_oferta:101 - 🔎 Processando AMAZON | AUTO
2025-12-19 09:26:45.900 | INFO     | __main__:processar_oferta:112 - 📸 Baixando imagem do Telegram...
2025-12-19 09:26:47.039 | INFO     | __main__:processar_oferta:101 - 🔎 Processando MERCADO LIVRE | MANUAL
2025-12-19 09:26:47.314 | INFO     | __main__:processar_oferta:101 - 🔎 Processando NETSHOES | MANUAL
2025-12-19 09:26:47.595 | INFO     | __main__:processar_oferta:112 - 📸 Baixando imagem do Telegram...
2025-12-19 09:26:48.166 | INFO     | __main__:processar_oferta:112 - 📸 Baixando imagem do Telegram...
2025-12-19 09:26:48.169 | INFO     | __main__:processar_oferta:101 - 🔎 Processando ALIEXPRESS | AUTO
2025-12-19 09:26:48.731 | INFO     | __main__:processar_oferta:112 - 📸 Baixando imagem do Telegram...
2025-12-19 09:26:50.614 | SUCCESS  | __main__:processar_oferta:131 - 📱 Oferta AMAZON enviada no WhatsApp!
2025-12-19 09:26:50.780 | WARNING  | __main__:processar_oferta:152 - 🐦 X indisponível (429 ou erro): 429 Too Many Requests
Too Many Requests
2025-12-19 09:26:51.381 | SUCCESS  | __main__:processar_oferta:131 - 📱 Oferta MERCADO LIVRE enviada no WhatsApp!
2025-12-19 09:26:52.288 | INFO     | __main__:processar_oferta:159 - 🧹 Imagem temporária removida.
2025-12-19 09:26:52.892 | INFO     | __main__:processar_oferta:159 - 🧹 Imagem temporária removida.
2025-12-19 09:26:52.939 | SUCCESS  | __main__:processar_oferta:131 - 📱 Oferta NETSHOES enviada no WhatsApp!
2025-12-19 09:26:52.958 | INFO     | __main__:processar_oferta:101 - 🔎 Processando AMAZON | AUTO
2025-12-19 09:26:53.464 | INFO     | __main__:processar_oferta:112 - 📸 Baixando imagem do Telegram...
2025-12-19 09:26:54.045 | SUCCESS  | __main__:processar_oferta:131 - 📱 Oferta ALIEXPRESS enviada no WhatsApp!
2025-12-19 09:26:54.214 | WARNING  | __main__:processar_oferta:152 - 🐦 X indisponível (429 ou erro): 429 Too Many Requests
Too Many Requests
2025-12-19 09:26:54.449 | INFO     | __main__:processar_oferta:159 - 🧹 Imagem temporária removida.
2025-12-19 09:26:55.516 | INFO     | __main__:processar_oferta:101 - 🔎 Processando NETSHOES | MANUAL
2025-12-19 09:26:55.728 | INFO     | __main__:processar_oferta:159 - 🧹 Imagem temporária removida.
2025-12-19 09:26:55.973 | INFO     | __main__:processar_oferta:112 - 📸 Baixando imagem do Telegram...
2025-12-19 09:26:58.309 | SUCCESS  | __main__:processar_oferta:131 - 📱 Oferta AMAZON enviada no WhatsApp!
2025-12-19 09:26:58.472 | WARNING  | __main__:processar_oferta:152 - 🐦 X indisponível (429 ou erro): 429 Too Many Requests
Too Many Requests
2025-12-19 09:26:58.949 | INFO     | __main__:processar_oferta:101 - 🔎 Processando ALIEXPRESS | AUTO
2025-12-19 09:26:59.371 | INFO     | __main__:processar_oferta:112 - 📸 Baixando imagem do Telegram...
2025-12-19 09:26:59.953 | SUCCESS  | __main__:processar_oferta:131 - 📱 Oferta NETSHOES enviada no WhatsApp!
2025-12-19 09:26:59.975 | INFO     | __main__:processar_oferta:159 - 🧹 Imagem temporária removida.
2025-12-19 09:27:01.464 | INFO     | __main__:processar_oferta:159 - 🧹 Imagem temporária removida.
2025-12-19 09:27:04.516 | SUCCESS  | __main__:processar_oferta:131 - 📱 Oferta ALIEXPRESS enviada no WhatsApp!
2025-12-19 09:27:04.681 | WARNING  | __main__:processar_oferta:152 - 🐦 X indisponível (429 ou erro): 429 Too Many Requests
Too Many Requests
2025-12-19 09:27:06.184 | INFO     | __main__:processar_oferta:159 - 🧹 Imagem temporária removida.
2025-12-19 09:27:36.681 | INFO     | __main__:processar_oferta:101 - 🔎 Processando AMAZON | AUTO
2025-12-19 09:27:37.032 | INFO     | __main__:processar_oferta:101 - 🔎 Processando MERCADO LIVRE | MANUAL
2025-12-19 09:27:37.044 | INFO     | __main__:processar_oferta:101 - 🔎 Processando MERCADO LIVRE | MANUAL
2025-12-19 09:27:37.129 | INFO     | __main__:processar_oferta:112 - 📸 Baixando imagem do Telegram...
2025-12-19 09:27:37.480 | INFO     | __main__:processar_oferta:112 - 📸 Baixando imagem do Telegram...
2025-12-19 09:27:37.549 | INFO     | __main__:processar_oferta:112 - 📸 Baixando imagem do Telegram...
2025-12-19 09:27:41.053 | SUCCESS  | __main__:processar_oferta:131 - 📱 Oferta MERCADO LIVRE enviada no WhatsApp!
2025-12-19 09:27:41.472 | SUCCESS  | __main__:processar_oferta:131 - 📱 Oferta MERCADO LIVRE enviada no WhatsApp!
2025-12-19 09:27:42.561 | INFO     | __main__:processar_oferta:159 - 🧹 Imagem temporária removida.
2025-12-19 09:27:42.937 | SUCCESS  | __main__:processar_oferta:131 - 📱 Oferta AMAZON enviada no WhatsApp!
2025-12-19 09:27:43.098 | WARNING  | __main__:processar_oferta:152 - 🐦 X indisponível (429 ou erro): 429 Too Many Requests
Too Many Requests
2025-12-19 09:27:43.099 | INFO     | __main__:processar_oferta:159 - 🧹 Imagem temporária removida.
2025-12-19 09:27:44.610 | INFO     | __main__:processar_oferta:159 - 🧹 Imagem temporária removida.
2025-12-19 09:28:36.722 | INFO     | __main__:processar_oferta:101 - 🔎 Processando AMAZON | AUTO
2025-12-19 09:28:36.989 | INFO     | __main__:processar_oferta:101 - 🔎 Processando AMAZON | AUTO
2025-12-19 09:28:37.088 | INFO     | __main__:processar_oferta:89 - ♻️ Oferta repetida ignorada: https://r.amzlink.to/
2025-12-19 09:28:37.224 | INFO     | __main__:processar_oferta:112 - 📸 Baixando imagem do Telegram...
2025-12-19 09:28:37.451 | INFO     | __main__:processar_oferta:112 - 📸 Baixando imagem do Telegram...
2025-12-19 09:28:42.571 | SUCCESS  | __main__:processar_oferta:131 - 📱 Oferta AMAZON enviada no WhatsApp!
2025-12-19 09:28:42.736 | WARNING  | __main__:processar_oferta:152 - 🐦 X indisponível (429 ou erro): 429 Too Many Requests
Too Many Requests
2025-12-19 09:28:43.057 | SUCCESS  | __main__:processar_oferta:131 - 📱 Oferta AMAZON enviada no WhatsApp!
2025-12-19 09:28:43.218 | WARNING  | __main__:processar_oferta:152 - 🐦 X indisponível (429 ou erro): 429 Too Many Requests
Too Many Requests
2025-12-19 09:28:44.238 | INFO     | __main__:processar_oferta:159 - 🧹 Imagem temporária removida.
2025-12-19 09:28:44.734 | INFO     | __main__:processar_oferta:159 - 🧹 Imagem temporária removida.
2025-12-19 09:29:36.767 | INFO     | __main__:processar_oferta:89 - ♻️ Oferta repetida ignorada: https://www.amazon.com.br/dp/B0D7W6Q7L9
2025-12-19 09:29:36.883 | INFO     | __main__:processar_oferta:89 - ♻️ Oferta repetida ignorada: https://nerdcupons.com
2025-12-19 09:30:36.951 | INFO     | __main__:processar_oferta:101 - 🔎 Processando MERCADO LIVRE | MANUAL
2025-12-19 09:30:36.998 | INFO     | __main__:processar_oferta:89 - ♻️ Oferta repetida ignorada: https://www.amazon.com.br/dp/B0DJ9TBJW2
2025-12-19 09:30:37.058 | INFO     | __main__:processar_oferta:89 - ♻️ Oferta repetida ignorada: https://www.amazon.com.br/dp/B0DWGTV4J5
2025-12-19 09:30:37.087 | INFO     | __main__:processar_oferta:89 - ♻️ Oferta repetida ignorada: https://nerdcupons.com
2025-12-19 09:30:37.156 | INFO     | __main__:processar_oferta:89 - ♻️ Oferta repetida ignorada: https://r.amzlink.to/
2025-12-19 09:30:37.162 | INFO     | __main__:processar_oferta:89 - ♻️ Oferta repetida ignorada: https://www.mercadolivre.com.br/social/promozonevip
2025-12-19 09:30:37.168 | INFO     | __main__:processar_oferta:89 - ♻️ Oferta repetida ignorada: https://nerdcupons.com
2025-12-19 09:30:37.290 | INFO     | __main__:processar_oferta:101 - 🔎 Processando MERCADO LIVRE | MANUAL
2025-12-19 09:30:37.362 | INFO     | __main__:processar_oferta:112 - 📸 Baixando imagem do Telegram...
2025-12-19 09:30:37.427 | INFO     | __main__:processar_oferta:89 - ♻️ Oferta repetida ignorada: https://www.mercadolivre.com.br/social/nerdofertas
2025-12-19 09:30:37.754 | INFO     | __main__:processar_oferta:112 - 📸 Baixando imagem do Telegram...
2025-12-19 09:30:38.719 | INFO     | __main__:processar_oferta:89 - ♻️ Oferta repetida ignorada: https://www.amazon.com.br/dp/B0FGDK8DJM
2025-12-19 09:30:38.772 | INFO     | __main__:processar_oferta:101 - 🔎 Processando AMAZON | AUTO
2025-12-19 09:30:39.327 | INFO     | __main__:processar_oferta:112 - 📸 Baixando imagem do Telegram...
2025-12-19 09:30:40.968 | SUCCESS  | __main__:processar_oferta:131 - 📱 Oferta MERCADO LIVRE enviada no WhatsApp!
2025-12-19 09:30:41.317 | INFO     | __main__:processar_oferta:101 - 🔎 Processando AMAZON | AUTO
2025-12-19 09:30:41.334 | SUCCESS  | __main__:processar_oferta:131 - 📱 Oferta MERCADO LIVRE enviada no WhatsApp!
2025-12-19 09:30:41.792 | INFO     | __main__:processar_oferta:112 - 📸 Baixando imagem do Telegram...
2025-12-19 09:30:42.596 | INFO     | __main__:processar_oferta:159 - 🧹 Imagem temporária removida.
2025-12-19 09:30:42.848 | INFO     | __main__:processar_oferta:159 - 🧹 Imagem temporária removida.
2025-12-19 09:30:45.354 | SUCCESS  | __main__:processar_oferta:131 - 📱 Oferta AMAZON enviada no WhatsApp!
2025-12-19 09:30:45.522 | WARNING  | __main__:processar_oferta:152 - 🐦 X indisponível (429 ou erro): 429 Too Many Requests
Too Many Requests
2025-12-19 09:30:46.681 | SUCCESS  | __main__:processar_oferta:131 - 📱 Oferta AMAZON enviada no WhatsApp!
2025-12-19 09:30:46.840 | WARNING  | __main__:processar_oferta:152 - 🐦 X indisponível (429 ou erro): 429 Too Many Requests
Too Many Requests
2025-12-19 09:30:47.025 | INFO     | __main__:processar_oferta:159 - 🧹 Imagem temporária removida.
2025-12-19 09:30:48.348 | INFO     | __main__:processar_oferta:159 - 🧹 Imagem temporária removida.
2025-12-19 09:30:49.264 | INFO     | __main__:processar_oferta:101 - 🔎 Processando AMAZON | AUTO
2025-12-19 09:30:49.724 | INFO     | __main__:processar_oferta:112 - 📸 Baixando imagem do Telegram...
2025-12-19 09:30:54.349 | SUCCESS  | __main__:processar_oferta:131 - 📱 Oferta AMAZON enviada no WhatsApp!
2025-12-19 09:30:54.515 | WARNING  | __main__:processar_oferta:152 - 🐦 X indisponível (429 ou erro): 429 Too Many Requests
Too Many Requests
2025-12-19 09:30:56.018 | INFO     | __main__:processar_oferta:159 - 🧹 Imagem temporária removida.
2025-12-19 09:30:56.703 | INFO     | __main__:processar_oferta:89 - ♻️ Oferta repetida ignorada: https://www.amazon.com.br/dp/B0FPGF9J2J
2025-12-19 09:30:58.939 | INFO     | __main__:processar_oferta:101 - 🔎 Processando AMAZON | AUTO
2025-12-19 09:30:59.497 | INFO     | __main__:processar_oferta:112 - 📸 Baixando imagem do Telegram...
2025-12-19 09:31:02.438 | INFO     | __main__:processar_oferta:89 - ♻️ Oferta repetida ignorada: https://www.amazon.com.br/dp/B0DWQK1Q8S
2025-12-19 09:31:02.544 | INFO     | __main__:processar_oferta:89 - ♻️ Oferta repetida ignorada: https://nerdcupons.com
2025-12-19 09:31:04.513 | SUCCESS  | __main__:processar_oferta:131 - 📱 Oferta AMAZON enviada no WhatsApp!
2025-12-19 09:31:04.674 | WARNING  | __main__:processar_oferta:152 - 🐦 X indisponível (429 ou erro): 429 Too Many Requests
Too Many Requests
2025-12-19 09:31:06.185 | INFO     | __main__:processar_oferta:159 - 🧹 Imagem temporária removida.
2025-12-19 09:31:07.181 | INFO     | __main__:processar_oferta:101 - 🔎 Processando AMAZON | AUTO
2025-12-19 09:31:07.681 | INFO     | __main__:processar_oferta:112 - 📸 Baixando imagem do Telegram...
2025-12-19 09:31:12.341 | SUCCESS  | __main__:processar_oferta:131 - 📱 Oferta AMAZON enviada no WhatsApp!
2025-12-19 09:31:12.507 | WARNING  | __main__:processar_oferta:152 - 🐦 X indisponível (429 ou erro): 429 Too Many Requests
Too Many Requests
2025-12-19 09:31:14.010 | INFO     | __main__:processar_oferta:159 - 🧹 Imagem temporária removida.
2025-12-19 09:31:36.932 | INFO     | __main__:processar_oferta:89 - ♻️ Oferta repetida ignorada: https://www.amazon.com.br/dp/B0D7W6Q7L9
2025-12-19 09:32:37.262 | INFO     | __main__:processar_oferta:89 - ♻️ Oferta repetida ignorada: https://www.mercadolivre.com.br/social/agenciarice
2025-12-19 09:33:37.238 | INFO     | __main__:processar_oferta:89 - ♻️ Oferta repetida ignorada: https://www.mercadolivre.com.br/social/mesprom
2025-12-19 09:33:37.371 | INFO     | __main__:processar_oferta:89 - ♻️ Oferta repetida ignorada: https://www.mercadolivre.com.br/social/xetdaspromocoes
2025-12-19 09:34:36.706 | INFO     | __main__:processar_oferta:89 - ♻️ Oferta repetida ignorada: https://www.amazon.com.br/dp/B0F1QN9C6S
2025-12-19 09:34:36.982 | INFO     | __main__:processar_oferta:89 - ♻️ Oferta repetida ignorada: https://www.mercadolivre.com.br/social/agenciarice
2025-12-19 09:34:37.301 | INFO     | __main__:processar_oferta:89 - ♻️ Oferta repetida ignorada: https://www.amazon.com.br/dp/B0DJ9TBJW2
2025-12-19 09:34:37.916 | INFO     | __main__:processar_oferta:101 - 🔎 Processando AMAZON | AUTO
2025-12-19 09:34:38.472 | INFO     | __main__:processar_oferta:112 - 📸 Baixando imagem do Telegram...
2025-12-19 09:34:42.863 | SUCCESS  | __main__:processar_oferta:131 - 📱 Oferta AMAZON enviada no WhatsApp!
2025-12-19 09:34:42.878 | WARNING  | __main__:processar_oferta:152 - 🐦 X indisponível (429 ou erro): ('Connection aborted.', ConnectionResetError(10054, 'Foi forçado o cancelamento de uma conexão existente pelo host remoto', None, 10054, None))
2025-12-19 09:34:44.381 | INFO     | __main__:processar_oferta:159 - 🧹 Imagem temporária removida.
2025-12-19 09:34:44.564 | INFO     | __main__:processar_oferta:89 - ♻️ Oferta repetida ignorada: https://nerdcupons.com
2025-12-19 09:35:37.286 | INFO     | __main__:processar_oferta:89 - ♻️ Oferta repetida ignorada: https://www.amazon.com.br/dp/B0DJ9TBJW2
2025-12-19 09:35:37.410 | INFO     | __main__:processar_oferta:89 - ♻️ Oferta repetida ignorada: https://www.mercadolivre.com.br/social/promozonevip
2025-12-19 09:36:28.932 | INFO     | __main__:processar_oferta:89 - ♻️ Oferta repetida ignorada: https://www.amazon.com.br/dp/B0DWQK1Q8S
2025-12-19 09:36:29.066 | INFO     | __main__:processar_oferta:101 - 🔎 Processando AMAZON | AUTO
2025-12-19 09:36:29.181 | INFO     | __main__:processar_oferta:101 - 🔎 Processando AMAZON | AUTO
2025-12-19 09:36:29.535 | INFO     | __main__:processar_oferta:112 - 📸 Baixando imagem do Telegram...
2025-12-19 09:36:29.629 | INFO     | __main__:processar_oferta:112 - 📸 Baixando imagem do Telegram...
2025-12-19 09:36:30.696 | INFO     | __main__:processar_oferta:89 - ♻️ Oferta repetida ignorada: https://descontostop.com/grupo-promocoes-whatsapp-telegram-cupom-desconto/
2025-12-19 09:36:34.393 | SUCCESS  | __main__:processar_oferta:131 - 📱 Oferta AMAZON enviada no WhatsApp!
2025-12-19 09:36:34.840 | WARNING  | __main__:processar_oferta:152 - 🐦 X indisponível (429 ou erro): 429 Too Many Requests
Too Many Requests
2025-12-19 09:36:35.643 | SUCCESS  | __main__:processar_oferta:131 - 📱 Oferta AMAZON enviada no WhatsApp!
2025-12-19 09:36:35.807 | WARNING  | __main__:processar_oferta:152 - 🐦 X indisponível (429 ou erro): 429 Too Many Requests
Too Many Requests
2025-12-19 09:36:36.356 | INFO     | __main__:processar_oferta:159 - 🧹 Imagem temporária removida.
2025-12-19 09:36:37.319 | INFO     | __main__:processar_oferta:159 - 🧹 Imagem temporária removida.
2025-12-19 09:37:37.066 | INFO     | __main__:processar_oferta:89 - ♻️ Oferta repetida ignorada: https://www.amazon.com.br/
2025-12-19 09:38:37.095 | INFO     | __main__:processar_oferta:89 - ♻️ Oferta repetida ignorada: https://www.amazon.com.br/Smartphone-Xiaomi-Poco-Black-Preto/dp/B0DQLLZP94
2025-12-19 09:38:38.186 | INFO     | __main__:processar_oferta:101 - 🔎 Processando NETSHOES | MANUAL
2025-12-19 09:38:38.431 | INFO     | __main__:processar_oferta:89 - ♻️ Oferta repetida ignorada: https://descontostop.com/grupo-promocoes-whatsapp-telegram-cupom-desconto/
2025-12-19 09:38:38.624 | INFO     | __main__:processar_oferta:112 - 📸 Baixando imagem do Telegram...
2025-12-19 09:38:38.662 | INFO     | __main__:processar_oferta:89 - ♻️ Oferta repetida ignorada: https://www.amazon.com.br/dp/B0BLS1XM8L
2025-12-19 09:38:43.291 | SUCCESS  | __main__:processar_oferta:131 - 📱 Oferta NETSHOES enviada no WhatsApp!
2025-12-19 09:38:44.804 | INFO     | __main__:processar_oferta:159 - 🧹 Imagem temporária removida.
2025-12-19 09:39:36.996 | INFO     | __main__:processar_oferta:101 - 🔎 Processando AMAZON | AUTO
2025-12-19 09:39:37.103 | INFO     | __main__:processar_oferta:89 - ♻️ Oferta repetida ignorada: https://www.amazon.com.br/dp/B095X7BPXH
2025-12-19 09:39:37.137 | INFO     | __main__:processar_oferta:101 - 🔎 Processando AMAZON | AUTO
2025-12-19 09:39:37.187 | INFO     | __main__:processar_oferta:101 - 🔎 Processando AMAZON | AUTO
2025-12-19 09:39:37.439 | INFO     | __main__:processar_oferta:112 - 📸 Baixando imagem do Telegram...
2025-12-19 09:39:37.615 | INFO     | __main__:processar_oferta:112 - 📸 Baixando imagem do Telegram...
2025-12-19 09:39:37.708 | INFO     | __main__:processar_oferta:101 - 🔎 Processando AMAZON | AUTO
2025-12-19 09:39:37.722 | INFO     | __main__:processar_oferta:112 - 📸 Baixando imagem do Telegram...
2025-12-19 09:39:38.439 | INFO     | __main__:processar_oferta:112 - 📸 Baixando imagem do Telegram...
2025-12-19 09:39:39.137 | INFO     | __main__:processar_oferta:89 - ♻️ Oferta repetida ignorada: https://www.amazon.com.br/dp/B0FGDK8DJM
2025-12-19 09:39:41.094 | INFO     | __main__:processar_oferta:89 - ♻️ Oferta repetida ignorada: https://www.amazon.com.br/dp/B0CYVVRSSZ
2025-12-19 09:39:41.733 | INFO     | __main__:processar_oferta:89 - ♻️ Oferta repetida ignorada: https://www.amazon.com.br/dp/B0DWV5Z7LC
2025-12-19 09:39:43.226 | SUCCESS  | __main__:processar_oferta:131 - 📱 Oferta AMAZON enviada no WhatsApp!
2025-12-19 09:39:43.238 | WARNING  | __main__:processar_oferta:152 - 🐦 X indisponível (429 ou erro): ('Connection aborted.', ConnectionResetError(10054, 'Foi forçado o cancelamento de uma conexão existente pelo host remoto', None, 10054, None))
2025-12-19 09:39:43.949 | INFO     | __main__:processar_oferta:89 - ♻️ Oferta repetida ignorada: https://www.amazon.com.br/dp/B0FPGF9J2J
2025-12-19 09:39:44.277 | SUCCESS  | __main__:processar_oferta:131 - 📱 Oferta AMAZON enviada no WhatsApp!
2025-12-19 09:39:44.735 | WARNING  | __main__:processar_oferta:152 - 🐦 X indisponível (429 ou erro): 429 Too Many Requests
Too Many Requests
2025-12-19 09:39:44.738 | SUCCESS  | __main__:processar_oferta:131 - 📱 Oferta AMAZON enviada no WhatsApp!
2025-12-19 09:39:44.896 | WARNING  | __main__:processar_oferta:152 - 🐦 X indisponível (429 ou erro): 429 Too Many Requests
Too Many Requests
2025-12-19 09:39:44.897 | INFO     | __main__:processar_oferta:159 - 🧹 Imagem temporária removida.
2025-12-19 09:39:44.960 | INFO     | __main__:processar_oferta:89 - ♻️ Oferta repetida ignorada: https://www.amazon.com.br/dp/B0DGQW76S4
2025-12-19 09:39:45.059 | SUCCESS  | __main__:processar_oferta:131 - 📱 Oferta AMAZON enviada no WhatsApp!
2025-12-19 09:39:45.219 | WARNING  | __main__:processar_oferta:152 - 🐦 X indisponível (429 ou erro): 429 Too Many Requests
Too Many Requests
2025-12-19 09:39:46.247 | INFO     | __main__:processar_oferta:159 - 🧹 Imagem temporária removida.
2025-12-19 09:39:46.316 | INFO     | __main__:processar_oferta:89 - ♻️ Oferta repetida ignorada: https://www.amazon.com.br/
2025-12-19 09:39:46.402 | INFO     | __main__:processar_oferta:159 - 🧹 Imagem temporária removida.
2025-12-19 09:39:46.425 | INFO     | __main__:processar_oferta:89 - ♻️ Oferta repetida ignorada: https://nerdcupons.com
2025-12-19 09:39:46.726 | INFO     | __main__:processar_oferta:159 - 🧹 Imagem temporária removida.
2025-12-19 09:39:46.842 | INFO     | __main__:processar_oferta:89 - ♻️ Oferta repetida ignorada: https://nerdcupons.com
2025-12-19 09:39:46.915 | INFO     | __main__:processar_oferta:89 - ♻️ Oferta repetida ignorada: https://www.amazon.com.br/dp/B095XC34QS
2025-12-19 09:40:38.138 | INFO     | __main__:processar_oferta:89 - ♻️ Oferta repetida ignorada: https://www.pelando.com.br/grupos/
2025-12-19 09:41:37.491 | INFO     | __main__:processar_oferta:89 - ♻️ Oferta repetida ignorada: https://r.amzlink.to/
2025-12-19 09:42:37.153 | INFO     | __main__:processar_oferta:101 - 🔎 Processando AMAZON | AUTO
2025-12-19 09:42:37.786 | INFO     | __main__:processar_oferta:112 - 📸 Baixando imagem do Telegram...
2025-12-19 09:42:37.927 | INFO     | __main__:processar_oferta:89 - ♻️ Oferta repetida ignorada: https://star.aliexpress.com/share/share.htm
2025-12-19 09:42:39.588 | SUCCESS  | __main__:processar_oferta:131 - 📱 Oferta AMAZON enviada no WhatsApp!
2025-12-19 09:42:39.599 | WARNING  | __main__:processar_oferta:152 - 🐦 X indisponível (429 ou erro): ('Connection aborted.', ConnectionResetError(10054, 'Foi forçado o cancelamento de uma conexão existente pelo host remoto', None, 10054, None))
2025-12-19 09:42:40.889 | INFO     | __main__:processar_oferta:101 - 🔎 Processando ALIEXPRESS | AUTO
2025-12-19 09:42:41.101 | INFO     | __main__:processar_oferta:159 - 🧹 Imagem temporária removida.
2025-12-19 09:42:41.243 | INFO     | __main__:processar_oferta:112 - 📸 Baixando imagem do Telegram...
2025-12-19 09:42:45.917 | SUCCESS  | __main__:processar_oferta:131 - 📱 Oferta ALIEXPRESS enviada no WhatsApp!
2025-12-19 09:42:46.370 | WARNING  | __main__:processar_oferta:152 - 🐦 X indisponível (429 ou erro): 429 Too Many Requests
Too Many Requests
2025-12-19 09:42:47.872 | INFO     | __main__:processar_oferta:159 - 🧹 Imagem temporária removida.
2025-12-19 09:43:38.052 | INFO     | __main__:processar_oferta:101 - 🔎 Processando MERCADO LIVRE | MANUAL
2025-12-19 09:43:38.405 | INFO     | __main__:processar_oferta:89 - ♻️ Oferta repetida ignorada: https://descontostop.com/grupo-promocoes-whatsapp-telegram-cupom-desconto/
2025-12-19 09:43:38.552 | INFO     | __main__:processar_oferta:112 - 📸 Baixando imagem do Telegram...
2025-12-19 09:43:38.849 | INFO     | __main__:processar_oferta:89 - ♻️ Oferta repetida ignorada: https://www.amazon.com.br/dp/B0F1QN9C6S
2025-12-19 09:43:41.603 | SUCCESS  | __main__:processar_oferta:131 - 📱 Oferta MERCADO LIVRE enviada no WhatsApp!
2025-12-19 09:43:43.119 | INFO     | __main__:processar_oferta:159 - 🧹 Imagem temporária removida.
2025-12-19 09:43:55.018 | INFO     | __main__:processar_oferta:89 - ♻️ Oferta repetida ignorada: https://r.amzlink.to/
2025-12-19 09:44:37.454 | INFO     | __main__:processar_oferta:89 - ♻️ Oferta repetida ignorada: https://r.amzlink.to/
2025-12-19 09:44:38.826 | INFO     | __main__:processar_oferta:101 - 🔎 Processando AMAZON | AUTO
2025-12-19 09:44:39.303 | INFO     | __main__:processar_oferta:112 - 📸 Baixando imagem do Telegram...
2025-12-19 09:44:43.047 | SUCCESS  | __main__:processar_oferta:131 - 📱 Oferta AMAZON enviada no WhatsApp!
2025-12-19 09:44:43.209 | WARNING  | __main__:processar_oferta:152 - 🐦 X indisponível (429 ou erro): 429 Too Many Requests
Too Many Requests
2025-12-19 09:44:44.713 | INFO     | __main__:processar_oferta:159 - 🧹 Imagem temporária removida.
2025-12-19 09:45:37.227 | INFO     | __main__:processar_oferta:101 - 🔎 Processando AMAZON | AUTO
2025-12-19 09:45:37.706 | INFO     | __main__:processar_oferta:112 - 📸 Baixando imagem do Telegram...
2025-12-19 09:45:38.311 | INFO     | __main__:processar_oferta:89 - ♻️ Oferta repetida ignorada: https://www.mercadolivre.com.br/social/promozonevip
2025-12-19 09:45:38.311 | INFO     | __main__:processar_oferta:89 - ♻️ Oferta repetida ignorada: https://www.mercadolivre.com.br/social/desconto
2025-12-19 09:45:39.140 | INFO     | __main__:processar_oferta:89 - ♻️ Oferta repetida ignorada: https://star.aliexpress.com/share/share.htm
2025-12-19 09:45:41.857 | INFO     | __main__:processar_oferta:101 - 🔎 Processando ALIEXPRESS | AUTO
2025-12-19 09:45:41.983 | SUCCESS  | __main__:processar_oferta:131 - 📱 Oferta AMAZON enviada no WhatsApp!
2025-12-19 09:45:42.145 | WARNING  | __main__:processar_oferta:152 - 🐦 X indisponível (429 ou erro): 429 Too Many Requests
Too Many Requests
2025-12-19 09:45:42.333 | INFO     | __main__:processar_oferta:112 - 📸 Baixando imagem do Telegram...
2025-12-19 09:45:43.658 | INFO     | __main__:processar_oferta:159 - 🧹 Imagem temporária removida.
2025-12-19 09:45:47.640 | SUCCESS  | __main__:processar_oferta:131 - 📱 Oferta ALIEXPRESS enviada no WhatsApp!
2025-12-19 09:45:47.800 | WARNING  | __main__:processar_oferta:152 - 🐦 X indisponível (429 ou erro): 429 Too Many Requests
Too Many Requests
2025-12-19 09:45:49.313 | INFO     | __main__:processar_oferta:159 - 🧹 Imagem temporária removida.
2025-12-19 09:46:37.591 | INFO     | __main__:processar_oferta:89 - ♻️ Oferta repetida ignorada: https://r.amzlink.to/
2025-12-19 09:47:37.609 | INFO     | __main__:processar_oferta:89 - ♻️ Oferta repetida ignorada: https://r.amzlink.to/
2025-12-19 09:49:37.224 | INFO     | __main__:processar_oferta:89 - ♻️ Oferta repetida ignorada: https://www.amazon.com.br/dp/B0FGDK8DJM
2025-12-19 09:49:37.248 | INFO     | __main__:processar_oferta:101 - 🔎 Processando AMAZON | AUTO
2025-12-19 09:49:37.752 | INFO     | __main__:processar_oferta:112 - 📸 Baixando imagem do Telegram...
2025-12-19 09:49:37.829 | INFO     | __main__:processar_oferta:89 - ♻️ Oferta repetida ignorada: https://www.amazon.com.br/dp/B0CYVVRSSZ
2025-12-19 09:49:38.510 | INFO     | __main__:processar_oferta:89 - ♻️ Oferta repetida ignorada: https://descontostop.com/grupo-promocoes-whatsapp-telegram-cupom-desconto/
2025-12-19 09:49:38.511 | INFO     | __main__:processar_oferta:101 - 🔎 Processando AMAZON | AUTO
2025-12-19 09:49:38.591 | INFO     | __main__:processar_oferta:89 - ♻️ Oferta repetida ignorada: https://www.amazon.com.br/dp/B0DWV5Z7LC
2025-12-19 09:49:39.087 | INFO     | __main__:processar_oferta:112 - 📸 Baixando imagem do Telegram...
2025-12-19 09:49:39.443 | INFO     | __main__:processar_oferta:89 - ♻️ Oferta repetida ignorada: https://www.amazon.com.br/dp/B0FPGF9J2J
2025-12-19 09:49:40.636 | INFO     | __main__:processar_oferta:89 - ♻️ Oferta repetida ignorada: https://www.amazon.com.br/dp/B0DGQW76S4
2025-12-19 09:49:41.853 | SUCCESS  | __main__:processar_oferta:131 - 📱 Oferta AMAZON enviada no WhatsApp!
2025-12-19 09:49:41.868 | WARNING  | __main__:processar_oferta:152 - 🐦 X indisponível (429 ou erro): ('Connection aborted.', ConnectionResetError(10054, 'Foi forçado o cancelamento de uma conexão existente pelo host remoto', None, 10054, None))
2025-12-19 09:49:42.888 | INFO     | __main__:processar_oferta:89 - ♻️ Oferta repetida ignorada: https://www.amazon.com.br/dp/B0F8R9NDXC
2025-12-19 09:49:43.379 | INFO     | __main__:processar_oferta:159 - 🧹 Imagem temporária removida.
2025-12-19 09:49:43.925 | SUCCESS  | __main__:processar_oferta:131 - 📱 Oferta AMAZON enviada no WhatsApp!
2025-12-19 09:49:44.386 | WARNING  | __main__:processar_oferta:152 - 🐦 X indisponível (429 ou erro): 429 Too Many Requests
Too Many Requests
2025-12-19 09:49:44.389 | INFO     | __main__:processar_oferta:89 - ♻️ Oferta repetida ignorada: https://www.amazon.com.br/prime
2025-12-19 09:49:45.898 | INFO     | __main__:processar_oferta:159 - 🧹 Imagem temporária removida.
2025-12-19 09:50:37.318 | INFO     | __main__:processar_oferta:101 - 🔎 Processando AMAZON | AUTO
2025-12-19 09:50:37.794 | INFO     | __main__:processar_oferta:112 - 📸 Baixando imagem do Telegram...
2025-12-19 09:50:43.401 | SUCCESS  | __main__:processar_oferta:131 - 📱 Oferta AMAZON enviada no WhatsApp!
2025-12-19 09:50:43.602 | WARNING  | __main__:processar_oferta:152 - 🐦 X indisponível (429 ou erro): 429 Too Many Requests
Too Many Requests
2025-12-19 09:50:45.112 | INFO     | __main__:processar_oferta:159 - 🧹 Imagem temporária removida.
2025-12-19 09:50:45.583 | INFO     | __main__:processar_oferta:89 - ♻️ Oferta repetida ignorada: https://www.amazon.com.br/prime
2025-12-19 09:51:37.341 | INFO     | __main__:processar_oferta:89 - ♻️ Oferta repetida ignorada: https://www.amazon.com.br/gp/product/B0FPGF9J2J
2025-12-19 09:51:37.396 | INFO     | __main__:processar_oferta:101 - 🔎 Processando SHOPEE | AUTO
2025-12-19 09:51:37.789 | INFO     | __main__:processar_oferta:89 - ♻️ Oferta repetida ignorada: https://www.amazon.com.br/prime
2025-12-19 09:51:37.930 | INFO     | __main__:processar_oferta:112 - 📸 Baixando imagem do Telegram...
2025-12-19 09:51:38.826 | INFO     | __main__:processar_oferta:89 - ♻️ Oferta repetida ignorada: https://descontostop.com/grupo-promocoes-whatsapp-telegram-cupom-desconto/
2025-12-19 09:51:42.580 | SUCCESS  | __main__:processar_oferta:131 - 📱 Oferta SHOPEE enviada no WhatsApp!
2025-12-19 09:51:42.744 | WARNING  | __main__:processar_oferta:152 - 🐦 X indisponível (429 ou erro): 429 Too Many Requests
Too Many Requests
2025-12-19 09:51:44.254 | INFO     | __main__:processar_oferta:159 - 🧹 Imagem temporária removida.
2025-12-19 09:52:37.556 | INFO     | __main__:processar_oferta:89 - ♻️ Oferta repetida ignorada: https://www.amazon.com.br/dp/B0FGDK8DJM
2025-12-19 09:52:39.128 | INFO     | __main__:processar_oferta:89 - ♻️ Oferta repetida ignorada: https://www.amazon.com.br/dp/B0DJ9TBJW2
2025-12-19 09:52:39.754 | INFO     | __main__:processar_oferta:89 - ♻️ Oferta repetida ignorada: https://www.amazon.com.br/dp/B0F1QN9C6S
2025-12-19 09:52:39.998 | INFO     | __main__:processar_oferta:89 - ♻️ Oferta repetida ignorada: https://www.amazon.com.br/dp/B0CYVVRSSZ
2025-12-19 09:52:40.201 | INFO     | __main__:processar_oferta:89 - ♻️ Oferta repetida ignorada: https://www.amazon.com.br/prime
2025-12-19 09:52:42.457 | INFO     | __main__:processar_oferta:89 - ♻️ Oferta repetida ignorada: https://www.amazon.com.br/dp/B0DWV5Z7LC
2025-12-19 09:52:43.027 | INFO     | __main__:processar_oferta:89 - ♻️ Oferta repetida ignorada: https://www.amazon.com.br/dp/B0FPGF9J2J
2025-12-19 09:52:45.260 | INFO     | __main__:processar_oferta:89 - ♻️ Oferta repetida ignorada: https://www.amazon.com.br/dp/B0DGQW76S4
2025-12-19 09:52:45.793 | INFO     | __main__:processar_oferta:89 - ♻️ Oferta repetida ignorada: https://www.amazon.com.br/dp/B0F8R9NDXC
2025-12-19 09:53:37.207 | INFO     | __main__:processar_oferta:101 - 🔎 Processando AMAZON | AUTO
2025-12-19 09:53:37.743 | INFO     | __main__:processar_oferta:112 - 📸 Baixando imagem do Telegram...
2025-12-19 09:53:48.487 | SUCCESS  | __main__:processar_oferta:131 - 📱 Oferta AMAZON enviada no WhatsApp!
2025-12-19 09:53:49.194 | WARNING  | __main__:processar_oferta:152 - 🐦 X indisponível (429 ou erro): 429 Too Many Requests
Too Many Requests
2025-12-19 09:53:50.696 | INFO     | __main__:processar_oferta:159 - 🧹 Imagem temporária removida.
2025-12-19 09:53:53.385 | INFO     | __main__:processar_oferta:101 - 🔎 Processando AMAZON | AUTO
2025-12-19 09:53:53.842 | INFO     | __main__:processar_oferta:112 - 📸 Baixando imagem do Telegram...
2025-12-19 09:53:58.913 | SUCCESS  | __main__:processar_oferta:131 - 📱 Oferta AMAZON enviada no WhatsApp!
2025-12-19 09:53:59.074 | WARNING  | __main__:processar_oferta:152 - 🐦 X indisponível (429 ou erro): 429 Too Many Requests
Too Many Requests
2025-12-19 09:54:00.584 | INFO     | __main__:processar_oferta:159 - 🧹 Imagem temporária removida.
2025-12-19 09:54:03.448 | INFO     | __main__:processar_oferta:101 - 🔎 Processando AMAZON | AUTO
2025-12-19 09:54:03.894 | INFO     | __main__:processar_oferta:112 - 📸 Baixando imagem do Telegram...
2025-12-19 09:54:08.451 | SUCCESS  | __main__:processar_oferta:131 - 📱 Oferta AMAZON enviada no WhatsApp!
2025-12-19 09:54:08.613 | WARNING  | __main__:processar_oferta:152 - 🐦 X indisponível (429 ou erro): 429 Too Many Requests
Too Many Requests
2025-12-19 09:54:10.116 | INFO     | __main__:processar_oferta:159 - 🧹 Imagem temporária removida.
2025-12-19 09:54:37.251 | INFO     | __main__:processar_oferta:89 - ♻️ Oferta repetida ignorada: https://www.amazon.com.br/stores/page/765C18AC-926D-4DDB-AB7A-3417DC818C77/search
2025-12-19 09:54:37.711 | INFO     | __main__:processar_oferta:89 - ♻️ Oferta repetida ignorada: https://www.amazon.com.br/dp/B0777P13MN
2025-12-19 09:54:38.170 | INFO     | __main__:processar_oferta:101 - 🔎 Processando AMAZON | AUTO
2025-12-19 09:54:38.574 | INFO     | __main__:processar_oferta:89 - ♻️ Oferta repetida ignorada: https://www.amazon.com.br/dp/B076XKZ69G
2025-12-19 09:54:38.657 | INFO     | __main__:processar_oferta:112 - 📸 Baixando imagem do Telegram...
2025-12-19 09:54:38.694 | INFO     | __main__:processar_oferta:89 - ♻️ Oferta repetida ignorada: https://nerdcupons.com
2025-12-19 09:54:43.614 | SUCCESS  | __main__:processar_oferta:131 - 📱 Oferta AMAZON enviada no WhatsApp!
2025-12-19 09:54:43.777 | WARNING  | __main__:processar_oferta:152 - 🐦 X indisponível (429 ou erro): 429 Too Many Requests
Too Many Requests
2025-12-19 09:54:45.287 | INFO     | __main__:processar_oferta:159 - 🧹 Imagem temporária removida.
2025-12-19 09:55:37.250 | INFO     | __main__:processar_oferta:101 - 🔎 Processando AMAZON | AUTO
2025-12-19 09:55:37.525 | INFO     | __main__:processar_oferta:101 - 🔎 Processando AMAZON | AUTO
2025-12-19 09:55:37.867 | INFO     | __main__:processar_oferta:112 - 📸 Baixando imagem do Telegram...
2025-12-19 09:55:38.001 | INFO     | __main__:processar_oferta:112 - 📸 Baixando imagem do Telegram...
2025-12-19 09:55:43.301 | SUCCESS  | __main__:processar_oferta:131 - 📱 Oferta AMAZON enviada no WhatsApp!
2025-12-19 09:55:43.501 | WARNING  | __main__:processar_oferta:152 - 🐦 X indisponível (429 ou erro): 429 Too Many Requests
Too Many Requests
2025-12-19 09:55:44.537 | SUCCESS  | __main__:processar_oferta:131 - 📱 Oferta AMAZON enviada no WhatsApp!
2025-12-19 09:55:44.700 | WARNING  | __main__:processar_oferta:152 - 🐦 X indisponível (429 ou erro): 429 Too Many Requests
Too Many Requests
2025-12-19 09:55:45.013 | INFO     | __main__:processar_oferta:159 - 🧹 Imagem temporária removida.
2025-12-19 09:55:46.207 | INFO     | __main__:processar_oferta:159 - 🧹 Imagem temporária removida.
2025-12-19 09:56:37.580 | INFO     | __main__:processar_oferta:89 - ♻️ Oferta repetida ignorada: https://www.mercadolivre.com.br/social/promotom
2025-12-19 09:56:37.665 | INFO     | __main__:processar_oferta:89 - ♻️ Oferta repetida ignorada: https://www.mercadolivre.com.br/social/promotom
2025-12-19 09:57:37.273 | INFO     | __main__:processar_oferta:101 - 🔎 Processando AMAZON | AUTO
2025-12-19 09:57:37.411 | INFO     | __main__:processar_oferta:89 - ♻️ Oferta repetida ignorada: https://www.amazon.com.br/dp/B0FGDK8DJM
2025-12-19 09:57:37.723 | INFO     | __main__:processar_oferta:89 - ♻️ Oferta repetida ignorada: https://www.mercadolivre.com.br/social/nerdofertas
2025-12-19 09:57:37.738 | INFO     | __main__:processar_oferta:89 - ♻️ Oferta repetida ignorada: https://www.mercadolivre.com.br/social/nerdofertas
2025-12-19 09:57:37.746 | INFO     | __main__:processar_oferta:89 - ♻️ Oferta repetida ignorada: https://www.mercadolivre.com.br/social/agenciarice
2025-12-19 09:57:37.792 | INFO     | __main__:processar_oferta:112 - 📸 Baixando imagem do Telegram...
2025-12-19 09:57:42.400 | SUCCESS  | __main__:processar_oferta:131 - 📱 Oferta AMAZON enviada no WhatsApp!
2025-12-19 09:57:42.560 | WARNING  | __main__:processar_oferta:152 - 🐦 X indisponível (429 ou erro): 429 Too Many Requests
Too Many Requests
2025-12-19 09:57:44.074 | INFO     | __main__:processar_oferta:159 - 🧹 Imagem temporária removida.
2025-12-19 09:58:37.710 | INFO     | __main__:processar_oferta:89 - ♻️ Oferta repetida ignorada: https://www.amazon.com.br/stores/page/765C18AC-926D-4DDB-AB7A-3417DC818C77/search
2025-12-19 09:58:38.212 | INFO     | __main__:processar_oferta:89 - ♻️ Oferta repetida ignorada: https://www.amazon.com.br/stores/page/765C18AC-926D-4DDB-AB7A-3417DC818C77/search
2025-12-19 09:59:37.402 | INFO     | __main__:processar_oferta:101 - 🔎 Processando AMAZON | AUTO
2025-12-19 09:59:37.405 | INFO     | __main__:processar_oferta:89 - ♻️ Oferta repetida ignorada: https://www.amazon.com.br/EOS-Power-Branco-ELR2107LSB-220V/dp/B0DWGTV4J5
2025-12-19 09:59:37.446 | INFO     | __main__:processar_oferta:89 - ♻️ Oferta repetida ignorada: https://www.amazon.com.br/stores/page/765C18AC-926D-4DDB-AB7A-3417DC818C77/search
2025-12-19 09:59:37.837 | INFO     | __main__:processar_oferta:112 - 📸 Baixando imagem do Telegram...
2025-12-19 09:59:37.899 | INFO     | __main__:processar_oferta:89 - ♻️ Oferta repetida ignorada: https://www.amazon.com.br/stores/page/765C18AC-926D-4DDB-AB7A-3417DC818C77/search
2025-12-19 09:59:41.602 | SUCCESS  | __main__:processar_oferta:131 - 📱 Oferta AMAZON enviada no WhatsApp!
2025-12-19 09:59:41.764 | WARNING  | __main__:processar_oferta:152 - 🐦 X indisponível (429 ou erro): 429 Too Many Requests
Too Many Requests
2025-12-19 09:59:43.266 | INFO     | __main__:processar_oferta:159 - 🧹 Imagem temporária removida.
2025-12-19 10:00:37.515 | INFO     | __main__:processar_oferta:101 - 🔎 Processando AMAZON | AUTO
2025-12-19 10:00:37.517 | INFO     | __main__:processar_oferta:89 - ♻️ Oferta repetida ignorada: https://www.pelando.com.br/grupos/
2025-12-19 10:00:37.520 | INFO     | __main__:processar_oferta:101 - 🔎 Processando AMAZON | AUTO
2025-12-19 10:00:37.912 | INFO     | __main__:processar_oferta:112 - 📸 Baixando imagem do Telegram...
2025-12-19 10:00:38.335 | INFO     | __main__:processar_oferta:112 - 📸 Baixando imagem do Telegram...
2025-12-19 10:00:39.753 | INFO     | __main__:processar_oferta:89 - ♻️ Oferta repetida ignorada: https://descontostop.com/grupo-promocoes-whatsapp-telegram-cupom-desconto/
2025-12-19 10:00:42.903 | SUCCESS  | __main__:processar_oferta:131 - 📱 Oferta AMAZON enviada no WhatsApp!
2025-12-19 10:00:43.076 | WARNING  | __main__:processar_oferta:152 - 🐦 X indisponível (429 ou erro): 429 Too Many Requests
Too Many Requests
2025-12-19 10:00:43.357 | SUCCESS  | __main__:processar_oferta:131 - 📱 Oferta AMAZON enviada no WhatsApp!
2025-12-19 10:00:43.518 | WARNING  | __main__:processar_oferta:152 - 🐦 X indisponível (429 ou erro): 429 Too Many Requests
Too Many Requests
2025-12-19 10:00:44.584 | INFO     | __main__:processar_oferta:159 - 🧹 Imagem temporária removida.
2025-12-19 10:00:45.033 | INFO     | __main__:processar_oferta:159 - 🧹 Imagem temporária removida.
2025-12-19 10:00:45.542 | INFO     | __main__:processar_oferta:101 - 🔎 Processando AMAZON | AUTO
2025-12-19 10:00:46.031 | INFO     | __main__:processar_oferta:112 - 📸 Baixando imagem do Telegram...
2025-12-19 10:00:47.832 | INFO     | __main__:processar_oferta:89 - ♻️ Oferta repetida ignorada: https://www.mercadolivre.com.br/social/promozonevip
2025-12-19 10:00:50.690 | SUCCESS  | __main__:processar_oferta:131 - 📱 Oferta AMAZON enviada no WhatsApp!
2025-12-19 10:00:50.853 | WARNING  | __main__:processar_oferta:152 - 🐦 X indisponível (429 ou erro): 429 Too Many Requests
Too Many Requests
2025-12-19 10:00:52.356 | INFO     | __main__:processar_oferta:159 - 🧹 Imagem temporária removida.
2025-12-19 10:00:52.833 | INFO     | __main__:processar_oferta:89 - ♻️ Oferta repetida ignorada: https://www.amazon.com.br/dp/B0FPMXPK34
2025-12-19 10:00:53.307 | INFO     | __main__:processar_oferta:89 - ♻️ Oferta repetida ignorada: https://www.amazon.com.br/dp/B0BLS1XM8L
2025-12-19 10:00:53.773 | INFO     | __main__:processar_oferta:101 - 🔎 Processando AMAZON | AUTO
2025-12-19 10:00:54.526 | INFO     | __main__:processar_oferta:112 - 📸 Baixando imagem do Telegram...
2025-12-19 10:00:59.351 | SUCCESS  | __main__:processar_oferta:131 - 📱 Oferta AMAZON enviada no WhatsApp!
2025-12-19 10:00:59.510 | WARNING  | __main__:processar_oferta:152 - 🐦 X indisponível (429 ou erro): 429 Too Many Requests
Too Many Requests
2025-12-19 10:01:01.023 | INFO     | __main__:processar_oferta:159 - 🧹 Imagem temporária removida.
2025-12-19 10:01:01.502 | INFO     | __main__:processar_oferta:89 - ♻️ Oferta repetida ignorada: https://www.amazon.com.br/dp/B0FR6N4WWH
2025-12-19 10:01:01.970 | INFO     | __main__:processar_oferta:101 - 🔎 Processando AMAZON | AUTO
2025-12-19 10:01:02.492 | INFO     | __main__:processar_oferta:112 - 📸 Baixando imagem do Telegram...
2025-12-19 10:01:07.485 | SUCCESS  | __main__:processar_oferta:131 - 📱 Oferta AMAZON enviada no WhatsApp!
2025-12-19 10:01:07.645 | WARNING  | __main__:processar_oferta:152 - 🐦 X indisponível (429 ou erro): 429 Too Many Requests
Too Many Requests
2025-12-19 10:01:09.150 | INFO     | __main__:processar_oferta:159 - 🧹 Imagem temporária removida.
2025-12-19 10:02:36.995 | INFO     | __main__:processar_oferta:89 - ♻️ Oferta repetida ignorada: https://www.amazon.com.br/Condicionado-Split-Elgin-Inverter-45HJFI18C2WC/dp/B0DJ9TBJW2
2025-12-19 10:02:38.259 | INFO     | __main__:processar_oferta:89 - ♻️ Oferta repetida ignorada: https://descontostop.com/grupo-promocoes-whatsapp-telegram-cupom-desconto/
2025-12-19 10:03:37.410 | INFO     | __main__:processar_oferta:101 - 🔎 Processando AMAZON | AUTO
2025-12-19 10:03:37.812 | INFO     | __main__:processar_oferta:112 - 📸 Baixando imagem do Telegram...
2025-12-19 10:03:42.728 | SUCCESS  | __main__:processar_oferta:131 - 📱 Oferta AMAZON enviada no WhatsApp!
2025-12-19 10:03:42.742 | WARNING  | __main__:processar_oferta:152 - 🐦 X indisponível (429 ou erro): ('Connection aborted.', ConnectionResetError(10054, 'Foi forçado o cancelamento de uma conexão existente pelo host remoto', None, 10054, None))
2025-12-19 10:03:44.249 | INFO     | __main__:processar_oferta:159 - 🧹 Imagem temporária removida.
2025-12-19 10:04:37.200 | INFO     | __main__:processar_oferta:101 - 🔎 Processando SHOPEE | AUTO
2025-12-19 10:04:37.307 | INFO     | __main__:processar_oferta:89 - ♻️ Oferta repetida ignorada: https://www.mercadolivre.com.br/social/xetdaspromocoes
2025-12-19 10:04:37.842 | INFO     | __main__:processar_oferta:112 - 📸 Baixando imagem do Telegram...
2025-12-19 10:04:41.140 | SUCCESS  | __main__:processar_oferta:131 - 📱 Oferta SHOPEE enviada no WhatsApp!
2025-12-19 10:04:41.590 | WARNING  | __main__:processar_oferta:152 - 🐦 X indisponível (429 ou erro): 429 Too Many Requests
Too Many Requests
2025-12-19 10:04:43.100 | INFO     | __main__:processar_oferta:159 - 🧹 Imagem temporária removida.
2025-12-19 10:04:43.800 | INFO     | __main__:processar_oferta:101 - 🔎 Processando SHOPEE | AUTO
2025-12-19 10:04:45.651 | INFO     | __main__:processar_oferta:112 - 📸 Baixando imagem do Telegram...
2025-12-19 10:04:48.581 | SUCCESS  | __main__:processar_oferta:131 - 📱 Oferta SHOPEE enviada no WhatsApp!
2025-12-19 10:04:48.745 | WARNING  | __main__:processar_oferta:152 - 🐦 X indisponível (429 ou erro): 429 Too Many Requests
Too Many Requests
2025-12-19 10:04:50.260 | INFO     | __main__:processar_oferta:159 - 🧹 Imagem temporária removida.
2025-12-19 10:04:50.959 | INFO     | __main__:processar_oferta:101 - 🔎 Processando SHOPEE | AUTO
2025-12-19 10:04:51.727 | INFO     | __main__:processar_oferta:112 - 📸 Baixando imagem do Telegram...
2025-12-19 10:04:53.606 | SUCCESS  | __main__:processar_oferta:131 - 📱 Oferta SHOPEE enviada no WhatsApp!
2025-12-19 10:04:53.767 | WARNING  | __main__:processar_oferta:152 - 🐦 X indisponível (429 ou erro): 429 Too Many Requests
Too Many Requests
2025-12-19 10:04:55.268 | INFO     | __main__:processar_oferta:159 - 🧹 Imagem temporária removida.
2025-12-19 10:05:37.728 | INFO     | __main__:processar_oferta:101 - 🔎 Processando SHOPEE | AUTO
2025-12-19 10:05:37.731 | INFO     | __main__:processar_oferta:101 - 🔎 Processando SHOPEE | AUTO
2025-12-19 10:05:37.744 | INFO     | __main__:processar_oferta:101 - 🔎 Processando SHOPEE | AUTO
2025-12-19 10:05:37.846 | INFO     | __main__:processar_oferta:89 - ♻️ Oferta repetida ignorada: https://s.shopee.com.br/30fk4tl3lu
2025-12-19 10:05:38.301 | INFO     | __main__:processar_oferta:112 - 📸 Baixando imagem do Telegram...
2025-12-19 10:05:38.304 | INFO     | __main__:processar_oferta:112 - 📸 Baixando imagem do Telegram...
2025-12-19 10:05:38.380 | INFO     | __main__:processar_oferta:112 - 📸 Baixando imagem do Telegram...
2025-12-19 10:05:38.522 | INFO     | __main__:processar_oferta:101 - 🔎 Processando SHOPEE | AUTO
2025-12-19 10:05:39.669 | INFO     | __main__:processar_oferta:112 - 📸 Baixando imagem do Telegram...
2025-12-19 10:05:40.111 | INFO     | __main__:processar_oferta:89 - ♻️ Oferta repetida ignorada: https://descontostop.com/grupo-promocoes-whatsapp-telegram-cupom-desconto/
2025-12-19 10:05:43.630 | SUCCESS  | __main__:processar_oferta:131 - 📱 Oferta SHOPEE enviada no WhatsApp!
2025-12-19 10:05:43.800 | WARNING  | __main__:processar_oferta:152 - 🐦 X indisponível (429 ou erro): 429 Too Many Requests
Too Many Requests
2025-12-19 10:05:43.964 | SUCCESS  | __main__:processar_oferta:131 - 📱 Oferta SHOPEE enviada no WhatsApp!
2025-12-19 10:05:44.126 | WARNING  | __main__:processar_oferta:152 - 🐦 X indisponível (429 ou erro): 429 Too Many Requests
Too Many Requests
2025-12-19 10:05:44.291 | SUCCESS  | __main__:processar_oferta:131 - 📱 Oferta SHOPEE enviada no WhatsApp!
2025-12-19 10:05:44.454 | WARNING  | __main__:processar_oferta:152 - 🐦 X indisponível (429 ou erro): 429 Too Many Requests
Too Many Requests
2025-12-19 10:05:44.624 | SUCCESS  | __main__:processar_oferta:131 - 📱 Oferta SHOPEE enviada no WhatsApp!
2025-12-19 10:05:44.954 | WARNING  | __main__:processar_oferta:152 - 🐦 X indisponível (429 ou erro): 429 Too Many Requests
Too Many Requests
2025-12-19 10:05:45.303 | INFO     | __main__:processar_oferta:159 - 🧹 Imagem temporária removida.
2025-12-19 10:05:45.421 | INFO     | __main__:processar_oferta:89 - ♻️ Oferta repetida ignorada: https://nerdcupons.com
2025-12-19 10:05:45.627 | INFO     | __main__:processar_oferta:159 - 🧹 Imagem temporária removida.
2025-12-19 10:05:45.968 | INFO     | __main__:processar_oferta:159 - 🧹 Imagem temporária removida.
2025-12-19 10:05:46.464 | INFO     | __main__:processar_oferta:159 - 🧹 Imagem temporária removida.
2025-12-19 10:05:46.653 | INFO     | __main__:processar_oferta:101 - 🔎 Processando SHOPEE | AUTO
2025-12-19 10:05:47.120 | INFO     | __main__:processar_oferta:101 - 🔎 Processando SHOPEE | AUTO
2025-12-19 10:05:47.177 | INFO     | __main__:processar_oferta:112 - 📸 Baixando imagem do Telegram...
2025-12-19 10:05:47.571 | INFO     | __main__:processar_oferta:112 - 📸 Baixando imagem do Telegram...
2025-12-19 10:05:50.052 | SUCCESS  | __main__:processar_oferta:131 - 📱 Oferta SHOPEE enviada no WhatsApp!
2025-12-19 10:05:50.217 | WARNING  | __main__:processar_oferta:152 - 🐦 X indisponível (429 ou erro): 429 Too Many Requests
Too Many Requests
2025-12-19 10:05:50.366 | SUCCESS  | __main__:processar_oferta:131 - 📱 Oferta SHOPEE enviada no WhatsApp!
2025-12-19 10:05:50.529 | WARNING  | __main__:processar_oferta:152 - 🐦 X indisponível (429 ou erro): 429 Too Many Requests
Too Many Requests
2025-12-19 10:05:51.724 | INFO     | __main__:processar_oferta:159 - 🧹 Imagem temporária removida.
2025-12-19 10:05:52.033 | INFO     | __main__:processar_oferta:159 - 🧹 Imagem temporária removida.
2025-12-19 10:05:52.431 | INFO     | __main__:processar_oferta:101 - 🔎 Processando SHOPEE | AUTO
2025-12-19 10:05:52.710 | INFO     | __main__:processar_oferta:101 - 🔎 Processando SHOPEE | AUTO
2025-12-19 10:05:52.868 | INFO     | __main__:processar_oferta:112 - 📸 Baixando imagem do Telegram...
2025-12-19 10:05:53.231 | INFO     | __main__:processar_oferta:112 - 📸 Baixando imagem do Telegram...
2025-12-19 10:05:54.340 | INFO     | __main__:processar_oferta:101 - 🔎 Processando SHOPEE | AUTO
2025-12-19 10:05:54.726 | INFO     | __main__:processar_oferta:112 - 📸 Baixando imagem do Telegram...
2025-12-19 10:05:56.442 | SUCCESS  | __main__:processar_oferta:131 - 📱 Oferta SHOPEE enviada no WhatsApp!
2025-12-19 10:05:56.646 | WARNING  | __main__:processar_oferta:152 - 🐦 X indisponível (429 ou erro): 429 Too Many Requests
Too Many Requests
2025-12-19 10:05:56.647 | SUCCESS  | __main__:processar_oferta:131 - 📱 Oferta SHOPEE enviada no WhatsApp!
2025-12-19 10:05:56.807 | WARNING  | __main__:processar_oferta:152 - 🐦 X indisponível (429 ou erro): 429 Too Many Requests
Too Many Requests
2025-12-19 10:05:57.993 | SUCCESS  | __main__:processar_oferta:131 - 📱 Oferta SHOPEE enviada no WhatsApp!
2025-12-19 10:05:58.155 | WARNING  | __main__:processar_oferta:152 - 🐦 X indisponível (429 ou erro): 429 Too Many Requests
Too Many Requests
2025-12-19 10:05:58.155 | INFO     | __main__:processar_oferta:159 - 🧹 Imagem temporária removida.
2025-12-19 10:05:58.322 | INFO     | __main__:processar_oferta:159 - 🧹 Imagem temporária removida.
2025-12-19 10:05:58.858 | INFO     | __main__:processar_oferta:101 - 🔎 Processando SHOPEE | AUTO
2025-12-19 10:05:59.008 | INFO     | __main__:processar_oferta:101 - 🔎 Processando SHOPEE | AUTO
2025-12-19 10:05:59.305 | INFO     | __main__:processar_oferta:112 - 📸 Baixando imagem do Telegram...
2025-12-19 10:05:59.475 | INFO     | __main__:processar_oferta:112 - 📸 Baixando imagem do Telegram...
2025-12-19 10:05:59.671 | INFO     | __main__:processar_oferta:159 - 🧹 Imagem temporária removida.
2025-12-19 10:06:02.268 | SUCCESS  | __main__:processar_oferta:131 - 📱 Oferta SHOPEE enviada no WhatsApp!
2025-12-19 10:06:02.436 | WARNING  | __main__:processar_oferta:152 - 🐦 X indisponível (429 ou erro): 429 Too Many Requests
Too Many Requests
2025-12-19 10:06:02.605 | SUCCESS  | __main__:processar_oferta:131 - 📱 Oferta SHOPEE enviada no WhatsApp!
2025-12-19 10:06:02.774 | WARNING  | __main__:processar_oferta:152 - 🐦 X indisponível (429 ou erro): 429 Too Many Requests
Too Many Requests
2025-12-19 10:06:03.946 | INFO     | __main__:processar_oferta:159 - 🧹 Imagem temporária removida.
2025-12-19 10:06:04.286 | INFO     | __main__:processar_oferta:159 - 🧹 Imagem temporária removida.
2025-12-19 10:06:04.624 | INFO     | __main__:processar_oferta:101 - 🔎 Processando SHOPEE | AUTO
2025-12-19 10:06:04.968 | INFO     | __main__:processar_oferta:101 - 🔎 Processando SHOPEE | AUTO
2025-12-19 10:06:05.194 | INFO     | __main__:processar_oferta:112 - 📸 Baixando imagem do Telegram...
2025-12-19 10:06:05.481 | INFO     | __main__:processar_oferta:112 - 📸 Baixando imagem do Telegram...
2025-12-19 10:06:06.668 | INFO     | __main__:processar_oferta:101 - 🔎 Processando SHOPEE | AUTO
2025-12-19 10:06:07.578 | INFO     | __main__:processar_oferta:112 - 📸 Baixando imagem do Telegram...
2025-12-19 10:06:08.432 | SUCCESS  | __main__:processar_oferta:131 - 📱 Oferta SHOPEE enviada no WhatsApp!
2025-12-19 10:06:08.590 | WARNING  | __main__:processar_oferta:152 - 🐦 X indisponível (429 ou erro): 429 Too Many Requests
Too Many Requests
2025-12-19 10:06:08.591 | SUCCESS  | __main__:processar_oferta:131 - 📱 Oferta SHOPEE enviada no WhatsApp!
2025-12-19 10:06:08.759 | WARNING  | __main__:processar_oferta:152 - 🐦 X indisponível (429 ou erro): 429 Too Many Requests
Too Many Requests
2025-12-19 10:06:10.097 | INFO     | __main__:processar_oferta:159 - 🧹 Imagem temporária removida.
2025-12-19 10:06:10.268 | INFO     | __main__:processar_oferta:159 - 🧹 Imagem temporária removida.
2025-12-19 10:06:10.446 | SUCCESS  | __main__:processar_oferta:131 - 📱 Oferta SHOPEE enviada no WhatsApp!
2025-12-19 10:06:10.615 | WARNING  | __main__:processar_oferta:152 - 🐦 X indisponível (429 ou erro): 429 Too Many Requests
Too Many Requests
2025-12-19 10:06:10.960 | INFO     | __main__:processar_oferta:101 - 🔎 Processando SHOPEE | AUTO
2025-12-19 10:06:11.126 | INFO     | __main__:processar_oferta:101 - 🔎 Processando SHOPEE | AUTO
2025-12-19 10:06:11.409 | INFO     | __main__:processar_oferta:112 - 📸 Baixando imagem do Telegram...
2025-12-19 10:06:11.745 | INFO     | __main__:processar_oferta:112 - 📸 Baixando imagem do Telegram...
2025-12-19 10:06:12.396 | INFO     | __main__:processar_oferta:159 - 🧹 Imagem temporária removida.
2025-12-19 10:06:12.877 | INFO     | __main__:processar_oferta:101 - 🔎 Processando SHOPEE | AUTO
2025-12-19 10:06:13.492 | INFO     | __main__:processar_oferta:112 - 📸 Baixando imagem do Telegram...
2025-12-19 10:06:14.590 | SUCCESS  | __main__:processar_oferta:131 - 📱 Oferta SHOPEE enviada no WhatsApp!
2025-12-19 10:06:14.749 | WARNING  | __main__:processar_oferta:152 - 🐦 X indisponível (429 ou erro): 429 Too Many Requests
Too Many Requests
2025-12-19 10:06:14.751 | SUCCESS  | __main__:processar_oferta:131 - 📱 Oferta SHOPEE enviada no WhatsApp!
2025-12-19 10:06:14.916 | WARNING  | __main__:processar_oferta:152 - 🐦 X indisponível (429 ou erro): 429 Too Many Requests
Too Many Requests
2025-12-19 10:06:16.254 | INFO     | __main__:processar_oferta:159 - 🧹 Imagem temporária removida.
2025-12-19 10:06:16.424 | INFO     | __main__:processar_oferta:159 - 🧹 Imagem temporária removida.
2025-12-19 10:06:16.668 | SUCCESS  | __main__:processar_oferta:131 - 📱 Oferta SHOPEE enviada no WhatsApp!
2025-12-19 10:06:16.828 | WARNING  | __main__:processar_oferta:152 - 🐦 X indisponível (429 ou erro): 429 Too Many Requests
Too Many Requests
2025-12-19 10:06:18.338 | INFO     | __main__:processar_oferta:159 - 🧹 Imagem temporária removida.
2025-12-19 10:06:37.746 | INFO     | __main__:processar_oferta:101 - 🔎 Processando SHOPEE | AUTO
2025-12-19 10:06:38.156 | INFO     | __main__:processar_oferta:112 - 📸 Baixando imagem do Telegram...
2025-12-19 10:06:41.609 | SUCCESS  | __main__:processar_oferta:131 - 📱 Oferta SHOPEE enviada no WhatsApp!
2025-12-19 10:06:41.773 | WARNING  | __main__:processar_oferta:152 - 🐦 X indisponível (429 ou erro): 429 Too Many Requests
Too Many Requests
2025-12-19 10:06:43.279 | INFO     | __main__:processar_oferta:159 - 🧹 Imagem temporária removida.
2025-12-19 10:07:37.768 | INFO     | __main__:processar_oferta:101 - 🔎 Processando SHOPEE | AUTO
2025-12-19 10:07:38.305 | INFO     | __main__:processar_oferta:112 - 📸 Baixando imagem do Telegram...
2025-12-19 10:07:39.076 | INFO     | __main__:processar_oferta:89 - ♻️ Oferta repetida ignorada: https://descontostop.com/grupo-promocoes-whatsapp-telegram-cupom-desconto/
2025-12-19 10:07:41.451 | SUCCESS  | __main__:processar_oferta:131 - 📱 Oferta SHOPEE enviada no WhatsApp!
2025-12-19 10:07:41.615 | WARNING  | __main__:processar_oferta:152 - 🐦 X indisponível (429 ou erro): 429 Too Many Requests
Too Many Requests
2025-12-19 10:07:43.131 | INFO     | __main__:processar_oferta:159 - 🧹 Imagem temporária removida.
2025-12-19 10:08:20.380 | INFO     | __main__:<module>:188 - 🚫 Bot desligado.
2025-12-19 10:08:23.729 | INFO     | __main__:<module>:26 - 🐭 INICIANDO O RATO GARIMPEIRO ENTERPRISE (Modo MULTILOJAS)...
2025-12-19 10:08:24.010 | SUCCESS  | __main__:<module>:37 - ✅ Sistemas Core iniciados!
2025-12-19 10:08:24.010 | SUCCESS  | __main__:<module>:52 - 🐦 Twitter/X conectado!
2025-12-19 10:08:25.089 | INFO     | __main__:main:171 - 👀 Validando canais fonte...
2025-12-19 10:08:25.774 | SUCCESS  | __main__:main:182 - ✅ Monitoramento 34 canais fonte.
2025-12-19 10:09:26.352 | INFO     | __main__:processar_oferta:101 - 🔎 Processando AMAZON | AUTO
2025-12-19 10:09:26.573 | INFO     | __main__:processar_oferta:101 - 🔎 Processando SHOPEE | AUTO
2025-12-19 10:09:27.016 | INFO     | __main__:processar_oferta:112 - 📸 Baixando imagem do Telegram...
2025-12-19 10:09:27.207 | INFO     | __main__:processar_oferta:112 - 📸 Baixando imagem do Telegram...
2025-12-19 10:09:31.535 | SUCCESS  | __main__:processar_oferta:131 - 📱 Oferta SHOPEE enviada no WhatsApp!
2025-12-19 10:09:31.988 | WARNING  | __main__:processar_oferta:149 - 🐦 Erro no X (provável limite 429): 429 Too Many Requests
Too Many Requests
2025-12-19 10:09:32.446 | SUCCESS  | __main__:processar_oferta:131 - 📱 Oferta AMAZON enviada no WhatsApp!
2025-12-19 10:09:32.606 | WARNING  | __main__:processar_oferta:149 - 🐦 Erro no X (provável limite 429): 429 Too Many Requests
Too Many Requests
2025-12-19 10:09:33.496 | INFO     | __main__:processar_oferta:156 - 🧹 Imagem temporária removida.
2025-12-19 10:09:33.496 | INFO     | __main__:processar_oferta:162 - ⏳ Aguardando 30 segundos para a próxima postagem...
2025-12-19 10:09:34.114 | INFO     | __main__:processar_oferta:156 - 🧹 Imagem temporária removida.
2025-12-19 10:09:34.114 | INFO     | __main__:processar_oferta:162 - ⏳ Aguardando 30 segundos para a próxima postagem...
2025-12-19 10:10:04.200 | INFO     | __main__:processar_oferta:101 - 🔎 Processando SHOPEE | AUTO
2025-12-19 10:10:04.581 | INFO     | __main__:processar_oferta:101 - 🔎 Processando AMAZON | AUTO
2025-12-19 10:10:04.692 | INFO     | __main__:processar_oferta:112 - 📸 Baixando imagem do Telegram...
2025-12-19 10:10:05.096 | INFO     | __main__:processar_oferta:112 - 📸 Baixando imagem do Telegram...
2025-12-19 10:10:06.285 | INFO     | __main__:processar_oferta:101 - 🔎 Processando SHOPEE | AUTO
2025-12-19 10:10:06.947 | INFO     | __main__:processar_oferta:112 - 📸 Baixando imagem do Telegram...
2025-12-19 10:10:08.104 | INFO     | __main__:processar_oferta:101 - 🔎 Processando SHOPEE | AUTO
2025-12-19 10:10:08.630 | INFO     | __main__:processar_oferta:112 - 📸 Baixando imagem do Telegram...
2025-12-19 10:10:08.719 | SUCCESS  | __main__:processar_oferta:131 - 📱 Oferta SHOPEE enviada no WhatsApp!
2025-12-19 10:10:08.881 | WARNING  | __main__:processar_oferta:149 - 🐦 Erro no X (provável limite 429): 429 Too Many Requests
Too Many Requests
2025-12-19 10:10:09.410 | SUCCESS  | __main__:processar_oferta:131 - 📱 Oferta SHOPEE enviada no WhatsApp!
2025-12-19 10:10:09.570 | WARNING  | __main__:processar_oferta:149 - 🐦 Erro no X (provável limite 429): 429 Too Many Requests
Too Many Requests
2025-12-19 10:10:09.763 | SUCCESS  | __main__:processar_oferta:131 - 📱 Oferta AMAZON enviada no WhatsApp!
2025-12-19 10:10:09.926 | WARNING  | __main__:processar_oferta:149 - 🐦 Erro no X (provável limite 429): 429 Too Many Requests
Too Many Requests
2025-12-19 10:10:10.386 | INFO     | __main__:processar_oferta:156 - 🧹 Imagem temporária removida.
2025-12-19 10:10:10.386 | INFO     | __main__:processar_oferta:162 - ⏳ Aguardando 30 segundos para a próxima postagem...
2025-12-19 10:10:11.080 | INFO     | __main__:processar_oferta:156 - 🧹 Imagem temporária removida.
2025-12-19 10:10:11.080 | INFO     | __main__:processar_oferta:162 - ⏳ Aguardando 30 segundos para a próxima postagem...
2025-12-19 10:10:11.306 | SUCCESS  | __main__:processar_oferta:131 - 📱 Oferta SHOPEE enviada no WhatsApp!
2025-12-19 10:10:11.470 | WARNING  | __main__:processar_oferta:149 - 🐦 Erro no X (provável limite 429): 429 Too Many Requests
Too Many Requests
2025-12-19 10:10:11.471 | INFO     | __main__:processar_oferta:156 - 🧹 Imagem temporária removida.
2025-12-19 10:10:11.471 | INFO     | __main__:processar_oferta:162 - ⏳ Aguardando 30 segundos para a próxima postagem...
2025-12-19 10:10:12.973 | INFO     | __main__:processar_oferta:156 - 🧹 Imagem temporária removida.
2025-12-19 10:10:12.973 | INFO     | __main__:processar_oferta:162 - ⏳ Aguardando 30 segundos para a próxima postagem...
2025-12-19 10:10:25.808 | INFO     | __main__:processar_oferta:101 - 🔎 Processando SHOPEE | AUTO
2025-12-19 10:10:26.170 | INFO     | __main__:processar_oferta:101 - 🔎 Processando MERCADO LIVRE | MANUAL
2025-12-19 10:10:26.291 | INFO     | __main__:processar_oferta:112 - 📸 Baixando imagem do Telegram...
2025-12-19 10:10:26.594 | INFO     | __main__:processar_oferta:112 - 📸 Baixando imagem do Telegram...
2025-12-19 10:10:29.815 | SUCCESS  | __main__:processar_oferta:131 - 📱 Oferta SHOPEE enviada no WhatsApp!
2025-12-19 10:10:29.980 | WARNING  | __main__:processar_oferta:149 - 🐦 Erro no X (provável limite 429): 429 Too Many Requests
Too Many Requests
2025-12-19 10:10:31.491 | INFO     | __main__:processar_oferta:156 - 🧹 Imagem temporária removida.
2025-12-19 10:10:31.491 | INFO     | __main__:processar_oferta:162 - ⏳ Aguardando 30 segundos para a próxima postagem...
2025-12-19 10:10:33.593 | SUCCESS  | __main__:processar_oferta:131 - 📱 Oferta MERCADO LIVRE enviada no WhatsApp!
2025-12-19 10:10:35.104 | INFO     | __main__:processar_oferta:156 - 🧹 Imagem temporária removida.
2025-12-19 10:10:35.104 | INFO     | __main__:processar_oferta:162 - ⏳ Aguardando 30 segundos para a próxima postagem...
2025-12-19 10:10:41.790 | INFO     | __main__:processar_oferta:101 - 🔎 Processando SHOPEE | AUTO
2025-12-19 10:10:42.002 | INFO     | __main__:processar_oferta:101 - 🔎 Processando AMAZON | AUTO
2025-12-19 10:10:42.291 | INFO     | __main__:processar_oferta:112 - 📸 Baixando imagem do Telegram...
2025-12-19 10:10:42.533 | INFO     | __main__:processar_oferta:112 - 📸 Baixando imagem do Telegram...
2025-12-19 10:10:43.833 | INFO     | __main__:processar_oferta:101 - 🔎 Processando SHOPEE | AUTO
2025-12-19 10:10:44.534 | INFO     | __main__:processar_oferta:112 - 📸 Baixando imagem do Telegram...
2025-12-19 10:10:44.711 | INFO     | __main__:processar_oferta:101 - 🔎 Processando SHOPEE | AUTO
2025-12-19 10:10:45.538 | INFO     | __main__:processar_oferta:112 - 📸 Baixando imagem do Telegram...
2025-12-19 10:10:46.429 | SUCCESS  | __main__:processar_oferta:131 - 📱 Oferta SHOPEE enviada no WhatsApp!
2025-12-19 10:10:46.589 | WARNING  | __main__:processar_oferta:149 - 🐦 Erro no X (provável limite 429): 429 Too Many Requests
Too Many Requests
2025-12-19 10:10:46.604 | SUCCESS  | __main__:processar_oferta:131 - 📱 Oferta AMAZON enviada no WhatsApp!
2025-12-19 10:10:46.769 | WARNING  | __main__:processar_oferta:149 - 🐦 Erro no X (provável limite 429): 429 Too Many Requests
Too Many Requests
2025-12-19 10:10:47.803 | SUCCESS  | __main__:processar_oferta:131 - 📱 Oferta SHOPEE enviada no WhatsApp!
2025-12-19 10:10:47.960 | WARNING  | __main__:processar_oferta:149 - 🐦 Erro no X (provável limite 429): 429 Too Many Requests
Too Many Requests
2025-12-19 10:10:48.103 | INFO     | __main__:processar_oferta:156 - 🧹 Imagem temporária removida.
2025-12-19 10:10:48.103 | INFO     | __main__:processar_oferta:162 - ⏳ Aguardando 30 segundos para a próxima postagem...
2025-12-19 10:10:48.274 | INFO     | __main__:processar_oferta:156 - 🧹 Imagem temporária removida.
2025-12-19 10:10:48.274 | INFO     | __main__:processar_oferta:162 - ⏳ Aguardando 30 segundos para a próxima postagem...
2025-12-19 10:10:48.334 | SUCCESS  | __main__:processar_oferta:131 - 📱 Oferta SHOPEE enviada no WhatsApp!
2025-12-19 10:10:48.494 | WARNING  | __main__:processar_oferta:149 - 🐦 Erro no X (provável limite 429): 429 Too Many Requests
Too Many Requests
2025-12-19 10:10:49.471 | INFO     | __main__:processar_oferta:156 - 🧹 Imagem temporária removida.
2025-12-19 10:10:49.471 | INFO     | __main__:processar_oferta:162 - ⏳ Aguardando 30 segundos para a próxima postagem...
2025-12-19 10:10:49.998 | INFO     | __main__:processar_oferta:156 - 🧹 Imagem temporária removida.
2025-12-19 10:10:49.999 | INFO     | __main__:processar_oferta:162 - ⏳ Aguardando 30 segundos para a próxima postagem...
2025-12-19 10:11:02.186 | INFO     | __main__:processar_oferta:101 - 🔎 Processando SHOPEE | AUTO
2025-12-19 10:11:02.709 | INFO     | __main__:processar_oferta:112 - 📸 Baixando imagem do Telegram...
2025-12-19 10:11:06.155 | SUCCESS  | __main__:processar_oferta:131 - 📱 Oferta SHOPEE enviada no WhatsApp!
2025-12-19 10:11:06.318 | WARNING  | __main__:processar_oferta:149 - 🐦 Erro no X (provável limite 429): 429 Too Many Requests
Too Many Requests
2025-12-19 10:11:07.830 | INFO     | __main__:processar_oferta:156 - 🧹 Imagem temporária removida.
2025-12-19 10:11:07.831 | INFO     | __main__:processar_oferta:162 - ⏳ Aguardando 30 segundos para a próxima postagem...
2025-12-19 10:11:18.762 | INFO     | __main__:processar_oferta:101 - 🔎 Processando AMAZON | AUTO
2025-12-19 10:11:19.813 | INFO     | __main__:processar_oferta:112 - 📸 Baixando imagem do Telegram...
2025-12-19 10:11:20.202 | INFO     | __main__:processar_oferta:101 - 🔎 Processando SHOPEE | AUTO
2025-12-19 10:11:20.619 | INFO     | __main__:processar_oferta:112 - 📸 Baixando imagem do Telegram...
2025-12-19 10:11:21.619 | INFO     | __main__:processar_oferta:101 - 🔎 Processando SHOPEE | AUTO
2025-12-19 10:11:22.018 | INFO     | __main__:processar_oferta:112 - 📸 Baixando imagem do Telegram...
2025-12-19 10:11:24.073 | SUCCESS  | __main__:processar_oferta:131 - 📱 Oferta SHOPEE enviada no WhatsApp!
2025-12-19 10:11:24.245 | WARNING  | __main__:processar_oferta:149 - 🐦 Erro no X (provável limite 429): 429 Too Many Requests
Too Many Requests
2025-12-19 10:11:24.638 | SUCCESS  | __main__:processar_oferta:131 - 📱 Oferta AMAZON enviada no WhatsApp!
2025-12-19 10:11:24.809 | WARNING  | __main__:processar_oferta:149 - 🐦 Erro no X (provável limite 429): 429 Too Many Requests
Too Many Requests
2025-12-19 10:11:25.523 | SUCCESS  | __main__:processar_oferta:131 - 📱 Oferta SHOPEE enviada no WhatsApp!
2025-12-19 10:11:25.688 | WARNING  | __main__:processar_oferta:149 - 🐦 Erro no X (provável limite 429): 429 Too Many Requests
Too Many Requests
2025-12-19 10:11:25.755 | INFO     | __main__:processar_oferta:156 - 🧹 Imagem temporária removida.
2025-12-19 10:11:25.755 | INFO     | __main__:processar_oferta:162 - ⏳ Aguardando 30 segundos para a próxima postagem...
2025-12-19 10:11:26.315 | INFO     | __main__:processar_oferta:156 - 🧹 Imagem temporária removida.
2025-12-19 10:11:26.316 | INFO     | __main__:processar_oferta:162 - ⏳ Aguardando 30 segundos para a próxima postagem...
2025-12-19 10:11:27.198 | INFO     | __main__:processar_oferta:156 - 🧹 Imagem temporária removida.
2025-12-19 10:11:27.198 | INFO     | __main__:processar_oferta:162 - ⏳ Aguardando 30 segundos para a próxima postagem...
2025-12-19 10:11:56.443 | INFO     | __main__:processar_oferta:101 - 🔎 Processando SHOPEE | AUTO
2025-12-19 10:11:56.954 | INFO     | __main__:processar_oferta:112 - 📸 Baixando imagem do Telegram...
2025-12-19 10:11:57.102 | INFO     | __main__:processar_oferta:101 - 🔎 Processando AMAZON | AUTO
2025-12-19 10:11:57.787 | INFO     | __main__:processar_oferta:112 - 📸 Baixando imagem do Telegram...
2025-12-19 10:11:58.443 | INFO     | __main__:processar_oferta:101 - 🔎 Processando SHOPEE | AUTO
2025-12-19 10:11:58.709 | INFO     | __main__:processar_oferta:101 - 🔎 Processando MERCADO LIVRE | MANUAL
2025-12-19 10:11:58.984 | INFO     | __main__:processar_oferta:89 - ♻️ Oferta repetida ignorada: https://www.amazon.com.br/dp/B0BLS1XM8L
2025-12-19 10:11:59.269 | INFO     | __main__:processar_oferta:112 - 📸 Baixando imagem do Telegram...
2025-12-19 10:11:59.271 | INFO     | __main__:processar_oferta:112 - 📸 Baixando imagem do Telegram...
2025-12-19 10:11:59.274 | SUCCESS  | __main__:processar_oferta:131 - 📱 Oferta SHOPEE enviada no WhatsApp!
2025-12-19 10:11:59.437 | WARNING  | __main__:processar_oferta:149 - 🐦 Erro no X (provável limite 429): 429 Too Many Requests
Too Many Requests
2025-12-19 10:12:00.948 | INFO     | __main__:processar_oferta:156 - 🧹 Imagem temporária removida.
2025-12-19 10:12:00.948 | INFO     | __main__:processar_oferta:162 - ⏳ Aguardando 30 segundos para a próxima postagem...
2025-12-19 10:12:02.075 | SUCCESS  | __main__:processar_oferta:131 - 📱 Oferta AMAZON enviada no WhatsApp!
2025-12-19 10:12:02.237 | WARNING  | __main__:processar_oferta:149 - 🐦 Erro no X (provável limite 429): 429 Too Many Requests
Too Many Requests
2025-12-19 10:12:03.220 | SUCCESS  | __main__:processar_oferta:131 - 📱 Oferta SHOPEE enviada no WhatsApp!
2025-12-19 10:12:03.380 | WARNING  | __main__:processar_oferta:149 - 🐦 Erro no X (provável limite 429): 429 Too Many Requests
Too Many Requests
2025-12-19 10:12:03.629 | SUCCESS  | __main__:processar_oferta:131 - 📱 Oferta MERCADO LIVRE enviada no WhatsApp!
2025-12-19 10:12:03.751 | INFO     | __main__:processar_oferta:156 - 🧹 Imagem temporária removida.
2025-12-19 10:12:03.752 | INFO     | __main__:processar_oferta:162 - ⏳ Aguardando 30 segundos para a próxima postagem...
2025-12-19 10:12:04.886 | INFO     | __main__:processar_oferta:156 - 🧹 Imagem temporária removida.
2025-12-19 10:12:04.887 | INFO     | __main__:processar_oferta:162 - ⏳ Aguardando 30 segundos para a próxima postagem...
2025-12-19 10:12:05.133 | INFO     | __main__:processar_oferta:156 - 🧹 Imagem temporária removida.
2025-12-19 10:12:05.134 | INFO     | __main__:processar_oferta:162 - ⏳ Aguardando 30 segundos para a próxima postagem...
2025-12-19 10:12:25.925 | INFO     | __main__:processar_oferta:89 - ♻️ Oferta repetida ignorada: https://s.shopee.com.br/30fk4tl3lu
2025-12-19 10:12:26.375 | INFO     | __main__:processar_oferta:101 - 🔎 Processando MERCADO LIVRE | MANUAL
2025-12-19 10:12:26.607 | INFO     | __main__:processar_oferta:101 - 🔎 Processando SHOPEE | AUTO
2025-12-19 10:12:26.821 | INFO     | __main__:processar_oferta:112 - 📸 Baixando imagem do Telegram...
2025-12-19 10:12:27.114 | INFO     | __main__:processar_oferta:112 - 📸 Baixando imagem do Telegram...
2025-12-19 10:12:30.081 | SUCCESS  | __main__:processar_oferta:131 - 📱 Oferta SHOPEE enviada no WhatsApp!
2025-12-19 10:12:30.246 | WARNING  | __main__:processar_oferta:149 - 🐦 Erro no X (provável limite 429): 429 Too Many Requests
Too Many Requests
2025-12-19 10:12:31.761 | INFO     | __main__:processar_oferta:156 - 🧹 Imagem temporária removida.
2025-12-19 10:12:31.761 | INFO     | __main__:processar_oferta:162 - ⏳ Aguardando 30 segundos para a próxima postagem...
2025-12-19 10:12:32.197 | SUCCESS  | __main__:processar_oferta:131 - 📱 Oferta MERCADO LIVRE enviada no WhatsApp!
2025-12-19 10:12:33.699 | INFO     | __main__:processar_oferta:156 - 🧹 Imagem temporária removida.
2025-12-19 10:12:33.699 | INFO     | __main__:processar_oferta:162 - ⏳ Aguardando 30 segundos para a próxima postagem...
2025-12-19 10:12:34.245 | INFO     | __main__:processar_oferta:101 - 🔎 Processando AMAZON | AUTO
2025-12-19 10:12:34.779 | INFO     | __main__:processar_oferta:112 - 📸 Baixando imagem do Telegram...
2025-12-19 10:12:35.894 | INFO     | __main__:processar_oferta:101 - 🔎 Processando SHOPEE | AUTO
2025-12-19 10:12:36.361 | INFO     | __main__:processar_oferta:112 - 📸 Baixando imagem do Telegram...
2025-12-19 10:12:38.763 | SUCCESS  | __main__:processar_oferta:131 - 📱 Oferta AMAZON enviada no WhatsApp!
2025-12-19 10:12:38.924 | WARNING  | __main__:processar_oferta:149 - 🐦 Erro no X (provável limite 429): 429 Too Many Requests
Too Many Requests
2025-12-19 10:12:39.394 | SUCCESS  | __main__:processar_oferta:131 - 📱 Oferta SHOPEE enviada no WhatsApp!
2025-12-19 10:12:39.555 | WARNING  | __main__:processar_oferta:149 - 🐦 Erro no X (provável limite 429): 429 Too Many Requests
Too Many Requests
2025-12-19 10:12:40.438 | INFO     | __main__:processar_oferta:156 - 🧹 Imagem temporária removida.
2025-12-19 10:12:40.438 | INFO     | __main__:processar_oferta:162 - ⏳ Aguardando 30 segundos para a próxima postagem...
2025-12-19 10:12:41.060 | INFO     | __main__:processar_oferta:156 - 🧹 Imagem temporária removida.
2025-12-19 10:12:41.061 | INFO     | __main__:processar_oferta:162 - ⏳ Aguardando 30 segundos para a próxima postagem...
2025-12-19 10:13:10.539 | INFO     | __main__:processar_oferta:89 - ♻️ Oferta repetida ignorada: https://nerdcupons.com
2025-12-19 10:13:25.967 | INFO     | __main__:processar_oferta:89 - ♻️ Oferta repetida ignorada: https://s.shopee.com.br/7fSti7nhkT
2025-12-19 10:13:26.044 | INFO     | __main__:processar_oferta:89 - ♻️ Oferta repetida ignorada: https://s.shopee.com.br/7fSti7nhkT
2025-12-19 10:13:26.652 | INFO     | __main__:processar_oferta:101 - 🔎 Processando SHOPEE | AUTO
2025-12-19 10:13:26.714 | INFO     | __main__:processar_oferta:101 - 🔎 Processando SHOPEE | AUTO
2025-12-19 10:13:27.162 | INFO     | __main__:processar_oferta:112 - 📸 Baixando imagem do Telegram...
2025-12-19 10:13:27.180 | INFO     | __main__:processar_oferta:112 - 📸 Baixando imagem do Telegram...
2025-12-19 10:13:31.172 | SUCCESS  | __main__:processar_oferta:131 - 📱 Oferta SHOPEE enviada no WhatsApp!
2025-12-19 10:13:31.334 | WARNING  | __main__:processar_oferta:149 - 🐦 Erro no X (provável limite 429): 429 Too Many Requests
Too Many Requests
2025-12-19 10:13:31.553 | SUCCESS  | __main__:processar_oferta:131 - 📱 Oferta SHOPEE enviada no WhatsApp!
2025-12-19 10:13:31.713 | WARNING  | __main__:processar_oferta:149 - 🐦 Erro no X (provável limite 429): 429 Too Many Requests
Too Many Requests
2025-12-19 10:13:32.849 | INFO     | __main__:processar_oferta:156 - 🧹 Imagem temporária removida.
2025-12-19 10:13:32.849 | INFO     | __main__:processar_oferta:162 - ⏳ Aguardando 30 segundos para a próxima postagem...
2025-12-19 10:13:33.221 | INFO     | __main__:processar_oferta:156 - 🧹 Imagem temporária removida.
2025-12-19 10:13:33.221 | INFO     | __main__:processar_oferta:162 - ⏳ Aguardando 30 segundos para a próxima postagem...
2025-12-19 10:14:02.972 | INFO     | __main__:processar_oferta:89 - ♻️ Oferta repetida ignorada: https://nerdcupons.com
2025-12-19 10:14:03.320 | INFO     | __main__:processar_oferta:89 - ♻️ Oferta repetida ignorada: https://nerdcupons.com
2025-12-19 10:14:25.773 | INFO     | __main__:processar_oferta:101 - 🔎 Processando AMAZON | AUTO
2025-12-19 10:14:26.005 | INFO     | __main__:processar_oferta:101 - 🔎 Processando SHOPEE | AUTO
2025-12-19 10:14:26.446 | INFO     | __main__:processar_oferta:112 - 📸 Baixando imagem do Telegram...
2025-12-19 10:14:26.613 | INFO     | __main__:processar_oferta:112 - 📸 Baixando imagem do Telegram...
2025-12-19 10:14:26.848 | INFO     | __main__:processar_oferta:89 - ♻️ Oferta repetida ignorada: https://descontostop.com/grupo-promocoes-whatsapp-telegram-cupom-desconto/
2025-12-19 10:14:30.476 | SUCCESS  | __main__:processar_oferta:131 - 📱 Oferta SHOPEE enviada no WhatsApp!
2025-12-19 10:14:30.649 | WARNING  | __main__:processar_oferta:149 - 🐦 Erro no X (provável limite 429): 429 Too Many Requests
Too Many Requests
2025-12-19 10:14:32.117 | SUCCESS  | __main__:processar_oferta:131 - 📱 Oferta AMAZON enviada no WhatsApp!
2025-12-19 10:14:32.282 | WARNING  | __main__:processar_oferta:149 - 🐦 Erro no X (provável limite 429): 429 Too Many Requests
Too Many Requests
2025-12-19 10:14:32.282 | INFO     | __main__:processar_oferta:156 - 🧹 Imagem temporária removida.
2025-12-19 10:14:32.283 | INFO     | __main__:processar_oferta:162 - ⏳ Aguardando 30 segundos para a próxima postagem...
2025-12-19 10:14:33.784 | INFO     | __main__:processar_oferta:156 - 🧹 Imagem temporária removida.
2025-12-19 10:14:33.784 | INFO     | __main__:processar_oferta:162 - ⏳ Aguardando 30 segundos para a próxima postagem...
2025-12-19 10:15:03.006 | INFO     | __main__:processar_oferta:101 - 🔎 Processando SHOPEE | AUTO
2025-12-19 10:15:03.495 | INFO     | __main__:processar_oferta:112 - 📸 Baixando imagem do Telegram...
2025-12-19 10:15:04.487 | INFO     | __main__:processar_oferta:101 - 🔎 Processando AMAZON | AUTO
2025-12-19 10:15:05.121 | INFO     | __main__:processar_oferta:112 - 📸 Baixando imagem do Telegram...
2025-12-19 10:15:06.879 | SUCCESS  | __main__:processar_oferta:131 - 📱 Oferta SHOPEE enviada no WhatsApp!
2025-12-19 10:15:07.044 | WARNING  | __main__:processar_oferta:149 - 🐦 Erro no X (provável limite 429): 429 Too Many Requests
Too Many Requests
2025-12-19 10:15:08.559 | INFO     | __main__:processar_oferta:156 - 🧹 Imagem temporária removida.
2025-12-19 10:15:08.559 | INFO     | __main__:processar_oferta:162 - ⏳ Aguardando 30 segundos para a próxima postagem...
2025-12-19 10:15:09.872 | SUCCESS  | __main__:processar_oferta:131 - 📱 Oferta AMAZON enviada no WhatsApp!
2025-12-19 10:15:10.037 | WARNING  | __main__:processar_oferta:149 - 🐦 Erro no X (provável limite 429): 429 Too Many Requests
Too Many Requests
2025-12-19 10:15:11.541 | INFO     | __main__:processar_oferta:156 - 🧹 Imagem temporária removida.
2025-12-19 10:15:11.541 | INFO     | __main__:processar_oferta:162 - ⏳ Aguardando 30 segundos para a próxima postagem...
2025-12-19 10:15:26.451 | INFO     | __main__:processar_oferta:89 - ♻️ Oferta repetida ignorada: https://www.mercadolivre.com.br/social/promozonevip
2025-12-19 10:16:25.855 | INFO     | __main__:processar_oferta:101 - 🔎 Processando AMAZON | AUTO
2025-12-19 10:16:26.029 | INFO     | __main__:processar_oferta:101 - 🔎 Processando SHOPEE | AUTO
2025-12-19 10:16:26.267 | INFO     | __main__:processar_oferta:112 - 📸 Baixando imagem do Telegram...
2025-12-19 10:16:26.575 | INFO     | __main__:processar_oferta:112 - 📸 Baixando imagem do Telegram...
2025-12-19 10:16:29.292 | SUCCESS  | __main__:processar_oferta:131 - 📱 Oferta SHOPEE enviada no WhatsApp!
2025-12-19 10:16:29.452 | WARNING  | __main__:processar_oferta:149 - 🐦 Erro no X (provável limite 429): 429 Too Many Requests
Too Many Requests
2025-12-19 10:16:30.961 | INFO     | __main__:processar_oferta:156 - 🧹 Imagem temporária removida.
2025-12-19 10:16:30.961 | INFO     | __main__:processar_oferta:162 - ⏳ Aguardando 30 segundos para a próxima postagem...
2025-12-19 10:16:32.159 | SUCCESS  | __main__:processar_oferta:131 - 📱 Oferta AMAZON enviada no WhatsApp!
2025-12-19 10:16:32.316 | WARNING  | __main__:processar_oferta:149 - 🐦 Erro no X (provável limite 429): 429 Too Many Requests
Too Many Requests
2025-12-19 10:16:33.818 | INFO     | __main__:processar_oferta:156 - 🧹 Imagem temporária removida.
2025-12-19 10:16:33.818 | INFO     | __main__:processar_oferta:162 - ⏳ Aguardando 30 segundos para a próxima postagem...
2025-12-19 10:17:01.671 | INFO     | __main__:processar_oferta:101 - 🔎 Processando SHOPEE | AUTO
2025-12-19 10:17:02.185 | INFO     | __main__:processar_oferta:112 - 📸 Baixando imagem do Telegram...
2025-12-19 10:17:03.361 | INFO     | __main__:processar_oferta:89 - ♻️ Oferta repetida ignorada: https://s.shopee.com.br/7fSti7nhkT
2025-12-19 10:17:04.175 | INFO     | __main__:processar_oferta:101 - 🔎 Processando SHOPEE | AUTO
2025-12-19 10:17:04.565 | INFO     | __main__:processar_oferta:112 - 📸 Baixando imagem do Telegram...
2025-12-19 10:17:05.953 | SUCCESS  | __main__:processar_oferta:131 - 📱 Oferta SHOPEE enviada no WhatsApp!
2025-12-19 10:17:06.114 | WARNING  | __main__:processar_oferta:149 - 🐦 Erro no X (provável limite 429): 429 Too Many Requests
Too Many Requests
2025-12-19 10:17:07.257 | SUCCESS  | __main__:processar_oferta:131 - 📱 Oferta SHOPEE enviada no WhatsApp!
2025-12-19 10:17:07.419 | WARNING  | __main__:processar_oferta:149 - 🐦 Erro no X (provável limite 429): 429 Too Many Requests
Too Many Requests
2025-12-19 10:17:07.623 | INFO     | __main__:processar_oferta:156 - 🧹 Imagem temporária removida.
2025-12-19 10:17:07.623 | INFO     | __main__:processar_oferta:162 - ⏳ Aguardando 30 segundos para a próxima postagem...
2025-12-19 10:17:08.929 | INFO     | __main__:processar_oferta:156 - 🧹 Imagem temporária removida.
2025-12-19 10:17:08.930 | INFO     | __main__:processar_oferta:162 - ⏳ Aguardando 30 segundos para a próxima postagem...
2025-12-19 10:17:25.992 | INFO     | __main__:processar_oferta:101 - 🔎 Processando SHOPEE | AUTO
2025-12-19 10:17:26.706 | INFO     | __main__:processar_oferta:112 - 📸 Baixando imagem do Telegram...
2025-12-19 10:17:30.083 | SUCCESS  | __main__:processar_oferta:131 - 📱 Oferta SHOPEE enviada no WhatsApp!
2025-12-19 10:17:30.242 | WARNING  | __main__:processar_oferta:149 - 🐦 Erro no X (provável limite 429): 429 Too Many Requests
Too Many Requests
2025-12-19 10:17:31.743 | INFO     | __main__:processar_oferta:156 - 🧹 Imagem temporária removida.
2025-12-19 10:17:31.743 | INFO     | __main__:processar_oferta:162 - ⏳ Aguardando 30 segundos para a próxima postagem...
2025-12-19 10:17:38.336 | INFO     | __main__:processar_oferta:101 - 🔎 Processando SHOPEE | AUTO
2025-12-19 10:17:38.943 | INFO     | __main__:processar_oferta:112 - 📸 Baixando imagem do Telegram...
2025-12-19 10:17:39.047 | INFO     | __main__:processar_oferta:89 - ♻️ Oferta repetida ignorada: https://nerdcupons.com
2025-12-19 10:17:41.834 | SUCCESS  | __main__:processar_oferta:131 - 📱 Oferta SHOPEE enviada no WhatsApp!
2025-12-19 10:17:41.996 | WARNING  | __main__:processar_oferta:149 - 🐦 Erro no X (provável limite 429): 429 Too Many Requests
Too Many Requests
2025-12-19 10:17:43.508 | INFO     | __main__:processar_oferta:156 - 🧹 Imagem temporária removida.
2025-12-19 10:17:43.508 | INFO     | __main__:processar_oferta:162 - ⏳ Aguardando 30 segundos para a próxima postagem...
2025-12-19 10:18:02.434 | INFO     | __main__:processar_oferta:101 - 🔎 Processando SHOPEE | AUTO
2025-12-19 10:18:03.039 | INFO     | __main__:processar_oferta:112 - 📸 Baixando imagem do Telegram...
2025-12-19 10:18:04.186 | INFO     | __main__:processar_oferta:101 - 🔎 Processando SHOPEE | AUTO
2025-12-19 10:18:04.632 | INFO     | __main__:processar_oferta:101 - 🔎 Processando MERCADO LIVRE | MANUAL
2025-12-19 10:18:04.634 | INFO     | __main__:processar_oferta:112 - 📸 Baixando imagem do Telegram...
2025-12-19 10:18:05.448 | INFO     | __main__:processar_oferta:112 - 📸 Baixando imagem do Telegram...
2025-12-19 10:18:06.418 | SUCCESS  | __main__:processar_oferta:131 - 📱 Oferta SHOPEE enviada no WhatsApp!
2025-12-19 10:18:06.578 | WARNING  | __main__:processar_oferta:149 - 🐦 Erro no X (provável limite 429): 429 Too Many Requests
Too Many Requests
2025-12-19 10:18:07.975 | SUCCESS  | __main__:processar_oferta:131 - 📱 Oferta SHOPEE enviada no WhatsApp!
2025-12-19 10:18:08.140 | WARNING  | __main__:processar_oferta:149 - 🐦 Erro no X (provável limite 429): 429 Too Many Requests
Too Many Requests
2025-12-19 10:18:08.141 | INFO     | __main__:processar_oferta:156 - 🧹 Imagem temporária removida.
2025-12-19 10:18:08.141 | INFO     | __main__:processar_oferta:162 - ⏳ Aguardando 30 segundos para a próxima postagem...
2025-12-19 10:18:09.650 | INFO     | __main__:processar_oferta:156 - 🧹 Imagem temporária removida.
2025-12-19 10:18:09.651 | INFO     | __main__:processar_oferta:162 - ⏳ Aguardando 30 segundos para a próxima postagem...
2025-12-19 10:18:10.129 | SUCCESS  | __main__:processar_oferta:131 - 📱 Oferta MERCADO LIVRE enviada no WhatsApp!
2025-12-19 10:18:11.635 | INFO     | __main__:processar_oferta:156 - 🧹 Imagem temporária removida.
2025-12-19 10:18:11.636 | INFO     | __main__:processar_oferta:162 - ⏳ Aguardando 30 segundos para a próxima postagem...
2025-12-19 10:18:14.209 | INFO     | __main__:processar_oferta:101 - 🔎 Processando SHOPEE | AUTO
2025-12-19 10:18:14.667 | INFO     | __main__:processar_oferta:112 - 📸 Baixando imagem do Telegram...
2025-12-19 10:18:15.820 | INFO     | __main__:processar_oferta:101 - 🔎 Processando SHOPEE | AUTO
2025-12-19 10:18:15.823 | INFO     | __main__:processar_oferta:89 - ♻️ Oferta repetida ignorada: https://s.shopee.com.br/7fSti7nhkT
2025-12-19 10:18:16.258 | INFO     | __main__:processar_oferta:112 - 📸 Baixando imagem do Telegram...
2025-12-19 10:18:16.609 | INFO     | __main__:processar_oferta:101 - 🔎 Processando SHOPEE | AUTO
2025-12-19 10:18:17.236 | INFO     | __main__:processar_oferta:112 - 📸 Baixando imagem do Telegram...
2025-12-19 10:18:17.358 | SUCCESS  | __main__:processar_oferta:131 - 📱 Oferta SHOPEE enviada no WhatsApp!
2025-12-19 10:18:17.521 | WARNING  | __main__:processar_oferta:149 - 🐦 Erro no X (provável limite 429): 429 Too Many Requests
Too Many Requests
2025-12-19 10:18:19.031 | INFO     | __main__:processar_oferta:156 - 🧹 Imagem temporária removida.
2025-12-19 10:18:19.032 | INFO     | __main__:processar_oferta:162 - ⏳ Aguardando 30 segundos para a próxima postagem...
2025-12-19 10:18:19.863 | SUCCESS  | __main__:processar_oferta:131 - 📱 Oferta SHOPEE enviada no WhatsApp!
2025-12-19 10:18:20.024 | WARNING  | __main__:processar_oferta:149 - 🐦 Erro no X (provável limite 429): 429 Too Many Requests
Too Many Requests
2025-12-19 10:18:20.191 | SUCCESS  | __main__:processar_oferta:131 - 📱 Oferta SHOPEE enviada no WhatsApp!
2025-12-19 10:18:20.354 | WARNING  | __main__:processar_oferta:149 - 🐦 Erro no X (provável limite 429): 429 Too Many Requests
Too Many Requests
2025-12-19 10:18:21.527 | INFO     | __main__:processar_oferta:156 - 🧹 Imagem temporária removida.
2025-12-19 10:18:21.527 | INFO     | __main__:processar_oferta:162 - ⏳ Aguardando 30 segundos para a próxima postagem...
2025-12-19 10:18:21.866 | INFO     | __main__:processar_oferta:156 - 🧹 Imagem temporária removida.
2025-12-19 10:18:21.866 | INFO     | __main__:processar_oferta:162 - ⏳ Aguardando 30 segundos para a próxima postagem...
2025-12-19 10:18:40.358 | INFO     | __main__:processar_oferta:101 - 🔎 Processando SHOPEE | AUTO
2025-12-19 10:18:40.910 | INFO     | __main__:processar_oferta:112 - 📸 Baixando imagem do Telegram...
2025-12-19 10:18:42.053 | INFO     | __main__:processar_oferta:101 - 🔎 Processando SHOPEE | AUTO
2025-12-19 10:18:42.564 | INFO     | __main__:processar_oferta:112 - 📸 Baixando imagem do Telegram...
2025-12-19 10:18:44.258 | SUCCESS  | __main__:processar_oferta:131 - 📱 Oferta SHOPEE enviada no WhatsApp!
2025-12-19 10:18:44.417 | WARNING  | __main__:processar_oferta:149 - 🐦 Erro no X (provável limite 429): 429 Too Many Requests
Too Many Requests
2025-12-19 10:18:45.554 | SUCCESS  | __main__:processar_oferta:131 - 📱 Oferta SHOPEE enviada no WhatsApp!
2025-12-19 10:18:45.718 | WARNING  | __main__:processar_oferta:149 - 🐦 Erro no X (provável limite 429): 429 Too Many Requests
Too Many Requests
2025-12-19 10:18:45.927 | INFO     | __main__:processar_oferta:156 - 🧹 Imagem temporária removida.
2025-12-19 10:18:45.927 | INFO     | __main__:processar_oferta:162 - ⏳ Aguardando 30 segundos para a próxima postagem...
2025-12-19 10:18:47.230 | INFO     | __main__:processar_oferta:156 - 🧹 Imagem temporária removida.
2025-12-19 10:18:47.230 | INFO     | __main__:processar_oferta:162 - ⏳ Aguardando 30 segundos para a próxima postagem...
2025-12-19 10:18:49.756 | INFO     | __main__:processar_oferta:101 - 🔎 Processando SHOPEE | AUTO
2025-12-19 10:18:50.210 | INFO     | __main__:processar_oferta:112 - 📸 Baixando imagem do Telegram...
2025-12-19 10:18:51.986 | INFO     | __main__:processar_oferta:89 - ♻️ Oferta repetida ignorada: https://nerdcupons.com
2025-12-19 10:18:52.349 | INFO     | __main__:processar_oferta:101 - 🔎 Processando SHOPEE | AUTO
2025-12-19 10:18:52.793 | INFO     | __main__:processar_oferta:112 - 📸 Baixando imagem do Telegram...
2025-12-19 10:18:53.266 | SUCCESS  | __main__:processar_oferta:131 - 📱 Oferta SHOPEE enviada no WhatsApp!
2025-12-19 10:18:53.533 | WARNING  | __main__:processar_oferta:149 - 🐦 Erro no X (provável limite 429): 429 Too Many Requests
Too Many Requests
2025-12-19 10:18:55.040 | INFO     | __main__:processar_oferta:156 - 🧹 Imagem temporária removida.
2025-12-19 10:18:55.040 | INFO     | __main__:processar_oferta:162 - ⏳ Aguardando 30 segundos para a próxima postagem...
2025-12-19 10:18:55.793 | SUCCESS  | __main__:processar_oferta:131 - 📱 Oferta SHOPEE enviada no WhatsApp!
2025-12-19 10:18:55.956 | WARNING  | __main__:processar_oferta:149 - 🐦 Erro no X (provável limite 429): 429 Too Many Requests
Too Many Requests
2025-12-19 10:18:57.462 | INFO     | __main__:processar_oferta:156 - 🧹 Imagem temporária removida.
2025-12-19 10:18:57.463 | INFO     | __main__:processar_oferta:162 - ⏳ Aguardando 30 segundos para a próxima postagem...
2025-12-19 10:19:25.747 | INFO     | __main__:processar_oferta:101 - 🔎 Processando SHOPEE | AUTO
2025-12-19 10:19:25.967 | INFO     | __main__:processar_oferta:101 - 🔎 Processando AMAZON | AUTO
2025-12-19 10:19:26.005 | INFO     | __main__:processar_oferta:101 - 🔎 Processando SHOPEE | AUTO
2025-12-19 10:19:26.228 | INFO     | __main__:processar_oferta:112 - 📸 Baixando imagem do Telegram...
2025-12-19 10:19:26.488 | INFO     | __main__:processar_oferta:112 - 📸 Baixando imagem do Telegram...
2025-12-19 10:19:26.494 | INFO     | __main__:processar_oferta:112 - 📸 Baixando imagem do Telegram...
2025-12-19 10:19:31.021 | SUCCESS  | __main__:processar_oferta:131 - 📱 Oferta SHOPEE enviada no WhatsApp!
2025-12-19 10:19:31.267 | WARNING  | __main__:processar_oferta:149 - 🐦 Erro no X (provável limite 429): 429 Too Many Requests
Too Many Requests
2025-12-19 10:19:31.349 | SUCCESS  | __main__:processar_oferta:131 - 📱 Oferta SHOPEE enviada no WhatsApp!
2025-12-19 10:19:31.517 | WARNING  | __main__:processar_oferta:149 - 🐦 Erro no X (provável limite 429): 429 Too Many Requests
Too Many Requests
2025-12-19 10:19:31.667 | SUCCESS  | __main__:processar_oferta:131 - 📱 Oferta AMAZON enviada no WhatsApp!
2025-12-19 10:19:31.825 | WARNING  | __main__:processar_oferta:149 - 🐦 Erro no X (provável limite 429): 429 Too Many Requests
Too Many Requests
2025-12-19 10:19:32.776 | INFO     | __main__:processar_oferta:156 - 🧹 Imagem temporária removida.
2025-12-19 10:19:32.776 | INFO     | __main__:processar_oferta:162 - ⏳ Aguardando 30 segundos para a próxima postagem...
2025-12-19 10:19:33.025 | INFO     | __main__:processar_oferta:156 - 🧹 Imagem temporária removida.
2025-12-19 10:19:33.026 | INFO     | __main__:processar_oferta:162 - ⏳ Aguardando 30 segundos para a próxima postagem...
2025-12-19 10:19:33.332 | INFO     | __main__:processar_oferta:156 - 🧹 Imagem temporária removida.
2025-12-19 10:19:33.333 | INFO     | __main__:processar_oferta:162 - ⏳ Aguardando 30 segundos para a próxima postagem...
2025-12-19 10:20:03.452 | INFO     | __main__:processar_oferta:89 - ♻️ Oferta repetida ignorada: https://nerdcupons.com
2025-12-19 10:20:03.500 | INFO     | __main__:processar_oferta:101 - 🔎 Processando SHOPEE | AUTO
2025-12-19 10:20:03.717 | INFO     | __main__:processar_oferta:101 - 🔎 Processando SHOPEE | AUTO
2025-12-19 10:20:03.949 | INFO     | __main__:processar_oferta:112 - 📸 Baixando imagem do Telegram...
2025-12-19 10:20:04.322 | INFO     | __main__:processar_oferta:112 - 📸 Baixando imagem do Telegram...
2025-12-19 10:20:05.722 | INFO     | __main__:processar_oferta:101 - 🔎 Processando AMAZON | AUTO
2025-12-19 10:20:06.303 | INFO     | __main__:processar_oferta:112 - 📸 Baixando imagem do Telegram...
2025-12-19 10:20:08.409 | SUCCESS  | __main__:processar_oferta:131 - 📱 Oferta SHOPEE enviada no WhatsApp!
2025-12-19 10:20:08.569 | WARNING  | __main__:processar_oferta:149 - 🐦 Erro no X (provável limite 429): 429 Too Many Requests
Too Many Requests
2025-12-19 10:20:08.718 | SUCCESS  | __main__:processar_oferta:131 - 📱 Oferta SHOPEE enviada no WhatsApp!
2025-12-19 10:20:08.878 | WARNING  | __main__:processar_oferta:149 - 🐦 Erro no X (provável limite 429): 429 Too Many Requests
Too Many Requests
2025-12-19 10:20:10.030 | SUCCESS  | __main__:processar_oferta:131 - 📱 Oferta AMAZON enviada no WhatsApp!
2025-12-19 10:20:10.194 | WARNING  | __main__:processar_oferta:149 - 🐦 Erro no X (provável limite 429): 429 Too Many Requests
Too Many Requests
2025-12-19 10:20:10.195 | INFO     | __main__:processar_oferta:156 - 🧹 Imagem temporária removida.
2025-12-19 10:20:10.196 | INFO     | __main__:processar_oferta:162 - ⏳ Aguardando 30 segundos para a próxima postagem...
2025-12-19 10:20:10.391 | INFO     | __main__:processar_oferta:156 - 🧹 Imagem temporária removida.
2025-12-19 10:20:10.392 | INFO     | __main__:processar_oferta:162 - ⏳ Aguardando 30 segundos para a próxima postagem...
2025-12-19 10:20:11.708 | INFO     | __main__:processar_oferta:156 - 🧹 Imagem temporária removida.
2025-12-19 10:20:11.709 | INFO     | __main__:processar_oferta:162 - ⏳ Aguardando 30 segundos para a próxima postagem...
2025-12-19 10:20:26.040 | INFO     | __main__:processar_oferta:101 - 🔎 Processando SHOPEE | AUTO
2025-12-19 10:20:26.573 | INFO     | __main__:processar_oferta:112 - 📸 Baixando imagem do Telegram...
2025-12-19 10:20:29.754 | SUCCESS  | __main__:processar_oferta:131 - 📱 Oferta SHOPEE enviada no WhatsApp!
2025-12-19 10:20:29.914 | WARNING  | __main__:processar_oferta:149 - 🐦 Erro no X (provável limite 429): 429 Too Many Requests
Too Many Requests
2025-12-19 10:20:31.419 | INFO     | __main__:processar_oferta:156 - 🧹 Imagem temporária removida.
2025-12-19 10:20:31.420 | INFO     | __main__:processar_oferta:162 - ⏳ Aguardando 30 segundos para a próxima postagem...
2025-12-19 10:20:42.211 | INFO     | __main__:processar_oferta:101 - 🔎 Processando AMAZON | AUTO
2025-12-19 10:20:42.725 | INFO     | __main__:processar_oferta:112 - 📸 Baixando imagem do Telegram...
2025-12-19 10:20:45.404 | SUCCESS  | __main__:processar_oferta:131 - 📱 Oferta AMAZON enviada no WhatsApp!
2025-12-19 10:20:45.567 | WARNING  | __main__:processar_oferta:149 - 🐦 Erro no X (provável limite 429): 429 Too Many Requests
Too Many Requests
2025-12-19 10:20:47.069 | INFO     | __main__:processar_oferta:156 - 🧹 Imagem temporária removida.
2025-12-19 10:20:47.070 | INFO     | __main__:processar_oferta:162 - ⏳ Aguardando 30 segundos para a próxima postagem...
2025-12-19 10:21:02.122 | INFO     | __main__:processar_oferta:101 - 🔎 Processando SHOPEE | AUTO
2025-12-19 10:21:02.593 | INFO     | __main__:processar_oferta:112 - 📸 Baixando imagem do Telegram...
2025-12-19 10:21:05.792 | SUCCESS  | __main__:processar_oferta:131 - 📱 Oferta SHOPEE enviada no WhatsApp!
2025-12-19 10:21:05.959 | WARNING  | __main__:processar_oferta:149 - 🐦 Erro no X (provável limite 429): 429 Too Many Requests
Too Many Requests
2025-12-19 10:21:07.462 | INFO     | __main__:processar_oferta:156 - 🧹 Imagem temporária removida.
2025-12-19 10:21:07.463 | INFO     | __main__:processar_oferta:162 - ⏳ Aguardando 30 segundos para a próxima postagem...
2025-12-19 10:21:25.869 | INFO     | __main__:processar_oferta:101 - 🔎 Processando AMAZON | AUTO
2025-12-19 10:21:26.336 | INFO     | __main__:processar_oferta:112 - 📸 Baixando imagem do Telegram...
2025-12-19 10:21:30.344 | SUCCESS  | __main__:processar_oferta:131 - 📱 Oferta AMAZON enviada no WhatsApp!
2025-12-19 10:21:30.502 | WARNING  | __main__:processar_oferta:149 - 🐦 Erro no X (provável limite 429): 429 Too Many Requests
Too Many Requests
2025-12-19 10:21:32.011 | INFO     | __main__:processar_oferta:156 - 🧹 Imagem temporária removida.
2025-12-19 10:21:32.011 | INFO     | __main__:processar_oferta:162 - ⏳ Aguardando 30 segundos para a próxima postagem...
2025-12-19 10:22:02.508 | INFO     | __main__:processar_oferta:89 - ♻️ Oferta repetida ignorada: https://www.amazon.com.br/prime
2025-12-19 10:22:26.054 | INFO     | __main__:processar_oferta:101 - 🔎 Processando SHOPEE | AUTO
2025-12-19 10:22:26.061 | INFO     | __main__:processar_oferta:89 - ♻️ Oferta repetida ignorada: https://s.shopee.com.br/30fk4tl3lu
2025-12-19 10:22:26.424 | INFO     | __main__:processar_oferta:101 - 🔎 Processando NETSHOES | MANUAL
2025-12-19 10:22:26.477 | INFO     | __main__:processar_oferta:101 - 🔎 Processando MERCADO LIVRE | MANUAL
2025-12-19 10:22:26.670 | INFO     | __main__:processar_oferta:112 - 📸 Baixando imagem do Telegram...
2025-12-19 10:22:26.738 | INFO     | __main__:processar_oferta:101 - 🔎 Processando SHOPEE | AUTO
2025-12-19 10:22:26.955 | INFO     | __main__:processar_oferta:112 - 📸 Baixando imagem do Telegram...
2025-12-19 10:22:27.027 | INFO     | __main__:processar_oferta:112 - 📸 Baixando imagem do Telegram...
2025-12-19 10:22:27.189 | INFO     | __main__:processar_oferta:112 - 📸 Baixando imagem do Telegram...
2025-12-19 10:22:30.900 | SUCCESS  | __main__:processar_oferta:131 - 📱 Oferta SHOPEE enviada no WhatsApp!
2025-12-19 10:22:31.070 | WARNING  | __main__:processar_oferta:149 - 🐦 Erro no X (provável limite 429): 429 Too Many Requests
Too Many Requests
2025-12-19 10:22:31.887 | ERROR    | src.infrastructure.whatsapp_client:enviar_oferta:34 - ⚠️ Erro ao enviar mídia: 
2025-12-19 10:22:32.584 | INFO     | __main__:processar_oferta:156 - 🧹 Imagem temporária removida.
2025-12-19 10:22:32.584 | INFO     | __main__:processar_oferta:162 - ⏳ Aguardando 30 segundos para a próxima postagem...
2025-12-19 10:22:32.657 | SUCCESS  | __main__:processar_oferta:131 - 📱 Oferta NETSHOES enviada no WhatsApp!
2025-12-19 10:22:34.076 | SUCCESS  | __main__:processar_oferta:131 - 📱 Oferta SHOPEE enviada no WhatsApp!
2025-12-19 10:22:34.238 | WARNING  | __main__:processar_oferta:149 - 🐦 Erro no X (provável limite 429): 429 Too Many Requests
Too Many Requests
2025-12-19 10:22:34.239 | INFO     | __main__:processar_oferta:156 - 🧹 Imagem temporária removida.
2025-12-19 10:22:34.239 | INFO     | __main__:processar_oferta:162 - ⏳ Aguardando 30 segundos para a próxima postagem...
2025-12-19 10:22:34.539 | SUCCESS  | __main__:processar_oferta:131 - 📱 Oferta MERCADO LIVRE enviada no WhatsApp!
2025-12-19 10:22:35.750 | INFO     | __main__:processar_oferta:156 - 🧹 Imagem temporária removida.
2025-12-19 10:22:35.750 | INFO     | __main__:processar_oferta:162 - ⏳ Aguardando 30 segundos para a próxima postagem...
2025-12-19 10:22:36.043 | INFO     | __main__:processar_oferta:156 - 🧹 Imagem temporária removida.
2025-12-19 10:22:36.043 | INFO     | __main__:processar_oferta:162 - ⏳ Aguardando 30 segundos para a próxima postagem...
2025-12-19 10:23:06.457 | INFO     | __main__:processar_oferta:101 - 🔎 Processando SHOPEE | AUTO
2025-12-19 10:23:06.994 | INFO     | __main__:processar_oferta:112 - 📸 Baixando imagem do Telegram...
2025-12-19 10:23:08.198 | INFO     | __main__:processar_oferta:101 - 🔎 Processando SHOPEE | AUTO
2025-12-19 10:23:08.202 | INFO     | __main__:processar_oferta:89 - ♻️ Oferta repetida ignorada: https://s.shopee.com.br/30fk4tl3lu
2025-12-19 10:23:08.259 | INFO     | __main__:processar_oferta:89 - ♻️ Oferta repetida ignorada: https://s.shopee.com.br/30fk4tl3lu
2025-12-19 10:23:08.690 | INFO     | __main__:processar_oferta:89 - ♻️ Oferta repetida ignorada: https://r.amzlink.to/
2025-12-19 10:23:08.692 | INFO     | __main__:processar_oferta:112 - 📸 Baixando imagem do Telegram...
2025-12-19 10:23:09.021 | INFO     | __main__:processar_oferta:101 - 🔎 Processando SHOPEE | AUTO
2025-12-19 10:23:09.029 | INFO     | __main__:processar_oferta:101 - 🔎 Processando SHOPEE | AUTO
2025-12-19 10:23:09.490 | INFO     | __main__:processar_oferta:112 - 📸 Baixando imagem do Telegram...
2025-12-19 10:23:09.492 | INFO     | __main__:processar_oferta:112 - 📸 Baixando imagem do Telegram...
2025-12-19 10:23:10.919 | SUCCESS  | __main__:processar_oferta:131 - 📱 Oferta SHOPEE enviada no WhatsApp!
2025-12-19 10:23:11.082 | WARNING  | __main__:processar_oferta:149 - 🐦 Erro no X (provável limite 429): 429 Too Many Requests
Too Many Requests
2025-12-19 10:23:12.106 | SUCCESS  | __main__:processar_oferta:131 - 📱 Oferta SHOPEE enviada no WhatsApp!
2025-12-19 10:23:12.271 | WARNING  | __main__:processar_oferta:149 - 🐦 Erro no X (provável limite 429): 429 Too Many Requests
Too Many Requests
2025-12-19 10:23:12.437 | SUCCESS  | __main__:processar_oferta:131 - 📱 Oferta SHOPEE enviada no WhatsApp!
2025-12-19 10:23:12.604 | WARNING  | __main__:processar_oferta:149 - 🐦 Erro no X (provável limite 429): 429 Too Many Requests
Too Many Requests
2025-12-19 10:23:12.604 | INFO     | __main__:processar_oferta:156 - 🧹 Imagem temporária removida.
2025-12-19 10:23:12.605 | INFO     | __main__:processar_oferta:162 - ⏳ Aguardando 30 segundos para a próxima postagem...
2025-12-19 10:23:12.765 | SUCCESS  | __main__:processar_oferta:131 - 📱 Oferta SHOPEE enviada no WhatsApp!
2025-12-19 10:23:12.932 | WARNING  | __main__:processar_oferta:149 - 🐦 Erro no X (provável limite 429): 429 Too Many Requests
Too Many Requests
2025-12-19 10:23:13.782 | INFO     | __main__:processar_oferta:156 - 🧹 Imagem temporária removida.
2025-12-19 10:23:13.782 | INFO     | __main__:processar_oferta:162 - ⏳ Aguardando 30 segundos para a próxima postagem...
2025-12-19 10:23:14.108 | INFO     | __main__:processar_oferta:156 - 🧹 Imagem temporária removida.
2025-12-19 10:23:14.108 | INFO     | __main__:processar_oferta:162 - ⏳ Aguardando 30 segundos para a próxima postagem...
2025-12-19 10:23:14.448 | INFO     | __main__:processar_oferta:156 - 🧹 Imagem temporária removida.
2025-12-19 10:23:14.448 | INFO     | __main__:processar_oferta:162 - ⏳ Aguardando 30 segundos para a próxima postagem...
2025-12-19 10:23:44.488 | INFO     | __main__:processar_oferta:101 - 🔎 Processando SHOPEE | AUTO
2025-12-19 10:23:45.047 | INFO     | __main__:processar_oferta:112 - 📸 Baixando imagem do Telegram...
2025-12-19 10:23:48.271 | SUCCESS  | __main__:processar_oferta:131 - 📱 Oferta SHOPEE enviada no WhatsApp!
2025-12-19 10:23:48.428 | WARNING  | __main__:processar_oferta:149 - 🐦 Erro no X (provável limite 429): 429 Too Many Requests
Too Many Requests
2025-12-19 10:23:49.935 | INFO     | __main__:processar_oferta:156 - 🧹 Imagem temporária removida.
2025-12-19 10:23:49.936 | INFO     | __main__:processar_oferta:162 - ⏳ Aguardando 30 segundos para a próxima postagem...
2025-12-19 10:24:20.964 | INFO     | __main__:processar_oferta:101 - 🔎 Processando AMAZON | AUTO
2025-12-19 10:24:21.066 | WARNING  | src.core.ai_brain:gerar_legenda:61 - ⚠️ Groq falhou: Error code: 429 - {'error': {'message': 'Rate limit reached for model `llama-3.3-70b-versatile` in organization `org_01kc501pn3e288tyj2fr87cdcm` service tier `on_demand` on tokens per day (TPD): Limit 100000, Used 99959, Requested 464. Please try again in 6m5.472s. Need more tokens? Upgrade to Dev Tier today at https://console.groq.com/settings/billing', 'type': 'tokens', 'code': 'rate_limit_exceeded'}}. Tentando Gemini...
2025-12-19 10:24:22.197 | ERROR    | src.core.ai_brain:gerar_legenda:68 - ❌ Gemini falhou: 404 models/gemini-pro is not found for API version v1beta, or is not supported for generateContent. Call ListModels to see the list of available models and their supported methods.
2025-12-19 10:24:22.197 | CRITICAL | src.core.ai_brain:gerar_legenda:71 - ☠️ Ambas IAs falharam. Usando Fallback Manual.
2025-12-19 10:24:22.198 | INFO     | __main__:processar_oferta:112 - 📸 Baixando imagem do Telegram...
2025-12-19 10:24:22.201 | INFO     | __main__:processar_oferta:89 - ♻️ Oferta repetida ignorada: https://s.shopee.com.br/7fSti7nhkT
2025-12-19 10:24:23.111 | INFO     | __main__:processar_oferta:101 - 🔎 Processando SHOPEE | AUTO
2025-12-19 10:24:23.147 | WARNING  | src.core.ai_brain:gerar_legenda:61 - ⚠️ Groq falhou: Error code: 429 - {'error': {'message': 'Rate limit reached for model `llama-3.3-70b-versatile` in organization `org_01kc501pn3e288tyj2fr87cdcm` service tier `on_demand` on tokens per day (TPD): Limit 100000, Used 99956, Requested 509. Please try again in 6m41.76s. Need more tokens? Upgrade to Dev Tier today at https://console.groq.com/settings/billing', 'type': 'tokens', 'code': 'rate_limit_exceeded'}}. Tentando Gemini...
2025-12-19 10:24:23.329 | ERROR    | src.core.ai_brain:gerar_legenda:68 - ❌ Gemini falhou: 404 models/gemini-pro is not found for API version v1beta, or is not supported for generateContent. Call ListModels to see the list of available models and their supported methods.
2025-12-19 10:24:23.329 | CRITICAL | src.core.ai_brain:gerar_legenda:71 - ☠️ Ambas IAs falharam. Usando Fallback Manual.
2025-12-19 10:24:23.330 | INFO     | __main__:processar_oferta:112 - 📸 Baixando imagem do Telegram...
2025-12-19 10:24:24.779 | INFO     | __main__:processar_oferta:101 - 🔎 Processando SHOPEE | AUTO
2025-12-19 10:24:24.816 | WARNING  | src.core.ai_brain:gerar_legenda:61 - ⚠️ Groq falhou: Error code: 429 - {'error': {'message': 'Rate limit reached for model `llama-3.3-70b-versatile` in organization `org_01kc501pn3e288tyj2fr87cdcm` service tier `on_demand` on tokens per day (TPD): Limit 100000, Used 99954, Requested 492. Please try again in 6m25.344s. Need more tokens? Upgrade to Dev Tier today at https://console.groq.com/settings/billing', 'type': 'tokens', 'code': 'rate_limit_exceeded'}}. Tentando Gemini...
2025-12-19 10:24:24.991 | ERROR    | src.core.ai_brain:gerar_legenda:68 - ❌ Gemini falhou: 404 models/gemini-pro is not found for API version v1beta, or is not supported for generateContent. Call ListModels to see the list of available models and their supported methods.
2025-12-19 10:24:24.991 | CRITICAL | src.core.ai_brain:gerar_legenda:71 - ☠️ Ambas IAs falharam. Usando Fallback Manual.
2025-12-19 10:24:24.992 | INFO     | __main__:processar_oferta:112 - 📸 Baixando imagem do Telegram...
2025-12-19 10:24:26.072 | SUCCESS  | __main__:processar_oferta:131 - 📱 Oferta AMAZON enviada no WhatsApp!
2025-12-19 10:24:26.238 | WARNING  | __main__:processar_oferta:149 - 🐦 Erro no X (provável limite 429): 429 Too Many Requests
Too Many Requests
2025-12-19 10:24:27.252 | SUCCESS  | __main__:processar_oferta:131 - 📱 Oferta SHOPEE enviada no WhatsApp!
2025-12-19 10:24:27.413 | WARNING  | __main__:processar_oferta:149 - 🐦 Erro no X (provável limite 429): 429 Too Many Requests
Too Many Requests
2025-12-19 10:24:27.671 | SUCCESS  | __main__:processar_oferta:131 - 📱 Oferta SHOPEE enviada no WhatsApp!
2025-12-19 10:24:27.840 | WARNING  | __main__:processar_oferta:149 - 🐦 Erro no X (provável limite 429): 429 Too Many Requests
Too Many Requests
2025-12-19 10:24:27.841 | INFO     | __main__:processar_oferta:156 - 🧹 Imagem temporária removida.
2025-12-19 10:24:27.841 | INFO     | __main__:processar_oferta:162 - ⏳ Aguardando 30 segundos para a próxima postagem...
2025-12-19 10:24:28.925 | INFO     | __main__:processar_oferta:156 - 🧹 Imagem temporária removida.
2025-12-19 10:24:28.926 | INFO     | __main__:processar_oferta:162 - ⏳ Aguardando 30 segundos para a próxima postagem...
2025-12-19 10:24:29.343 | INFO     | __main__:processar_oferta:156 - 🧹 Imagem temporária removida.
2025-12-19 10:24:29.343 | INFO     | __main__:processar_oferta:162 - ⏳ Aguardando 30 segundos para a próxima postagem...
2025-12-19 10:24:59.064 | INFO     | __main__:processar_oferta:89 - ♻️ Oferta repetida ignorada: https://nerdcupons.com
2025-12-19 10:25:00.073 | INFO     | __main__:processar_oferta:101 - 🔎 Processando SHOPEE | AUTO
2025-12-19 10:25:00.159 | WARNING  | src.core.ai_brain:gerar_legenda:61 - ⚠️ Groq falhou: Error code: 429 - {'error': {'message': 'Rate limit reached for model `llama-3.3-70b-versatile` in organization `org_01kc501pn3e288tyj2fr87cdcm` service tier `on_demand` on tokens per day (TPD): Limit 100000, Used 99914, Requested 492. Please try again in 5m50.784s. Need more tokens? Upgrade to Dev Tier today at https://console.groq.com/settings/billing', 'type': 'tokens', 'code': 'rate_limit_exceeded'}}. Tentando Gemini...
2025-12-19 10:25:00.342 | ERROR    | src.core.ai_brain:gerar_legenda:68 - ❌ Gemini falhou: 404 models/gemini-pro is not found for API version v1beta, or is not supported for generateContent. Call ListModels to see the list of available models and their supported methods.
2025-12-19 10:25:00.342 | CRITICAL | src.core.ai_brain:gerar_legenda:71 - ☠️ Ambas IAs falharam. Usando Fallback Manual.
2025-12-19 10:25:00.343 | INFO     | __main__:processar_oferta:112 - 📸 Baixando imagem do Telegram...
2025-12-19 10:25:01.480 | INFO     | __main__:processar_oferta:89 - ♻️ Oferta repetida ignorada: https://s.shopee.com.br/7fSti7nhkT
2025-12-19 10:25:02.326 | INFO     | __main__:processar_oferta:101 - 🔎 Processando SHOPEE | AUTO
2025-12-19 10:25:02.357 | WARNING  | src.core.ai_brain:gerar_legenda:61 - ⚠️ Groq falhou: Error code: 429 - {'error': {'message': 'Rate limit reached for model `llama-3.3-70b-versatile` in organization `org_01kc501pn3e288tyj2fr87cdcm` service tier `on_demand` on tokens per day (TPD): Limit 100000, Used 99911, Requested 502. Please try again in 5m56.832s. Need more tokens? Upgrade to Dev Tier today at https://console.groq.com/settings/billing', 'type': 'tokens', 'code': 'rate_limit_exceeded'}}. Tentando Gemini...
2025-12-19 10:25:02.531 | ERROR    | src.core.ai_brain:gerar_legenda:68 - ❌ Gemini falhou: 404 models/gemini-pro is not found for API version v1beta, or is not supported for generateContent. Call ListModels to see the list of available models and their supported methods.
2025-12-19 10:25:02.531 | CRITICAL | src.core.ai_brain:gerar_legenda:71 - ☠️ Ambas IAs falharam. Usando Fallback Manual.
2025-12-19 10:25:02.531 | INFO     | __main__:processar_oferta:112 - 📸 Baixando imagem do Telegram...
2025-12-19 10:25:03.741 | SUCCESS  | __main__:processar_oferta:131 - 📱 Oferta SHOPEE enviada no WhatsApp!
2025-12-19 10:25:03.898 | WARNING  | __main__:processar_oferta:149 - 🐦 Erro no X (provável limite 429): 429 Too Many Requests
Too Many Requests
2025-12-19 10:25:03.901 | INFO     | __main__:processar_oferta:89 - ♻️ Oferta repetida ignorada: https://descontostop.com/grupo-promocoes-whatsapp-telegram-cupom-desconto/
2025-12-19 10:25:05.379 | SUCCESS  | __main__:processar_oferta:131 - 📱 Oferta SHOPEE enviada no WhatsApp!
2025-12-19 10:25:05.543 | WARNING  | __main__:processar_oferta:149 - 🐦 Erro no X (provável limite 429): 429 Too Many Requests
Too Many Requests
2025-12-19 10:25:05.544 | INFO     | __main__:processar_oferta:156 - 🧹 Imagem temporária removida.
2025-12-19 10:25:05.544 | INFO     | __main__:processar_oferta:162 - ⏳ Aguardando 30 segundos para a próxima postagem...
2025-12-19 10:25:07.048 | INFO     | __main__:processar_oferta:156 - 🧹 Imagem temporária removida.
2025-12-19 10:25:07.048 | INFO     | __main__:processar_oferta:162 - ⏳ Aguardando 30 segundos para a próxima postagem...
2025-12-19 10:25:26.109 | INFO     | __main__:processar_oferta:101 - 🔎 Processando SHOPEE | AUTO
2025-12-19 10:25:26.210 | WARNING  | src.core.ai_brain:gerar_legenda:61 - ⚠️ Groq falhou: Error code: 429 - {'error': {'message': 'Rate limit reached for model `llama-3.3-70b-versatile` in organization `org_01kc501pn3e288tyj2fr87cdcm` service tier `on_demand` on tokens per day (TPD): Limit 100000, Used 99883, Requested 443. Please try again in 4m41.664s. Need more tokens? Upgrade to Dev Tier today at https://console.groq.com/settings/billing', 'type': 'tokens', 'code': 'rate_limit_exceeded'}}. Tentando Gemini...
2025-12-19 10:25:26.385 | ERROR    | src.core.ai_brain:gerar_legenda:68 - ❌ Gemini falhou: 404 models/gemini-pro is not found for API version v1beta, or is not supported for generateContent. Call ListModels to see the list of available models and their supported methods.
2025-12-19 10:25:26.385 | CRITICAL | src.core.ai_brain:gerar_legenda:71 - ☠️ Ambas IAs falharam. Usando Fallback Manual.
2025-12-19 10:25:26.385 | INFO     | __main__:processar_oferta:112 - 📸 Baixando imagem do Telegram...
2025-12-19 10:25:26.389 | INFO     | __main__:processar_oferta:89 - ♻️ Oferta repetida ignorada: https://www.mercadolivre.com.br/social/promozonevip
2025-12-19 10:25:29.445 | SUCCESS  | __main__:processar_oferta:131 - 📱 Oferta SHOPEE enviada no WhatsApp!
2025-12-19 10:25:29.608 | WARNING  | __main__:processar_oferta:149 - 🐦 Erro no X (provável limite 429): 429 Too Many Requests
Too Many Requests
2025-12-19 10:25:31.116 | INFO     | __main__:processar_oferta:156 - 🧹 Imagem temporária removida.
2025-12-19 10:25:31.116 | INFO     | __main__:processar_oferta:162 - ⏳ Aguardando 30 segundos para a próxima postagem...
2025-12-19 10:25:37.165 | INFO     | __main__:processar_oferta:89 - ♻️ Oferta repetida ignorada: https://nerdcupons.com
2025-12-19 10:26:25.903 | INFO     | __main__:processar_oferta:101 - 🔎 Processando AMAZON | AUTO
2025-12-19 10:26:25.905 | INFO     | __main__:processar_oferta:101 - 🔎 Processando AMAZON | AUTO
2025-12-19 10:26:26.008 | WARNING  | src.core.ai_brain:gerar_legenda:61 - ⚠️ Groq falhou: Error code: 429 - {'error': {'message': 'Rate limit reached for model `llama-3.3-70b-versatile` in organization `org_01kc501pn3e288tyj2fr87cdcm` service tier `on_demand` on tokens per day (TPD): Limit 100000, Used 99814, Requested 438. Please try again in 3m37.728s. Need more tokens? Upgrade to Dev Tier today at https://console.groq.com/settings/billing', 'type': 'tokens', 'code': 'rate_limit_exceeded'}}. Tentando Gemini...
2025-12-19 10:26:26.177 | ERROR    | src.core.ai_brain:gerar_legenda:68 - ❌ Gemini falhou: 404 models/gemini-pro is not found for API version v1beta, or is not supported for generateContent. Call ListModels to see the list of available models and their supported methods.
2025-12-19 10:26:26.178 | CRITICAL | src.core.ai_brain:gerar_legenda:71 - ☠️ Ambas IAs falharam. Usando Fallback Manual.
2025-12-19 10:26:26.178 | INFO     | __main__:processar_oferta:112 - 📸 Baixando imagem do Telegram...
2025-12-19 10:26:26.181 | WARNING  | src.core.ai_brain:gerar_legenda:61 - ⚠️ Groq falhou: Error code: 429 - {'error': {'message': 'Rate limit reached for model `llama-3.3-70b-versatile` in organization `org_01kc501pn3e288tyj2fr87cdcm` service tier `on_demand` on tokens per day (TPD): Limit 100000, Used 99814, Requested 461. Please try again in 3m57.6s. Need more tokens? Upgrade to Dev Tier today at https://console.groq.com/settings/billing', 'type': 'tokens', 'code': 'rate_limit_exceeded'}}. Tentando Gemini...
2025-12-19 10:26:26.868 | ERROR    | src.core.ai_brain:gerar_legenda:68 - ❌ Gemini falhou: 404 models/gemini-pro is not found for API version v1beta, or is not supported for generateContent. Call ListModels to see the list of available models and their supported methods.
2025-12-19 10:26:26.868 | CRITICAL | src.core.ai_brain:gerar_legenda:71 - ☠️ Ambas IAs falharam. Usando Fallback Manual.
2025-12-19 10:26:26.868 | INFO     | __main__:processar_oferta:112 - 📸 Baixando imagem do Telegram...
2025-12-19 10:26:26.871 | INFO     | __main__:processar_oferta:89 - ♻️ Oferta repetida ignorada: https://s.shopee.com.br/40RxcgvVPk
2025-12-19 10:26:28.806 | INFO     | __main__:processar_oferta:101 - 🔎 Processando SHOPEE | AUTO
2025-12-19 10:26:28.849 | WARNING  | src.core.ai_brain:gerar_legenda:61 - ⚠️ Groq falhou: Error code: 429 - {'error': {'message': 'Rate limit reached for model `llama-3.3-70b-versatile` in organization `org_01kc501pn3e288tyj2fr87cdcm` service tier `on_demand` on tokens per day (TPD): Limit 100000, Used 99811, Requested 466. Please try again in 3m59.328s. Need more tokens? Upgrade to Dev Tier today at https://console.groq.com/settings/billing', 'type': 'tokens', 'code': 'rate_limit_exceeded'}}. Tentando Gemini...
2025-12-19 10:26:29.018 | ERROR    | src.core.ai_brain:gerar_legenda:68 - ❌ Gemini falhou: 404 models/gemini-pro is not found for API version v1beta, or is not supported for generateContent. Call ListModels to see the list of available models and their supported methods.
2025-12-19 10:26:29.018 | CRITICAL | src.core.ai_brain:gerar_legenda:71 - ☠️ Ambas IAs falharam. Usando Fallback Manual.
2025-12-19 10:26:29.019 | INFO     | __main__:processar_oferta:112 - 📸 Baixando imagem do Telegram...
2025-12-19 10:26:32.243 | SUCCESS  | __main__:processar_oferta:131 - 📱 Oferta AMAZON enviada no WhatsApp!
2025-12-19 10:26:32.407 | WARNING  | __main__:processar_oferta:149 - 🐦 Erro no X (provável limite 429): 429 Too Many Requests
Too Many Requests
2025-12-19 10:26:32.597 | SUCCESS  | __main__:processar_oferta:131 - 📱 Oferta AMAZON enviada no WhatsApp!
2025-12-19 10:26:32.760 | WARNING  | __main__:processar_oferta:149 - 🐦 Erro no X (provável limite 429): 429 Too Many Requests
Too Many Requests
2025-12-19 10:26:33.727 | SUCCESS  | __main__:processar_oferta:131 - 📱 Oferta SHOPEE enviada no WhatsApp!
2025-12-19 10:26:33.885 | WARNING  | __main__:processar_oferta:149 - 🐦 Erro no X (provável limite 429): 429 Too Many Requests
Too Many Requests
2025-12-19 10:26:33.909 | INFO     | __main__:processar_oferta:156 - 🧹 Imagem temporária removida.
2025-12-19 10:26:33.909 | INFO     | __main__:processar_oferta:162 - ⏳ Aguardando 30 segundos para a próxima postagem...
2025-12-19 10:26:34.264 | INFO     | __main__:processar_oferta:156 - 🧹 Imagem temporária removida.
2025-12-19 10:26:34.264 | INFO     | __main__:processar_oferta:162 - ⏳ Aguardando 30 segundos para a próxima postagem...
2025-12-19 10:26:35.395 | INFO     | __main__:processar_oferta:156 - 🧹 Imagem temporária removida.
2025-12-19 10:26:35.395 | INFO     | __main__:processar_oferta:162 - ⏳ Aguardando 30 segundos para a próxima postagem...
2025-12-19 10:27:26.110 | INFO     | __main__:processar_oferta:101 - 🔎 Processando SHOPEE | AUTO
2025-12-19 10:27:26.112 | INFO     | __main__:processar_oferta:101 - 🔎 Processando SHOPEE | AUTO
2025-12-19 10:27:26.196 | WARNING  | src.core.ai_brain:gerar_legenda:61 - ⚠️ Groq falhou: Error code: 429 - {'error': {'message': 'Rate limit reached for model `llama-3.3-70b-versatile` in organization `org_01kc501pn3e288tyj2fr87cdcm` service tier `on_demand` on tokens per day (TPD): Limit 100000, Used 99745, Requested 476. Please try again in 3m10.944s. Need more tokens? Upgrade to Dev Tier today at https://console.groq.com/settings/billing', 'type': 'tokens', 'code': 'rate_limit_exceeded'}}. Tentando Gemini...
2025-12-19 10:27:26.375 | ERROR    | src.core.ai_brain:gerar_legenda:68 - ❌ Gemini falhou: 404 models/gemini-pro is not found for API version v1beta, or is not supported for generateContent. Call ListModels to see the list of available models and their supported methods.
2025-12-19 10:27:26.376 | CRITICAL | src.core.ai_brain:gerar_legenda:71 - ☠️ Ambas IAs falharam. Usando Fallback Manual.
2025-12-19 10:27:26.376 | INFO     | __main__:processar_oferta:112 - 📸 Baixando imagem do Telegram...
2025-12-19 10:27:26.379 | WARNING  | src.core.ai_brain:gerar_legenda:61 - ⚠️ Groq falhou: Error code: 429 - {'error': {'message': 'Rate limit reached for model `llama-3.3-70b-versatile` in organization `org_01kc501pn3e288tyj2fr87cdcm` service tier `on_demand` on tokens per day (TPD): Limit 100000, Used 99745, Requested 425. Please try again in 2m26.88s. Need more tokens? Upgrade to Dev Tier today at https://console.groq.com/settings/billing', 'type': 'tokens', 'code': 'rate_limit_exceeded'}}. Tentando Gemini...
2025-12-19 10:27:27.051 | ERROR    | src.core.ai_brain:gerar_legenda:68 - ❌ Gemini falhou: 404 models/gemini-pro is not found for API version v1beta, or is not supported for generateContent. Call ListModels to see the list of available models and their supported methods.
2025-12-19 10:27:27.051 | CRITICAL | src.core.ai_brain:gerar_legenda:71 - ☠️ Ambas IAs falharam. Usando Fallback Manual.
2025-12-19 10:27:27.052 | INFO     | __main__:processar_oferta:112 - 📸 Baixando imagem do Telegram...
2025-12-19 10:27:29.043 | INFO     | __main__:processar_oferta:89 - ♻️ Oferta repetida ignorada: https://descontostop.com/grupo-promocoes-whatsapp-telegram-cupom-desconto/
2025-12-19 10:27:30.592 | SUCCESS  | __main__:processar_oferta:131 - 📱 Oferta SHOPEE enviada no WhatsApp!
2025-12-19 10:27:30.754 | WARNING  | __main__:processar_oferta:149 - 🐦 Erro no X (provável limite 429): 429 Too Many Requests
Too Many Requests
2025-12-19 10:27:30.973 | SUCCESS  | __main__:processar_oferta:131 - 📱 Oferta SHOPEE enviada no WhatsApp!
2025-12-19 10:27:31.136 | WARNING  | __main__:processar_oferta:149 - 🐦 Erro no X (provável limite 429): 429 Too Many Requests
Too Many Requests
2025-12-19 10:27:32.265 | INFO     | __main__:processar_oferta:156 - 🧹 Imagem temporária removida.
2025-12-19 10:27:32.266 | INFO     | __main__:processar_oferta:162 - ⏳ Aguardando 30 segundos para a próxima postagem...
2025-12-19 10:27:32.639 | INFO     | __main__:processar_oferta:156 - 🧹 Imagem temporária removida.
2025-12-19 10:27:32.639 | INFO     | __main__:processar_oferta:162 - ⏳ Aguardando 30 segundos para a próxima postagem...
2025-12-19 10:28:02.975 | INFO     | __main__:processar_oferta:101 - 🔎 Processando SHOPEE | AUTO
2025-12-19 10:28:03.063 | WARNING  | src.core.ai_brain:gerar_legenda:61 - ⚠️ Groq falhou: Error code: 429 - {'error': {'message': 'Rate limit reached for model `llama-3.3-70b-versatile` in organization `org_01kc501pn3e288tyj2fr87cdcm` service tier `on_demand` on tokens per day (TPD): Limit 100000, Used 99702, Requested 476. Please try again in 2m33.792s. Need more tokens? Upgrade to Dev Tier today at https://console.groq.com/settings/billing', 'type': 'tokens', 'code': 'rate_limit_exceeded'}}. Tentando Gemini...
2025-12-19 10:28:03.242 | ERROR    | src.core.ai_brain:gerar_legenda:68 - ❌ Gemini falhou: 404 models/gemini-pro is not found for API version v1beta, or is not supported for generateContent. Call ListModels to see the list of available models and their supported methods.
2025-12-19 10:28:03.242 | CRITICAL | src.core.ai_brain:gerar_legenda:71 - ☠️ Ambas IAs falharam. Usando Fallback Manual.
2025-12-19 10:28:03.242 | INFO     | __main__:processar_oferta:112 - 📸 Baixando imagem do Telegram...
2025-12-19 10:28:04.930 | INFO     | __main__:processar_oferta:89 - ♻️ Oferta repetida ignorada: https://r.amzlink.to/
2025-12-19 10:28:06.662 | SUCCESS  | __main__:processar_oferta:131 - 📱 Oferta SHOPEE enviada no WhatsApp!
2025-12-19 10:28:06.829 | WARNING  | __main__:processar_oferta:149 - 🐦 Erro no X (provável limite 429): 429 Too Many Requests
Too Many Requests
2025-12-19 10:28:08.333 | INFO     | __main__:processar_oferta:156 - 🧹 Imagem temporária removida.
2025-12-19 10:28:08.333 | INFO     | __main__:processar_oferta:162 - ⏳ Aguardando 30 segundos para a próxima postagem...
2025-12-19 10:28:26.126 | INFO     | __main__:processar_oferta:101 - 🔎 Processando SHOPEE | AUTO
2025-12-19 10:28:26.216 | WARNING  | src.core.ai_brain:gerar_legenda:61 - ⚠️ Groq falhou: Error code: 429 - {'error': {'message': 'Rate limit reached for model `llama-3.3-70b-versatile` in organization `org_01kc501pn3e288tyj2fr87cdcm` service tier `on_demand` on tokens per day (TPD): Limit 100000, Used 99675, Requested 480. Please try again in 2m13.919999999s. Need more tokens? Upgrade to Dev Tier today at https://console.groq.com/settings/billing', 'type': 'tokens', 'code': 'rate_limit_exceeded'}}. Tentando Gemini...
2025-12-19 10:28:26.391 | ERROR    | src.core.ai_brain:gerar_legenda:68 - ❌ Gemini falhou: 404 models/gemini-pro is not found for API version v1beta, or is not supported for generateContent. Call ListModels to see the list of available models and their supported methods.
2025-12-19 10:28:26.392 | CRITICAL | src.core.ai_brain:gerar_legenda:71 - ☠️ Ambas IAs falharam. Usando Fallback Manual.
2025-12-19 10:28:26.392 | INFO     | __main__:processar_oferta:112 - 📸 Baixando imagem do Telegram...
2025-12-19 10:28:29.963 | SUCCESS  | __main__:processar_oferta:131 - 📱 Oferta SHOPEE enviada no WhatsApp!
2025-12-19 10:28:30.122 | WARNING  | __main__:processar_oferta:149 - 🐦 Erro no X (provável limite 429): 429 Too Many Requests
Too Many Requests
2025-12-19 10:28:31.624 | INFO     | __main__:processar_oferta:156 - 🧹 Imagem temporária removida.
2025-12-19 10:28:31.625 | INFO     | __main__:processar_oferta:162 - ⏳ Aguardando 30 segundos para a próxima postagem...
2025-12-19 10:29:02.329 | INFO     | __main__:processar_oferta:101 - 🔎 Processando SHOPEE | AUTO
2025-12-19 10:29:02.418 | WARNING  | src.core.ai_brain:gerar_legenda:61 - ⚠️ Groq falhou: Error code: 429 - {'error': {'message': 'Rate limit reached for model `llama-3.3-70b-versatile` in organization `org_01kc501pn3e288tyj2fr87cdcm` service tier `on_demand` on tokens per day (TPD): Limit 100000, Used 99633, Requested 480. Please try again in 1m37.631999999s. Need more tokens? Upgrade to Dev Tier today at https://console.groq.com/settings/billing', 'type': 'tokens', 'code': 'rate_limit_exceeded'}}. Tentando Gemini...
2025-12-19 10:29:02.594 | ERROR    | src.core.ai_brain:gerar_legenda:68 - ❌ Gemini falhou: 404 models/gemini-pro is not found for API version v1beta, or is not supported for generateContent. Call ListModels to see the list of available models and their supported methods.
2025-12-19 10:29:02.595 | CRITICAL | src.core.ai_brain:gerar_legenda:71 - ☠️ Ambas IAs falharam. Usando Fallback Manual.
2025-12-19 10:29:02.595 | INFO     | __main__:processar_oferta:112 - 📸 Baixando imagem do Telegram...
2025-12-19 10:29:03.773 | INFO     | __main__:processar_oferta:101 - 🔎 Processando SHOPEE | AUTO
2025-12-19 10:29:03.825 | WARNING  | src.core.ai_brain:gerar_legenda:61 - ⚠️ Groq falhou: Error code: 429 - {'error': {'message': 'Rate limit reached for model `llama-3.3-70b-versatile` in organization `org_01kc501pn3e288tyj2fr87cdcm` service tier `on_demand` on tokens per day (TPD): Limit 100000, Used 99632, Requested 485. Please try again in 1m41.088s. Need more tokens? Upgrade to Dev Tier today at https://console.groq.com/settings/billing', 'type': 'tokens', 'code': 'rate_limit_exceeded'}}. Tentando Gemini...
2025-12-19 10:29:04.003 | ERROR    | src.core.ai_brain:gerar_legenda:68 - ❌ Gemini falhou: 404 models/gemini-pro is not found for API version v1beta, or is not supported for generateContent. Call ListModels to see the list of available models and their supported methods.
2025-12-19 10:29:04.003 | CRITICAL | src.core.ai_brain:gerar_legenda:71 - ☠️ Ambas IAs falharam. Usando Fallback Manual.
2025-12-19 10:29:04.003 | INFO     | __main__:processar_oferta:112 - 📸 Baixando imagem do Telegram...
2025-12-19 10:29:06.618 | SUCCESS  | __main__:processar_oferta:131 - 📱 Oferta SHOPEE enviada no WhatsApp!
2025-12-19 10:29:06.778 | WARNING  | __main__:processar_oferta:149 - 🐦 Erro no X (provável limite 429): 429 Too Many Requests
Too Many Requests
2025-12-19 10:29:07.006 | SUCCESS  | __main__:processar_oferta:131 - 📱 Oferta SHOPEE enviada no WhatsApp!
2025-12-19 10:29:07.178 | WARNING  | __main__:processar_oferta:149 - 🐦 Erro no X (provável limite 429): 429 Too Many Requests
Too Many Requests
2025-12-19 10:29:08.283 | INFO     | __main__:processar_oferta:156 - 🧹 Imagem temporária removida.
2025-12-19 10:29:08.283 | INFO     | __main__:processar_oferta:162 - ⏳ Aguardando 30 segundos para a próxima postagem...
2025-12-19 10:29:08.687 | INFO     | __main__:processar_oferta:156 - 🧹 Imagem temporária removida.
2025-12-19 10:29:08.688 | INFO     | __main__:processar_oferta:162 - ⏳ Aguardando 30 segundos para a próxima postagem...
2025-12-19 10:29:26.377 | INFO     | __main__:processar_oferta:89 - ♻️ Oferta repetida ignorada: https://www.mercadolivre.com.br/social/agenciarice
2025-12-19 10:29:39.385 | INFO     | __main__:processar_oferta:101 - 🔎 Processando SHOPEE | AUTO
2025-12-19 10:29:39.464 | WARNING  | src.core.ai_brain:gerar_legenda:61 - ⚠️ Groq falhou: Error code: 429 - {'error': {'message': 'Rate limit reached for model `llama-3.3-70b-versatile` in organization `org_01kc501pn3e288tyj2fr87cdcm` service tier `on_demand` on tokens per day (TPD): Limit 100000, Used 99590, Requested 485. Please try again in 1m4.8s. Need more tokens? Upgrade to Dev Tier today at https://console.groq.com/settings/billing', 'type': 'tokens', 'code': 'rate_limit_exceeded'}}. Tentando Gemini...
2025-12-19 10:29:39.640 | ERROR    | src.core.ai_brain:gerar_legenda:68 - ❌ Gemini falhou: 404 models/gemini-pro is not found for API version v1beta, or is not supported for generateContent. Call ListModels to see the list of available models and their supported methods.
2025-12-19 10:29:39.640 | CRITICAL | src.core.ai_brain:gerar_legenda:71 - ☠️ Ambas IAs falharam. Usando Fallback Manual.
2025-12-19 10:29:39.641 | INFO     | __main__:processar_oferta:112 - 📸 Baixando imagem do Telegram...
2025-12-19 10:29:40.832 | INFO     | __main__:processar_oferta:101 - 🔎 Processando SHOPEE | AUTO
2025-12-19 10:29:40.867 | WARNING  | src.core.ai_brain:gerar_legenda:61 - ⚠️ Groq falhou: Error code: 429 - {'error': {'message': 'Rate limit reached for model `llama-3.3-70b-versatile` in organization `org_01kc501pn3e288tyj2fr87cdcm` service tier `on_demand` on tokens per day (TPD): Limit 100000, Used 99589, Requested 485. Please try again in 1m3.936s. Need more tokens? Upgrade to Dev Tier today at https://console.groq.com/settings/billing', 'type': 'tokens', 'code': 'rate_limit_exceeded'}}. Tentando Gemini...
2025-12-19 10:29:41.037 | ERROR    | src.core.ai_brain:gerar_legenda:68 - ❌ Gemini falhou: 404 models/gemini-pro is not found for API version v1beta, or is not supported for generateContent. Call ListModels to see the list of available models and their supported methods.
2025-12-19 10:29:41.037 | CRITICAL | src.core.ai_brain:gerar_legenda:71 - ☠️ Ambas IAs falharam. Usando Fallback Manual.
2025-12-19 10:29:41.037 | INFO     | __main__:processar_oferta:112 - 📸 Baixando imagem do Telegram...
2025-12-19 10:29:43.118 | SUCCESS  | __main__:processar_oferta:131 - 📱 Oferta SHOPEE enviada no WhatsApp!
2025-12-19 10:29:43.286 | WARNING  | __main__:processar_oferta:149 - 🐦 Erro no X (provável limite 429): 429 Too Many Requests
Too Many Requests
2025-12-19 10:29:43.956 | SUCCESS  | __main__:processar_oferta:131 - 📱 Oferta SHOPEE enviada no WhatsApp!
2025-12-19 10:29:44.113 | WARNING  | __main__:processar_oferta:149 - 🐦 Erro no X (provável limite 429): 429 Too Many Requests
Too Many Requests
2025-12-19 10:29:44.792 | INFO     | __main__:processar_oferta:156 - 🧹 Imagem temporária removida.
2025-12-19 10:29:44.793 | INFO     | __main__:processar_oferta:162 - ⏳ Aguardando 30 segundos para a próxima postagem...
2025-12-19 10:29:45.616 | INFO     | __main__:processar_oferta:156 - 🧹 Imagem temporária removida.
2025-12-19 10:29:45.616 | INFO     | __main__:processar_oferta:162 - ⏳ Aguardando 30 segundos para a próxima postagem...
2025-12-19 10:30:16.931 | INFO     | __main__:processar_oferta:89 - ♻️ Oferta repetida ignorada: https://descontostop.com/grupo-promocoes-whatsapp-telegram-cupom-desconto/
2025-12-19 10:30:25.995 | INFO     | __main__:processar_oferta:101 - 🔎 Processando AMAZON | AUTO
2025-12-19 10:30:26.393 | INFO     | __main__:processar_oferta:112 - 📸 Baixando imagem do Telegram...
2025-12-19 10:30:29.190 | ERROR    | src.infrastructure.whatsapp_client:enviar_oferta:34 - ⚠️ Erro ao enviar mídia: 
2025-12-19 10:30:31.868 | SUCCESS  | __main__:processar_oferta:131 - 📱 Oferta AMAZON enviada no WhatsApp!
2025-12-19 10:30:32.027 | WARNING  | __main__:processar_oferta:149 - 🐦 Erro no X (provável limite 429): 429 Too Many Requests
Too Many Requests
2025-12-19 10:30:33.539 | INFO     | __main__:processar_oferta:156 - 🧹 Imagem temporária removida.
2025-12-19 10:30:33.539 | INFO     | __main__:processar_oferta:162 - ⏳ Aguardando 30 segundos para a próxima postagem...
2025-12-19 10:31:26.573 | INFO     | __main__:processar_oferta:89 - ♻️ Oferta repetida ignorada: https://www.mercadolivre.com.br/social/agenciarice
2025-12-19 10:31:27.124 | INFO     | __main__:processar_oferta:101 - 🔎 Processando AMAZON | AUTO
2025-12-19 10:31:27.230 | WARNING  | src.core.ai_brain:gerar_legenda:61 - ⚠️ Groq falhou: Error code: 429 - {'error': {'message': 'Rate limit reached for model `llama-3.3-70b-versatile` in organization `org_01kc501pn3e288tyj2fr87cdcm` service tier `on_demand` on tokens per day (TPD): Limit 100000, Used 99930, Requested 448. Please try again in 5m26.592s. Need more tokens? Upgrade to Dev Tier today at https://console.groq.com/settings/billing', 'type': 'tokens', 'code': 'rate_limit_exceeded'}}. Tentando Gemini...
2025-12-19 10:31:27.411 | ERROR    | src.core.ai_brain:gerar_legenda:68 - ❌ Gemini falhou: 404 models/gemini-pro is not found for API version v1beta, or is not supported for generateContent. Call ListModels to see the list of available models and their supported methods.
2025-12-19 10:31:27.411 | CRITICAL | src.core.ai_brain:gerar_legenda:71 - ☠️ Ambas IAs falharam. Usando Fallback Manual.
2025-12-19 10:31:27.412 | INFO     | __main__:processar_oferta:112 - 📸 Baixando imagem do Telegram...
2025-12-19 10:31:32.764 | SUCCESS  | __main__:processar_oferta:131 - 📱 Oferta AMAZON enviada no WhatsApp!
2025-12-19 10:31:32.936 | WARNING  | __main__:processar_oferta:149 - 🐦 Erro no X (provável limite 429): 429 Too Many Requests
Too Many Requests
2025-12-19 10:31:34.440 | INFO     | __main__:processar_oferta:156 - 🧹 Imagem temporária removida.
2025-12-19 10:31:34.440 | INFO     | __main__:processar_oferta:162 - ⏳ Aguardando 30 segundos para a próxima postagem...
2025-12-19 10:31:38.780 | INFO     | __main__:<module>:190 - 🚫 Bot desligado.
2025-12-19 10:31:44.094 | INFO     | __main__:<module>:42 - 🐭 INICIANDO O RATO GARIMPEIRO ENTERPRISE (Modo MULTILOJAS)...
2025-12-19 10:31:44.390 | SUCCESS  | __main__:<module>:53 - ✅ Sistemas Core iniciados!
2025-12-19 10:31:44.390 | SUCCESS  | __main__:<module>:68 - 🐦 Twitter/X conectado!
2025-12-19 10:31:45.373 | INFO     | __main__:main:186 - 👀 Validando canais fonte...
2025-12-19 10:31:46.094 | SUCCESS  | __main__:main:201 - ✅ Monitoramento 34 canais fonte.
2025-12-19 10:32:46.808 | INFO     | __main__:processar_oferta:117 - 🔎 Processando SHOPEE | AUTO
2025-12-19 10:32:46.966 | WARNING  | src.core.ai_brain:gerar_legenda:61 - ⚠️ Groq falhou: Error code: 429 - {'error': {'message': 'Rate limit reached for model `llama-3.3-70b-versatile` in organization `org_01kc501pn3e288tyj2fr87cdcm` service tier `on_demand` on tokens per day (TPD): Limit 100000, Used 99838, Requested 444. Please try again in 4m3.648s. Need more tokens? Upgrade to Dev Tier today at https://console.groq.com/settings/billing', 'type': 'tokens', 'code': 'rate_limit_exceeded'}}. Tentando Gemini...
2025-12-19 10:32:47.387 | ERROR    | src.core.ai_brain:gerar_legenda:68 - ❌ Gemini falhou: 404 models/gemini-pro is not found for API version v1beta, or is not supported for generateContent. Call ListModels to see the list of available models and their supported methods.
2025-12-19 10:32:47.388 | CRITICAL | src.core.ai_brain:gerar_legenda:71 - ☠️ Ambas IAs falharam. Usando Fallback Manual.
2025-12-19 10:32:47.388 | INFO     | __main__:processar_oferta:128 - 📸 Baixando imagem do Telegram...
2025-12-19 10:32:51.048 | SUCCESS  | __main__:processar_oferta:147 - 📱 Oferta SHOPEE enviada no WhatsApp!
2025-12-19 10:32:51.518 | WARNING  | __main__:processar_oferta:165 - 🐦 Erro no X (provável limite 429): 429 Too Many Requests
Too Many Requests
2025-12-19 10:32:53.029 | INFO     | __main__:processar_oferta:172 - 🧹 Imagem temporária removida.
2025-12-19 10:32:53.029 | INFO     | __main__:processar_oferta:177 - ⏳ Aguardando 30 segundos para a próxima postagem...
2025-12-19 10:34:46.783 | INFO     | __main__:processar_oferta:105 - ♻️ Oferta repetida ignorada: https://kabum.onelink.me/civn
2025-12-19 10:34:51.762 | INFO     | __main__:<module>:209 - 🚫 Bot desligado.
2025-12-19 10:34:56.552 | INFO     | __main__:<module>:42 - 🐭 INICIANDO O RATO GARIMPEIRO ENTERPRISE (Modo MULTILOJAS)...
2025-12-19 10:34:56.838 | SUCCESS  | __main__:<module>:53 - ✅ Sistemas Core iniciados!
2025-12-19 10:34:56.839 | SUCCESS  | __main__:<module>:68 - 🐦 Twitter/X conectado!
2025-12-19 10:34:57.796 | INFO     | __main__:main:186 - 👀 Validando canais fonte...
2025-12-19 10:34:58.483 | SUCCESS  | __main__:main:201 - ✅ Monitoramento 34 canais fonte.
2025-12-19 10:36:58.541 | INFO     | __main__:processar_oferta:117 - 🔎 Processando SHOPEE | AUTO
2025-12-19 10:36:58.662 | INFO     | __main__:processar_oferta:117 - 🔎 Processando NETSHOES | MANUAL
2025-12-19 10:37:00.402 | INFO     | __main__:processar_oferta:117 - 🔎 Processando AMAZON | AUTO
2025-12-19 10:37:00.802 | INFO     | __main__:processar_oferta:128 - 📸 Baixando imagem do Telegram...
2025-12-19 10:37:05.787 | WARNING  | src.core.ai_brain:gerar_legenda:61 - ⚠️ Groq falhou: Error code: 429 - {'error': {'message': 'Rate limit reached for model `llama-3.3-70b-versatile` in organization `org_01kc501pn3e288tyj2fr87cdcm` service tier `on_demand` on tokens per day (TPD): Limit 100000, Used 99995, Requested 462. Please try again in 6m34.848s. Need more tokens? Upgrade to Dev Tier today at https://console.groq.com/settings/billing', 'type': 'tokens', 'code': 'rate_limit_exceeded'}}. Tentando Gemini...
2025-12-19 10:37:06.768 | ERROR    | src.core.ai_brain:gerar_legenda:68 - ❌ Gemini falhou: 404 models/gemini-pro is not found for API version v1beta, or is not supported for generateContent. Call ListModels to see the list of available models and their supported methods.
2025-12-19 10:37:06.768 | CRITICAL | src.core.ai_brain:gerar_legenda:71 - ☠️ Ambas IAs falharam. Usando Fallback Manual.
2025-12-19 10:37:06.769 | INFO     | __main__:processar_oferta:128 - 📸 Baixando imagem do Telegram...
2025-12-19 10:37:08.215 | INFO     | __main__:processar_oferta:117 - 🔎 Processando SHOPEE | AUTO
2025-12-19 10:37:08.255 | WARNING  | src.core.ai_brain:gerar_legenda:61 - ⚠️ Groq falhou: Error code: 429 - {'error': {'message': 'Rate limit reached for model `llama-3.3-70b-versatile` in organization `org_01kc501pn3e288tyj2fr87cdcm` service tier `on_demand` on tokens per day (TPD): Limit 100000, Used 99992, Requested 457. Please try again in 6m27.936s. Need more tokens? Upgrade to Dev Tier today at https://console.groq.com/settings/billing', 'type': 'tokens', 'code': 'rate_limit_exceeded'}}. Tentando Gemini...
2025-12-19 10:37:08.427 | ERROR    | src.core.ai_brain:gerar_legenda:68 - ❌ Gemini falhou: 404 models/gemini-pro is not found for API version v1beta, or is not supported for generateContent. Call ListModels to see the list of available models and their supported methods.
2025-12-19 10:37:08.427 | CRITICAL | src.core.ai_brain:gerar_legenda:71 - ☠️ Ambas IAs falharam. Usando Fallback Manual.
2025-12-19 10:37:08.428 | INFO     | __main__:processar_oferta:128 - 📸 Baixando imagem do Telegram...
2025-12-19 10:37:10.488 | SUCCESS  | __main__:processar_oferta:147 - 📱 Oferta NETSHOES enviada no WhatsApp!
2025-12-19 10:37:11.149 | SUCCESS  | __main__:processar_oferta:147 - 📱 Oferta AMAZON enviada no WhatsApp!
2025-12-19 10:37:11.777 | WARNING  | __main__:processar_oferta:165 - 🐦 Erro no X (provável limite 429): 429 Too Many Requests
Too Many Requests
2025-12-19 10:37:11.779 | SUCCESS  | __main__:processar_oferta:147 - 📱 Oferta SHOPEE enviada no WhatsApp!
2025-12-19 10:37:12.100 | WARNING  | __main__:processar_oferta:165 - 🐦 Erro no X (provável limite 429): 429 Too Many Requests
Too Many Requests
2025-12-19 10:37:12.101 | INFO     | __main__:processar_oferta:172 - 🧹 Imagem temporária removida.
2025-12-19 10:37:12.101 | INFO     | __main__:processar_oferta:177 - ⏳ Aguardando 30 segundos para a próxima postagem...
2025-12-19 10:37:13.294 | INFO     | __main__:processar_oferta:172 - 🧹 Imagem temporária removida.
2025-12-19 10:37:13.294 | INFO     | __main__:processar_oferta:177 - ⏳ Aguardando 30 segundos para a próxima postagem...
2025-12-19 10:37:13.602 | INFO     | __main__:processar_oferta:172 - 🧹 Imagem temporária removida.
2025-12-19 10:37:13.602 | INFO     | __main__:processar_oferta:177 - ⏳ Aguardando 30 segundos para a próxima postagem...
2025-12-19 10:37:28.846 | WARNING  | src.core.ai_brain:gerar_legenda:61 - ⚠️ Groq falhou: Error code: 429 - {'error': {'message': 'Rate limit reached for model `llama-3.3-70b-versatile` in organization `org_01kc501pn3e288tyj2fr87cdcm` service tier `on_demand` on tokens per day (TPD): Limit 100000, Used 99968, Requested 488. Please try again in 6m33.984s. Need more tokens? Upgrade to Dev Tier today at https://console.groq.com/settings/billing', 'type': 'tokens', 'code': 'rate_limit_exceeded'}}. Tentando Gemini...
2025-12-19 10:37:29.021 | ERROR    | src.core.ai_brain:gerar_legenda:68 - ❌ Gemini falhou: 404 models/gemini-pro is not found for API version v1beta, or is not supported for generateContent. Call ListModels to see the list of available models and their supported methods.
2025-12-19 10:37:29.021 | CRITICAL | src.core.ai_brain:gerar_legenda:71 - ☠️ Ambas IAs falharam. Usando Fallback Manual.
2025-12-19 10:37:29.021 | INFO     | __main__:processar_oferta:128 - 📸 Baixando imagem do Telegram...
2025-12-19 10:37:32.797 | SUCCESS  | __main__:processar_oferta:147 - 📱 Oferta SHOPEE enviada no WhatsApp!
2025-12-19 10:37:33.121 | WARNING  | __main__:processar_oferta:165 - 🐦 Erro no X (provável limite 429): 429 Too Many Requests
Too Many Requests
2025-12-19 10:37:34.634 | INFO     | __main__:processar_oferta:172 - 🧹 Imagem temporária removida.
2025-12-19 10:37:34.634 | INFO     | __main__:processar_oferta:177 - ⏳ Aguardando 30 segundos para a próxima postagem...
2025-12-19 10:38:05.353 | INFO     | __main__:processar_oferta:117 - 🔎 Processando SHOPEE | AUTO
2025-12-19 10:38:05.471 | WARNING  | src.core.ai_brain:gerar_legenda:61 - ⚠️ Groq falhou: Error code: 429 - {'error': {'message': 'Rate limit reached for model `llama-3.3-70b-versatile` in organization `org_01kc501pn3e288tyj2fr87cdcm` service tier `on_demand` on tokens per day (TPD): Limit 100000, Used 99926, Requested 488. Please try again in 5m57.696s. Need more tokens? Upgrade to Dev Tier today at https://console.groq.com/settings/billing', 'type': 'tokens', 'code': 'rate_limit_exceeded'}}. Tentando Gemini...
2025-12-19 10:38:05.661 | ERROR    | src.core.ai_brain:gerar_legenda:68 - ❌ Gemini falhou: 404 models/gemini-pro is not found for API version v1beta, or is not supported for generateContent. Call ListModels to see the list of available models and their supported methods.
2025-12-19 10:38:05.661 | CRITICAL | src.core.ai_brain:gerar_legenda:71 - ☠️ Ambas IAs falharam. Usando Fallback Manual.
2025-12-19 10:38:05.661 | INFO     | __main__:processar_oferta:128 - 📸 Baixando imagem do Telegram...
2025-12-19 10:38:07.108 | INFO     | __main__:processar_oferta:117 - 🔎 Processando MERCADO LIVRE | MANUAL
2025-12-19 10:38:07.161 | WARNING  | src.core.ai_brain:gerar_legenda:61 - ⚠️ Groq falhou: Error code: 429 - {'error': {'message': 'Rate limit reached for model `llama-3.3-70b-versatile` in organization `org_01kc501pn3e288tyj2fr87cdcm` service tier `on_demand` on tokens per day (TPD): Limit 100000, Used 99924, Requested 460. Please try again in 5m31.776s. Need more tokens? Upgrade to Dev Tier today at https://console.groq.com/settings/billing', 'type': 'tokens', 'code': 'rate_limit_exceeded'}}. Tentando Gemini...
2025-12-19 10:38:07.334 | ERROR    | src.core.ai_brain:gerar_legenda:68 - ❌ Gemini falhou: 404 models/gemini-pro is not found for API version v1beta, or is not supported for generateContent. Call ListModels to see the list of available models and their supported methods.
2025-12-19 10:38:07.335 | CRITICAL | src.core.ai_brain:gerar_legenda:71 - ☠️ Ambas IAs falharam. Usando Fallback Manual.
2025-12-19 10:38:07.335 | INFO     | __main__:processar_oferta:128 - 📸 Baixando imagem do Telegram...
2025-12-19 10:38:10.436 | SUCCESS  | __main__:processar_oferta:147 - 📱 Oferta SHOPEE enviada no WhatsApp!
2025-12-19 10:38:10.755 | WARNING  | __main__:processar_oferta:165 - 🐦 Erro no X (provável limite 429): 429 Too Many Requests
Too Many Requests
2025-12-19 10:38:11.147 | SUCCESS  | __main__:processar_oferta:147 - 📱 Oferta MERCADO LIVRE enviada no WhatsApp!
2025-12-19 10:38:12.267 | INFO     | __main__:processar_oferta:172 - 🧹 Imagem temporária removida.
2025-12-19 10:38:12.267 | INFO     | __main__:processar_oferta:177 - ⏳ Aguardando 30 segundos para a próxima postagem...
2025-12-19 10:38:12.655 | INFO     | __main__:processar_oferta:172 - 🧹 Imagem temporária removida.
2025-12-19 10:38:12.656 | INFO     | __main__:processar_oferta:177 - ⏳ Aguardando 30 segundos para a próxima postagem...
2025-12-19 10:39:59.650 | INFO     | __main__:processar_oferta:105 - ♻️ Oferta repetida ignorada: https://descontostop.com/grupo-promocoes-whatsapp-telegram-cupom-desconto/
2025-12-19 10:41:59.738 | INFO     | __main__:processar_oferta:105 - ♻️ Oferta repetida ignorada: https://descontostop.com/grupo-promocoes-whatsapp-telegram-cupom-desconto/
2025-12-19 10:42:58.582 | INFO     | __main__:processar_oferta:117 - 🔎 Processando AMAZON | AUTO
2025-12-19 10:43:24.099 | INFO     | __main__:processar_oferta:128 - 📸 Baixando imagem do Telegram...
2025-12-19 10:43:30.057 | SUCCESS  | __main__:processar_oferta:147 - 📱 Oferta AMAZON enviada no WhatsApp!
2025-12-19 10:43:30.072 | WARNING  | __main__:processar_oferta:165 - 🐦 Erro no X (provável limite 429): ('Connection aborted.', ConnectionResetError(10054, 'Foi forçado o cancelamento de uma conexão existente pelo host remoto', None, 10054, None))
2025-12-19 10:43:31.584 | INFO     | __main__:processar_oferta:172 - 🧹 Imagem temporária removida.
2025-12-19 10:43:31.584 | INFO     | __main__:processar_oferta:177 - ⏳ Aguardando 30 segundos para a próxima postagem...
2025-12-19 10:43:41.638 | INFO     | __main__:<module>:209 - 🚫 Bot desligado.
2025-12-19 10:43:46.275 | INFO     | __main__:<module>:20 - 🐭 RATO GARIMPEIRO ATIVADO!
2025-12-19 10:43:46.557 | SUCCESS  | __main__:<module>:26 - ✅ Core OK!
2025-12-19 10:43:46.558 | SUCCESS  | __main__:<module>:38 - 🐦 X OK!
2025-12-19 10:43:48.272 | SUCCESS  | __main__:main:128 - 🚀 Rodando em 34 fontes.
2025-12-19 10:44:20.108 | INFO     | __main__:processar_oferta:76 - 🔎 AMAZON
2025-12-19 10:44:20.291 | WARNING  | src.core.ai_brain:gerar_legenda:61 - ⚠️ Groq falhou: Error code: 429 - {'error': {'message': 'Rate limit reached for model `llama-3.3-70b-versatile` in organization `org_01kc501pn3e288tyj2fr87cdcm` service tier `on_demand` on tokens per day (TPD): Limit 100000, Used 99935, Requested 461. Please try again in 5m42.144s. Need more tokens? Upgrade to Dev Tier today at https://console.groq.com/settings/billing', 'type': 'tokens', 'code': 'rate_limit_exceeded'}}. Tentando Gemini...
2025-12-19 10:44:20.607 | ERROR    | src.core.ai_brain:gerar_legenda:68 - ❌ Gemini falhou: 404 models/gemini-pro is not found for API version v1beta, or is not supported for generateContent. Call ListModels to see the list of available models and their supported methods.
2025-12-19 10:44:20.607 | CRITICAL | src.core.ai_brain:gerar_legenda:71 - ☠️ Ambas IAs falharam. Usando Fallback Manual.
2025-12-19 10:44:21.486 | WARNING  | __main__:processar_oferta:73 - 🚫 Loja ignorada ou Mercado Livre detectado.
2025-12-19 10:44:22.187 | INFO     | __main__:processar_oferta:76 - 🔎 AMAZON
2025-12-19 10:44:22.220 | WARNING  | src.core.ai_brain:gerar_legenda:61 - ⚠️ Groq falhou: Error code: 429 - {'error': {'message': 'Rate limit reached for model `llama-3.3-70b-versatile` in organization `org_01kc501pn3e288tyj2fr87cdcm` service tier `on_demand` on tokens per day (TPD): Limit 100000, Used 99933, Requested 459. Please try again in 5m38.688s. Need more tokens? Upgrade to Dev Tier today at https://console.groq.com/settings/billing', 'type': 'tokens', 'code': 'rate_limit_exceeded'}}. Tentando Gemini...
2025-12-19 10:44:22.399 | ERROR    | src.core.ai_brain:gerar_legenda:68 - ❌ Gemini falhou: 404 models/gemini-pro is not found for API version v1beta, or is not supported for generateContent. Call ListModels to see the list of available models and their supported methods.
2025-12-19 10:44:22.399 | CRITICAL | src.core.ai_brain:gerar_legenda:71 - ☠️ Ambas IAs falharam. Usando Fallback Manual.
2025-12-19 10:44:22.815 | INFO     | __main__:processar_oferta:76 - 🔎 ALIEXPRESS
2025-12-19 10:44:22.858 | WARNING  | src.core.ai_brain:gerar_legenda:61 - ⚠️ Groq falhou: Error code: 429 - {'error': {'message': 'Rate limit reached for model `llama-3.3-70b-versatile` in organization `org_01kc501pn3e288tyj2fr87cdcm` service tier `on_demand` on tokens per day (TPD): Limit 100000, Used 99932, Requested 519. Please try again in 6m29.664s. Need more tokens? Upgrade to Dev Tier today at https://console.groq.com/settings/billing', 'type': 'tokens', 'code': 'rate_limit_exceeded'}}. Tentando Gemini...
2025-12-19 10:44:23.078 | ERROR    | src.core.ai_brain:gerar_legenda:68 - ❌ Gemini falhou: 404 models/gemini-pro is not found for API version v1beta, or is not supported for generateContent. Call ListModels to see the list of available models and their supported methods.
2025-12-19 10:44:23.078 | CRITICAL | src.core.ai_brain:gerar_legenda:71 - ☠️ Ambas IAs falharam. Usando Fallback Manual.
2025-12-19 10:44:40.561 | ERROR    | __main__:processar_oferta:100 - ❌ Erro WA
2025-12-19 10:44:41.605 | ERROR    | __main__:processar_oferta:100 - ❌ Erro WA
2025-12-19 10:44:42.542 | INFO     | __main__:processar_oferta:114 - ⏳ 30s...
2025-12-19 10:44:43.269 | INFO     | __main__:processar_oferta:114 - ⏳ 30s...
2025-12-19 10:44:44.695 | ERROR    | __main__:processar_oferta:100 - ❌ Erro WA
2025-12-19 10:44:46.355 | INFO     | __main__:processar_oferta:114 - ⏳ 30s...
2025-12-19 10:45:35.872 | INFO     | __main__:processar_oferta:76 - 🔎 MERCADO LIVRE
2025-12-19 10:45:35.957 | WARNING  | src.core.ai_brain:gerar_legenda:61 - ⚠️ Groq falhou: Error code: 429 - {'error': {'message': 'Rate limit reached for model `llama-3.3-70b-versatile` in organization `org_01kc501pn3e288tyj2fr87cdcm` service tier `on_demand` on tokens per day (TPD): Limit 100000, Used 99848, Requested 438. Please try again in 4m7.104s. Need more tokens? Upgrade to Dev Tier today at https://console.groq.com/settings/billing', 'type': 'tokens', 'code': 'rate_limit_exceeded'}}. Tentando Gemini...
2025-12-19 10:45:36.137 | ERROR    | src.core.ai_brain:gerar_legenda:68 - ❌ Gemini falhou: 404 models/gemini-pro is not found for API version v1beta, or is not supported for generateContent. Call ListModels to see the list of available models and their supported methods.
2025-12-19 10:45:36.137 | CRITICAL | src.core.ai_brain:gerar_legenda:71 - ☠️ Ambas IAs falharam. Usando Fallback Manual.
2025-12-19 10:45:37.519 | INFO     | __main__:processar_oferta:63 - ♻️ Repetida: https://www.amazon.com.br/Notebook-ASUS-VivoBook-RYZEN-KeepOS/dp/B0CYVVRSSZ
2025-12-19 10:45:38.452 | WARNING  | __main__:processar_oferta:73 - 🚫 Loja ignorada ou Mercado Livre detectado.
2025-12-19 10:45:39.367 | WARNING  | __main__:processar_oferta:73 - 🚫 Loja ignorada ou Mercado Livre detectado.
2025-12-19 10:45:40.252 | WARNING  | __main__:processar_oferta:73 - 🚫 Loja ignorada ou Mercado Livre detectado.
2025-12-19 10:45:47.705 | INFO     | __main__:processar_oferta:76 - 🔎 MERCADO LIVRE
2025-12-19 10:45:47.796 | WARNING  | src.core.ai_brain:gerar_legenda:61 - ⚠️ Groq falhou: Error code: 429 - {'error': {'message': 'Rate limit reached for model `llama-3.3-70b-versatile` in organization `org_01kc501pn3e288tyj2fr87cdcm` service tier `on_demand` on tokens per day (TPD): Limit 100000, Used 99834, Requested 442. Please try again in 3m58.464s. Need more tokens? Upgrade to Dev Tier today at https://console.groq.com/settings/billing', 'type': 'tokens', 'code': 'rate_limit_exceeded'}}. Tentando Gemini...
2025-12-19 10:45:47.970 | ERROR    | src.core.ai_brain:gerar_legenda:68 - ❌ Gemini falhou: 404 models/gemini-pro is not found for API version v1beta, or is not supported for generateContent. Call ListModels to see the list of available models and their supported methods.
2025-12-19 10:45:47.970 | CRITICAL | src.core.ai_brain:gerar_legenda:71 - ☠️ Ambas IAs falharam. Usando Fallback Manual.
2025-12-19 10:45:54.599 | ERROR    | __main__:processar_oferta:100 - ❌ Erro WA
2025-12-19 10:45:56.268 | INFO     | __main__:processar_oferta:114 - ⏳ 30s...
2025-12-19 10:46:07.575 | ERROR    | __main__:processar_oferta:100 - ❌ Erro WA
2025-12-19 10:46:09.243 | INFO     | __main__:processar_oferta:114 - ⏳ 30s...
2025-12-19 10:46:48.499 | INFO     | __main__:processar_oferta:76 - 🔎 AMAZON
2025-12-19 10:46:48.582 | WARNING  | src.core.ai_brain:gerar_legenda:61 - ⚠️ Groq falhou: Error code: 429 - {'error': {'message': 'Rate limit reached for model `llama-3.3-70b-versatile` in organization `org_01kc501pn3e288tyj2fr87cdcm` service tier `on_demand` on tokens per day (TPD): Limit 100000, Used 99764, Requested 464. Please try again in 3m16.992s. Need more tokens? Upgrade to Dev Tier today at https://console.groq.com/settings/billing', 'type': 'tokens', 'code': 'rate_limit_exceeded'}}. Tentando Gemini...
2025-12-19 10:46:48.754 | ERROR    | src.core.ai_brain:gerar_legenda:68 - ❌ Gemini falhou: 404 models/gemini-pro is not found for API version v1beta, or is not supported for generateContent. Call ListModels to see the list of available models and their supported methods.
2025-12-19 10:46:48.755 | CRITICAL | src.core.ai_brain:gerar_legenda:71 - ☠️ Ambas IAs falharam. Usando Fallback Manual.
2025-12-19 10:47:08.912 | ERROR    | __main__:processar_oferta:100 - ❌ Erro WA
2025-12-19 10:47:10.588 | INFO     | __main__:processar_oferta:114 - ⏳ 30s...
2025-12-19 10:47:34.443 | INFO     | __main__:<module>:20 - 🐭 RATO GARIMPEIRO ATIVADO!
2025-12-19 10:47:34.723 | SUCCESS  | __main__:<module>:26 - ✅ Core OK!
2025-12-19 10:47:34.723 | SUCCESS  | __main__:<module>:38 - 🐦 X OK!
2025-12-19 10:47:36.434 | SUCCESS  | __main__:main:141 - 🚀 Rodando em 34 fontes.
2025-12-19 10:48:11.965 | INFO     | __main__:processar_oferta:78 - 🔎 SHOPEE
2025-12-19 10:48:12.151 | WARNING  | src.core.ai_brain:gerar_legenda:61 - ⚠️ Groq falhou: Error code: 429 - {'error': {'message': 'Rate limit reached for model `llama-3.3-70b-versatile` in organization `org_01kc501pn3e288tyj2fr87cdcm` service tier `on_demand` on tokens per day (TPD): Limit 100000, Used 99667, Requested 493. Please try again in 2m18.24s. Need more tokens? Upgrade to Dev Tier today at https://console.groq.com/settings/billing', 'type': 'tokens', 'code': 'rate_limit_exceeded'}}. Tentando Gemini...
2025-12-19 10:48:12.527 | ERROR    | src.core.ai_brain:gerar_legenda:68 - ❌ Gemini falhou: 404 models/gemini-pro is not found for API version v1beta, or is not supported for generateContent. Call ListModels to see the list of available models and their supported methods.
2025-12-19 10:48:12.528 | CRITICAL | src.core.ai_brain:gerar_legenda:71 - ☠️ Ambas IAs falharam. Usando Fallback Manual.
2025-12-19 10:48:12.534 | INFO     | __main__:processar_oferta:78 - 🔎 MERCADO LIVRE
2025-12-19 10:48:12.569 | WARNING  | src.core.ai_brain:gerar_legenda:61 - ⚠️ Groq falhou: Error code: 429 - {'error': {'message': 'Rate limit reached for model `llama-3.3-70b-versatile` in organization `org_01kc501pn3e288tyj2fr87cdcm` service tier `on_demand` on tokens per day (TPD): Limit 100000, Used 99667, Requested 439. Please try again in 1m31.584s. Need more tokens? Upgrade to Dev Tier today at https://console.groq.com/settings/billing', 'type': 'tokens', 'code': 'rate_limit_exceeded'}}. Tentando Gemini...
2025-12-19 10:48:13.201 | ERROR    | src.core.ai_brain:gerar_legenda:68 - ❌ Gemini falhou: 404 models/gemini-pro is not found for API version v1beta, or is not supported for generateContent. Call ListModels to see the list of available models and their supported methods.
2025-12-19 10:48:13.201 | CRITICAL | src.core.ai_brain:gerar_legenda:71 - ☠️ Ambas IAs falharam. Usando Fallback Manual.
2025-12-19 10:48:13.688 | INFO     | __main__:processar_oferta:78 - 🔎 AMAZON
2025-12-19 10:48:13.726 | WARNING  | src.core.ai_brain:gerar_legenda:61 - ⚠️ Groq falhou: Error code: 429 - {'error': {'message': 'Rate limit reached for model `llama-3.3-70b-versatile` in organization `org_01kc501pn3e288tyj2fr87cdcm` service tier `on_demand` on tokens per day (TPD): Limit 100000, Used 99665, Requested 930. Please try again in 8m34.08s. Need more tokens? Upgrade to Dev Tier today at https://console.groq.com/settings/billing', 'type': 'tokens', 'code': 'rate_limit_exceeded'}}. Tentando Gemini...
2025-12-19 10:48:13.915 | ERROR    | src.core.ai_brain:gerar_legenda:68 - ❌ Gemini falhou: 404 models/gemini-pro is not found for API version v1beta, or is not supported for generateContent. Call ListModels to see the list of available models and their supported methods.
2025-12-19 10:48:13.915 | CRITICAL | src.core.ai_brain:gerar_legenda:71 - ☠️ Ambas IAs falharam. Usando Fallback Manual.
2025-12-19 10:50:14.362 | INFO     | __main__:<module>:20 - 🐭 RATO GARIMPEIRO ATIVADO!
2025-12-19 10:50:14.640 | SUCCESS  | __main__:<module>:26 - ✅ Core OK!
2025-12-19 10:50:14.640 | SUCCESS  | __main__:<module>:38 - 🐦 X OK!
2025-12-19 10:50:16.386 | SUCCESS  | __main__:main:136 - 🚀 Rodando em 34 fontes.
2025-12-19 10:51:17.410 | INFO     | __main__:processar_oferta:77 - 🔎 MERCADO LIVRE
2025-12-19 10:51:37.169 | ERROR    | __main__:processar_oferta:104 - ❌ Erro WA
2025-12-19 10:51:39.141 | INFO     | __main__:processar_oferta:121 - ⏳ Aguardando 30s...
2025-12-19 10:51:59.523 | INFO     | __main__:processar_oferta:77 - 🔎 AMAZON
2025-12-19 10:51:59.612 | WARNING  | src.core.ai_brain:gerar_legenda:61 - ⚠️ Groq falhou: Error code: 429 - {'error': {'message': 'Rate limit reached for model `llama-3.3-70b-versatile` in organization `org_01kc501pn3e288tyj2fr87cdcm` service tier `on_demand` on tokens per day (TPD): Limit 100000, Used 99872, Requested 434. Please try again in 4m24.383999999s. Need more tokens? Upgrade to Dev Tier today at https://console.groq.com/settings/billing', 'type': 'tokens', 'code': 'rate_limit_exceeded'}}. Tentando Gemini...
2025-12-19 10:51:59.931 | ERROR    | src.core.ai_brain:gerar_legenda:68 - ❌ Gemini falhou: 404 models/gemini-pro is not found for API version v1beta, or is not supported for generateContent. Call ListModels to see the list of available models and their supported methods.
2025-12-19 10:51:59.931 | CRITICAL | src.core.ai_brain:gerar_legenda:71 - ☠️ Ambas IAs falharam. Usando Fallback Manual.
2025-12-19 10:52:19.863 | ERROR    | __main__:processar_oferta:104 - ❌ Erro WA
2025-12-19 10:52:21.778 | INFO     | __main__:processar_oferta:121 - ⏳ Aguardando 30s...
2025-12-19 10:53:16.408 | INFO     | __main__:processar_oferta:77 - 🔎 SHOPEE
2025-12-19 10:53:16.535 | WARNING  | src.core.ai_brain:gerar_legenda:61 - ⚠️ Groq falhou: Error code: 429 - {'error': {'message': 'Rate limit reached for model `llama-3.3-70b-versatile` in organization `org_01kc501pn3e288tyj2fr87cdcm` service tier `on_demand` on tokens per day (TPD): Limit 100000, Used 99783, Requested 505. Please try again in 4m8.832s. Need more tokens? Upgrade to Dev Tier today at https://console.groq.com/settings/billing', 'type': 'tokens', 'code': 'rate_limit_exceeded'}}. Tentando Gemini...
2025-12-19 10:53:16.715 | ERROR    | src.core.ai_brain:gerar_legenda:68 - ❌ Gemini falhou: 404 models/gemini-pro is not found for API version v1beta, or is not supported for generateContent. Call ListModels to see the list of available models and their supported methods.
2025-12-19 10:53:16.716 | CRITICAL | src.core.ai_brain:gerar_legenda:71 - ☠️ Ambas IAs falharam. Usando Fallback Manual.
2025-12-19 10:53:18.051 | INFO     | __main__:processar_oferta:65 - ♻️ Repetida: https://www.amazon.com.br/dp/B0DJ9TBJW2
2025-12-19 10:53:34.007 | ERROR    | __main__:processar_oferta:104 - ❌ Erro WA
2025-12-19 10:53:35.686 | INFO     | __main__:processar_oferta:121 - ⏳ Aguardando 30s...
2025-12-19 10:54:06.396 | INFO     | __main__:processar_oferta:77 - 🔎 SHOPEE
2025-12-19 10:54:06.491 | WARNING  | src.core.ai_brain:gerar_legenda:61 - ⚠️ Groq falhou: Error code: 429 - {'error': {'message': 'Rate limit reached for model `llama-3.3-70b-versatile` in organization `org_01kc501pn3e288tyj2fr87cdcm` service tier `on_demand` on tokens per day (TPD): Limit 100000, Used 99725, Requested 505. Please try again in 3m18.72s. Need more tokens? Upgrade to Dev Tier today at https://console.groq.com/settings/billing', 'type': 'tokens', 'code': 'rate_limit_exceeded'}}. Tentando Gemini...
2025-12-19 10:54:06.675 | ERROR    | src.core.ai_brain:gerar_legenda:68 - ❌ Gemini falhou: 404 models/gemini-pro is not found for API version v1beta, or is not supported for generateContent. Call ListModels to see the list of available models and their supported methods.
2025-12-19 10:54:06.675 | CRITICAL | src.core.ai_brain:gerar_legenda:71 - ☠️ Ambas IAs falharam. Usando Fallback Manual.
2025-12-19 10:54:16.416 | INFO     | __main__:processar_oferta:65 - ♻️ Repetida: https://www.mercadolivre.com.br/social/xetdaspromocoes
2025-12-19 10:55:00.029 | INFO     | __main__:<module>:20 - 🐭 RATO GARIMPEIRO ATIVADO!
2025-12-19 10:55:00.314 | SUCCESS  | __main__:<module>:26 - ✅ Core OK!
2025-12-19 10:55:00.315 | SUCCESS  | __main__:<module>:38 - 🐦 X OK!
2025-12-19 10:55:02.038 | SUCCESS  | __main__:main:136 - 🚀 Rodando em 34 fontes.
2025-12-19 10:55:36.452 | INFO     | __main__:processar_oferta:77 - 🔎 MERCADO LIVRE
2025-12-19 10:56:25.717 | INFO     | __main__:<module>:20 - 🐭 RATO GARIMPEIRO ATIVADO!
2025-12-19 10:56:26.084 | SUCCESS  | __main__:<module>:26 - ✅ Core OK!
2025-12-19 10:56:26.084 | SUCCESS  | __main__:<module>:38 - 🐦 X OK!
2025-12-19 10:56:27.781 | SUCCESS  | __main__:main:136 - 🚀 Rodando em 34 fontes.
2025-12-19 10:58:30.215 | INFO     | __main__:processar_oferta:77 - 🔎 AMAZON
2025-12-19 10:58:33.516 | ERROR    | src.infrastructure.whatsapp_client:enviar_oferta:37 - ⚠️ Erro ao enviar mídia: 
2025-12-19 10:58:52.710 | ERROR    | __main__:processar_oferta:104 - ❌ Erro WA
2025-12-19 10:58:54.683 | INFO     | __main__:processar_oferta:121 - ⏳ Aguardando 30s...
2025-12-19 11:00:27.853 | INFO     | __main__:processar_oferta:77 - 🔎 SHOPEE
2025-12-19 11:00:27.954 | WARNING  | src.core.ai_brain:gerar_legenda:62 - ⚠️ Groq falhou (provável limite): Error code: 429 - {'error': {'message': 'Rate limit reached for model `llama-3.3-70b-versatile` in organization `org_01kc501pn3e288tyj2fr87cdcm` service tier `on_demand` on tokens per day (TPD): Limit 100000, Used 99822, Requested 452. Please try again in 3m56.736s. Need more tokens? Upgrade to Dev Tier today at https://console.groq.com/settings/billing', 'type': 'tokens', 'code': 'rate_limit_exceeded'}}. Tentando Gemini...
2025-12-19 11:00:28.333 | ERROR    | src.core.ai_brain:gerar_legenda:70 - ❌ Gemini falhou: 404 models/gemini-1.5-flash is not found for API version v1beta, or is not supported for generateContent. Call ListModels to see the list of available models and their supported methods.
2025-12-19 11:00:28.333 | CRITICAL | src.core.ai_brain:gerar_legenda:73 - ☠️ Ambas IAs falharam. Usando Fallback Manual.
2025-12-19 11:00:28.550 | INFO     | __main__:processar_oferta:77 - 🔎 MERCADO LIVRE
2025-12-19 11:00:28.584 | WARNING  | src.core.ai_brain:gerar_legenda:62 - ⚠️ Groq falhou (provável limite): Error code: 429 - {'error': {'message': 'Rate limit reached for model `llama-3.3-70b-versatile` in organization `org_01kc501pn3e288tyj2fr87cdcm` service tier `on_demand` on tokens per day (TPD): Limit 100000, Used 99821, Requested 446. Please try again in 3m50.688s. Need more tokens? Upgrade to Dev Tier today at https://console.groq.com/settings/billing', 'type': 'tokens', 'code': 'rate_limit_exceeded'}}. Tentando Gemini...
2025-12-19 11:00:29.005 | ERROR    | src.core.ai_brain:gerar_legenda:70 - ❌ Gemini falhou: 404 models/gemini-1.5-flash is not found for API version v1beta, or is not supported for generateContent. Call ListModels to see the list of available models and their supported methods.
2025-12-19 11:00:29.005 | CRITICAL | src.core.ai_brain:gerar_legenda:73 - ☠️ Ambas IAs falharam. Usando Fallback Manual.
2025-12-19 11:00:29.750 | INFO     | __main__:processar_oferta:77 - 🔎 AMAZON
2025-12-19 11:00:29.758 | ERROR    | src.infrastructure.whatsapp_client:enviar_oferta:35 - ❌ Erro UAZAPI (Mídia): {"code":405,"message":"Method Not Allowed.","data":{}}

2025-12-19 11:00:30.007 | WARNING  | src.core.ai_brain:gerar_legenda:62 - ⚠️ Groq falhou (provável limite): Error code: 429 - {'error': {'message': 'Rate limit reached for model `llama-3.3-70b-versatile` in organization `org_01kc501pn3e288tyj2fr87cdcm` service tier `on_demand` on tokens per day (TPD): Limit 100000, Used 99820, Requested 493. Please try again in 4m30.432s. Need more tokens? Upgrade to Dev Tier today at https://console.groq.com/settings/billing', 'type': 'tokens', 'code': 'rate_limit_exceeded'}}. Tentando Gemini...
2025-12-19 11:00:30.181 | ERROR    | src.core.ai_brain:gerar_legenda:70 - ❌ Gemini falhou: 404 models/gemini-1.5-flash is not found for API version v1beta, or is not supported for generateContent. Call ListModels to see the list of available models and their supported methods.
2025-12-19 11:00:30.182 | CRITICAL | src.core.ai_brain:gerar_legenda:73 - ☠️ Ambas IAs falharam. Usando Fallback Manual.
2025-12-19 11:00:31.863 | ERROR    | src.infrastructure.whatsapp_client:enviar_oferta:35 - ❌ Erro UAZAPI (Mídia): {"code":405,"message":"Method Not Allowed.","data":{}}

2025-12-19 11:00:33.913 | ERROR    | src.infrastructure.whatsapp_client:enviar_oferta:35 - ❌ Erro UAZAPI (Mídia): {"code":405,"message":"Method Not Allowed.","data":{}}

2025-12-19 11:00:47.227 | ERROR    | __main__:processar_oferta:104 - ❌ Erro WA
2025-12-19 11:00:48.898 | INFO     | __main__:processar_oferta:121 - ⏳ Aguardando 30s...
2025-12-19 11:00:50.818 | ERROR    | __main__:processar_oferta:104 - ❌ Erro WA
2025-12-19 11:00:52.504 | INFO     | __main__:processar_oferta:121 - ⏳ Aguardando 30s...
2025-12-19 11:00:53.817 | ERROR    | __main__:processar_oferta:104 - ❌ Erro WA
2025-12-19 11:00:55.501 | INFO     | __main__:processar_oferta:121 - ⏳ Aguardando 30s...
2025-12-19 11:03:28.133 | INFO     | __main__:processar_oferta:65 - ♻️ Repetida: https://r.amzlink.to/
2025-12-19 11:03:29.144 | INFO     | __main__:processar_oferta:65 - ♻️ Repetida: https://descontostop.com/grupo-promocoes-whatsapp-telegram-cupom-desconto/
2025-12-19 11:03:34.556 | INFO     | __main__:<module>:20 - 🐭 RATO GARIMPEIRO ATIVADO!
2025-12-19 11:03:34.835 | SUCCESS  | __main__:<module>:26 - ✅ Core OK!
2025-12-19 11:03:34.836 | SUCCESS  | __main__:<module>:38 - 🐦 X OK!
2025-12-19 11:03:36.867 | SUCCESS  | __main__:main:136 - 🚀 Rodando em 34 fontes.
2025-12-19 11:03:57.301 | INFO     | __main__:processar_oferta:77 - 🔎 SHOPEE
2025-12-19 11:03:57.544 | INFO     | __main__:processar_oferta:77 - 🔎 MERCADO LIVRE
2025-12-19 11:03:59.546 | WARNING  | src.infrastructure.whatsapp_client:enviar_oferta:37 - ⚠️ Falha no envio da mídia (405). Tentando apenas texto...
2025-12-19 11:03:59.798 | WARNING  | src.infrastructure.whatsapp_client:enviar_oferta:37 - ⚠️ Falha no envio da mídia (405). Tentando apenas texto...
2025-12-19 11:04:17.004 | ERROR    | src.infrastructure.whatsapp_client:enviar_oferta:61 - ❌ Erro final UAZAPI (500): {"error":"error sending message after 3 attempts: failed to get group members: that group does not exist"}

2025-12-19 11:04:17.004 | ERROR    | __main__:processar_oferta:104 - ❌ Erro WA
2025-12-19 11:04:17.625 | ERROR    | src.infrastructure.whatsapp_client:enviar_oferta:61 - ❌ Erro final UAZAPI (500): {"error":"error sending message after 3 attempts: failed to get group members: that group does not exist"}

2025-12-19 11:04:17.626 | ERROR    | __main__:processar_oferta:104 - ❌ Erro WA
2025-12-19 11:04:19.130 | INFO     | __main__:processar_oferta:121 - ⏳ Aguardando 30s...
2025-12-19 11:04:19.455 | INFO     | __main__:processar_oferta:121 - ⏳ Aguardando 30s...
2025-12-19 11:05:36.941 | INFO     | __main__:processar_oferta:77 - 🔎 MERCADO LIVRE
2025-12-19 11:05:41.602 | WARNING  | src.infrastructure.whatsapp_client:enviar_oferta:37 - ⚠️ Falha no envio da mídia (405). Tentando apenas texto...
2025-12-19 11:06:00.671 | ERROR    | src.infrastructure.whatsapp_client:enviar_oferta:61 - ❌ Erro final UAZAPI (500): {"error":"error sending message after 3 attempts: failed to get group members: that group does not exist"}

2025-12-19 11:06:00.671 | ERROR    | __main__:processar_oferta:104 - ❌ Erro WA
2025-12-19 11:06:02.502 | INFO     | __main__:processar_oferta:121 - ⏳ Aguardando 30s...
2025-12-19 11:07:36.714 | INFO     | __main__:processar_oferta:77 - 🔎 AMAZON
2025-12-19 11:07:38.587 | INFO     | __main__:processar_oferta:65 - ♻️ Repetida: https://descontostop.com/grupo-promocoes-whatsapp-telegram-cupom-desconto/
2025-12-19 11:07:38.610 | WARNING  | src.infrastructure.whatsapp_client:enviar_oferta:37 - ⚠️ Falha no envio da mídia (405). Tentando apenas texto...
2025-12-19 11:07:54.743 | INFO     | __main__:<module>:20 - 🐭 RATO GARIMPEIRO ATIVADO!
2025-12-19 11:07:55.028 | SUCCESS  | __main__:<module>:26 - ✅ Core OK!
2025-12-19 11:07:55.028 | SUCCESS  | __main__:<module>:38 - 🐦 X OK!
2025-12-19 11:07:56.880 | SUCCESS  | __main__:main:146 - 🚀 Rodando em 34 fontes.
2025-12-19 11:08:57.711 | INFO     | __main__:processar_oferta:74 - 🔎 AMAZON
2025-12-19 11:09:01.016 | ERROR    | src.infrastructure.whatsapp_client:enviar_oferta:41 - ⚠️ Erro ao processar upload de imagem: 
2025-12-19 11:09:20.927 | ERROR    | src.infrastructure.whatsapp_client:enviar_oferta:61 - ❌ Erro final UAZAPI (500): {"error":"error sending message after 3 attempts: failed to get group members: that group does not exist"}

2025-12-19 11:09:20.927 | ERROR    | __main__:processar_oferta:105 - ❌ Erro WA (Status: 500)
2025-12-19 11:09:22.885 | INFO     | __main__:processar_oferta:132 - ⏳ Aguardando 30s...
2025-12-19 11:09:56.881 | INFO     | __main__:processar_oferta:74 - 🔎 SHOPEE
2025-12-19 11:09:59.073 | WARNING  | src.infrastructure.whatsapp_client:enviar_oferta:38 - ⚠️ Falha no envio da mídia (405). Tentando apenas texto...
2025-12-19 11:10:17.805 | ERROR    | src.infrastructure.whatsapp_client:enviar_oferta:61 - ❌ Erro final UAZAPI (500): {"error":"error sending message after 3 attempts: failed to get group members: that group does not exist"}

2025-12-19 11:10:17.805 | ERROR    | __main__:processar_oferta:105 - ❌ Erro WA (Status: 500)
2025-12-19 11:10:19.470 | INFO     | __main__:processar_oferta:132 - ⏳ Aguardando 30s...
2025-12-19 11:10:30.286 | INFO     | __main__:processar_oferta:74 - 🔎 MERCADO LIVRE
2025-12-19 11:10:30.295 | INFO     | __main__:processar_oferta:63 - ♻️ Repetida: https://r.amzlink.to/
2025-12-19 11:10:30.582 | INFO     | __main__:processar_oferta:74 - 🔎 MERCADO LIVRE
2025-12-19 11:10:32.656 | WARNING  | src.infrastructure.whatsapp_client:enviar_oferta:38 - ⚠️ Falha no envio da mídia (405). Tentando apenas texto...
2025-12-19 11:10:35.818 | WARNING  | src.infrastructure.whatsapp_client:enviar_oferta:38 - ⚠️ Falha no envio da mídia (405). Tentando apenas texto...
2025-12-19 11:10:50.189 | INFO     | __main__:processar_oferta:74 - 🔎 SHOPEE
2025-12-19 11:10:51.446 | ERROR    | src.infrastructure.whatsapp_client:enviar_oferta:61 - ❌ Erro final UAZAPI (500): {"error":"error sending message after 3 attempts: failed to get group members: that group does not exist"}

2025-12-19 11:10:51.446 | ERROR    | __main__:processar_oferta:105 - ❌ Erro WA (Status: 500)
2025-12-19 11:10:52.378 | WARNING  | src.infrastructure.whatsapp_client:enviar_oferta:38 - ⚠️ Falha no envio da mídia (405). Tentando apenas texto...
2025-12-19 11:10:53.128 | INFO     | __main__:processar_oferta:132 - ⏳ Aguardando 30s...
2025-12-19 11:10:54.100 | ERROR    | src.infrastructure.whatsapp_client:enviar_oferta:61 - ❌ Erro final UAZAPI (500): {"error":"error sending message after 3 attempts: failed to get group members: that group does not exist"}

2025-12-19 11:10:54.100 | ERROR    | __main__:processar_oferta:105 - ❌ Erro WA (Status: 500)
2025-12-19 11:10:55.770 | INFO     | __main__:processar_oferta:132 - ⏳ Aguardando 30s...
2025-12-19 11:11:09.210 | ERROR    | src.infrastructure.whatsapp_client:enviar_oferta:61 - ❌ Erro final UAZAPI (500): {"error":"error sending message after 3 attempts: failed to get group members: that group does not exist"}

2025-12-19 11:11:09.211 | ERROR    | __main__:processar_oferta:105 - ❌ Erro WA (Status: 500)
2025-12-19 11:11:10.877 | INFO     | __main__:processar_oferta:132 - ⏳ Aguardando 30s...
2025-12-19 11:11:57.083 | INFO     | __main__:processar_oferta:74 - 🔎 AMAZON
2025-12-19 11:11:57.202 | INFO     | __main__:processar_oferta:74 - 🔎 MERCADO LIVRE
2025-12-19 11:11:57.210 | INFO     | __main__:processar_oferta:63 - ♻️ Repetida: https://www.mercadolivre.com.br/social/agenciarice
2025-12-19 11:11:57.259 | INFO     | __main__:processar_oferta:63 - ♻️ Repetida: https://www.mercadolivre.com.br/social/agenciarice
2025-12-19 11:11:59.590 | WARNING  | src.infrastructure.whatsapp_client:enviar_oferta:38 - ⚠️ Falha no envio da mídia (405). Tentando apenas texto...
2025-12-19 11:11:59.900 | WARNING  | src.infrastructure.whatsapp_client:enviar_oferta:38 - ⚠️ Falha no envio da mídia (405). Tentando apenas texto...
2025-12-19 11:12:18.646 | ERROR    | src.infrastructure.whatsapp_client:enviar_oferta:61 - ❌ Erro final UAZAPI (500): {"error":"error sending message after 3 attempts: failed to get group members: that group does not exist"}

2025-12-19 11:12:18.646 | ERROR    | __main__:processar_oferta:105 - ❌ Erro WA (Status: 500)
2025-12-19 11:12:19.684 | ERROR    | src.infrastructure.whatsapp_client:enviar_oferta:61 - ❌ Erro final UAZAPI (500): {"error":"error sending message after 3 attempts: failed to get group members: that group does not exist"}

2025-12-19 11:12:19.685 | ERROR    | __main__:processar_oferta:105 - ❌ Erro WA (Status: 500)
2025-12-19 11:12:20.320 | INFO     | __main__:processar_oferta:132 - ⏳ Aguardando 30s...
2025-12-19 11:12:21.358 | INFO     | __main__:processar_oferta:132 - ⏳ Aguardando 30s...
2025-12-19 11:12:57.419 | INFO     | __main__:processar_oferta:63 - ♻️ Repetida: https://www.mercadolivre.com.br/social/agenciarice
2025-12-19 11:12:57.769 | INFO     | __main__:processar_oferta:74 - 🔎 SHOPEE
2025-12-19 11:12:59.902 | WARNING  | src.infrastructure.whatsapp_client:enviar_oferta:38 - ⚠️ Falha no envio da mídia (405). Tentando apenas texto...
2025-12-19 11:13:16.755 | ERROR    | src.infrastructure.whatsapp_client:enviar_oferta:61 - ❌ Erro final UAZAPI (500): {"error":"error sending message after 3 attempts: failed to get group members: that group does not exist"}

2025-12-19 11:13:16.755 | ERROR    | __main__:processar_oferta:105 - ❌ Erro WA (Status: 500)
2025-12-19 11:13:18.423 | INFO     | __main__:processar_oferta:132 - ⏳ Aguardando 30s...
2025-12-19 11:14:13.506 | INFO     | __main__:<module>:20 - 🐭 RATO GARIMPEIRO ATIVADO!
2025-12-19 11:14:13.788 | SUCCESS  | __main__:<module>:26 - ✅ Core OK!
2025-12-19 11:14:13.788 | SUCCESS  | __main__:<module>:38 - 🐦 X OK!
2025-12-19 11:14:15.473 | SUCCESS  | __main__:main:146 - 🚀 Rodando em 34 fontes.
2025-12-19 11:15:16.476 | INFO     | __main__:processar_oferta:74 - 🔎 AMAZON
2025-12-19 11:15:16.660 | INFO     | __main__:processar_oferta:74 - 🔎 AMAZON
2025-12-19 11:15:38.713 | ERROR    | src.infrastructure.whatsapp_client:enviar_oferta:57 - ❌ UAZAPI rejeitou o ID 120363421789053807@newsletter: {"error":"error sending message after 3 attempts: failed to get group members: that group does not exist"}

2025-12-19 11:15:38.713 | ERROR    | __main__:processar_oferta:105 - ❌ Erro WA (Status: 500)
2025-12-19 11:15:39.182 | ERROR    | src.infrastructure.whatsapp_client:enviar_oferta:57 - ❌ UAZAPI rejeitou o ID 120363421789053807@newsletter: {"error":"error sending message after 3 attempts: failed to get group members: that group does not exist"}

2025-12-19 11:15:39.183 | ERROR    | __main__:processar_oferta:105 - ❌ Erro WA (Status: 500)
2025-12-19 11:15:40.686 | INFO     | __main__:processar_oferta:132 - ⏳ Aguardando 30s...
2025-12-19 11:15:40.857 | INFO     | __main__:processar_oferta:132 - ⏳ Aguardando 30s...
2025-12-19 11:16:11.614 | INFO     | __main__:processar_oferta:74 - 🔎 AMAZON
2025-12-19 11:16:13.732 | INFO     | __main__:processar_oferta:74 - 🔎 MERCADO LIVRE
2025-12-19 11:16:32.519 | ERROR    | src.infrastructure.whatsapp_client:enviar_oferta:57 - ❌ UAZAPI rejeitou o ID 120363421789053807@newsletter: {"error":"error sending message after 3 attempts: failed to get group members: that group does not exist"}

2025-12-19 11:16:32.520 | ERROR    | __main__:processar_oferta:105 - ❌ Erro WA (Status: 500)
2025-12-19 11:16:34.203 | INFO     | __main__:processar_oferta:132 - ⏳ Aguardando 30s...
2025-12-19 11:16:37.585 | ERROR    | src.infrastructure.whatsapp_client:enviar_oferta:57 - ❌ UAZAPI rejeitou o ID 120363421789053807@newsletter: {"error":"error sending message after 3 attempts: failed to get group members: that group does not exist"}

2025-12-19 11:16:37.586 | ERROR    | __main__:processar_oferta:105 - ❌ Erro WA (Status: 500)
2025-12-19 11:16:39.255 | INFO     | __main__:processar_oferta:132 - ⏳ Aguardando 30s...
2025-12-19 11:17:06.889 | INFO     | __main__:processar_oferta:74 - 🔎 AMAZON
2025-12-19 11:17:28.908 | ERROR    | src.infrastructure.whatsapp_client:enviar_oferta:57 - ❌ UAZAPI rejeitou o ID 120363421789053807@newsletter: {"error":"error sending message after 3 attempts: failed to get group members: that group does not exist"}

2025-12-19 11:17:28.909 | ERROR    | __main__:processar_oferta:105 - ❌ Erro WA (Status: 500)
2025-12-19 11:17:30.582 | INFO     | __main__:processar_oferta:132 - ⏳ Aguardando 30s...
2025-12-19 11:18:01.238 | INFO     | __main__:processar_oferta:74 - 🔎 AMAZON
2025-12-19 11:18:22.309 | ERROR    | src.infrastructure.whatsapp_client:enviar_oferta:57 - ❌ UAZAPI rejeitou o ID 120363421789053807@newsletter: {"error":"error sending message after 3 attempts: failed to get group members: that group does not exist"}

2025-12-19 11:18:22.309 | ERROR    | __main__:processar_oferta:105 - ❌ Erro WA (Status: 500)
2025-12-19 11:18:23.998 | INFO     | __main__:processar_oferta:132 - ⏳ Aguardando 30s...
2025-12-19 11:20:10.235 | INFO     | __main__:<module>:20 - 🐭 RATO GARIMPEIRO ATIVADO!
2025-12-19 11:20:10.519 | SUCCESS  | __main__:<module>:26 - ✅ Core OK!
2025-12-19 11:20:10.519 | SUCCESS  | __main__:<module>:38 - 🐦 X OK!
2025-12-19 11:20:12.240 | SUCCESS  | __main__:main:146 - 🚀 Rodando em 34 fontes.
2025-12-19 11:21:13.106 | INFO     | __main__:processar_oferta:74 - 🔎 MERCADO LIVRE
2025-12-19 11:21:13.366 | INFO     | __main__:processar_oferta:74 - 🔎 MERCADO LIVRE
2025-12-19 11:21:34.983 | ERROR    | src.infrastructure.whatsapp_client:enviar_oferta:58 - ❌ UAZAPI rejeitou o ID 120363421789053807@newsletter: {"error":"error sending message after 3 attempts: failed to get group members: that group does not exist"}

2025-12-19 11:21:34.984 | ERROR    | __main__:processar_oferta:105 - ❌ Erro WA (Status: 500)
2025-12-19 11:21:35.445 | ERROR    | src.infrastructure.whatsapp_client:enviar_oferta:58 - ❌ UAZAPI rejeitou o ID 120363421789053807@newsletter: {"error":"error sending message after 3 attempts: failed to get group members: that group does not exist"}

2025-12-19 11:21:35.445 | ERROR    | __main__:processar_oferta:105 - ❌ Erro WA (Status: 500)
2025-12-19 11:21:36.960 | INFO     | __main__:processar_oferta:132 - ⏳ Aguardando 30s...
2025-12-19 11:21:37.114 | INFO     | __main__:processar_oferta:132 - ⏳ Aguardando 30s...
2025-12-19 11:22:08.208 | INFO     | __main__:processar_oferta:63 - ♻️ Repetida: https://www.mercadolivre.com.br/social/promotom
2025-12-19 11:22:12.202 | INFO     | __main__:processar_oferta:74 - 🔎 AMAZON
2025-12-19 11:22:12.653 | INFO     | __main__:processar_oferta:74 - 🔎 MERCADO LIVRE
2025-12-19 11:22:31.363 | ERROR    | src.infrastructure.whatsapp_client:enviar_oferta:58 - ❌ UAZAPI rejeitou o ID 120363421789053807@newsletter: {"error":"error sending message after 3 attempts: failed to get group members: that group does not exist"}

2025-12-19 11:22:31.364 | ERROR    | __main__:processar_oferta:105 - ❌ Erro WA (Status: 500)
2025-12-19 11:22:31.825 | ERROR    | src.infrastructure.whatsapp_client:enviar_oferta:58 - ❌ UAZAPI rejeitou o ID 120363421789053807@newsletter: {"error":"error sending message after 3 attempts: failed to get group members: that group does not exist"}

2025-12-19 11:22:31.826 | ERROR    | __main__:processar_oferta:105 - ❌ Erro WA (Status: 500)
2025-12-19 11:22:33.035 | INFO     | __main__:processar_oferta:132 - ⏳ Aguardando 30s...
2025-12-19 11:22:33.487 | INFO     | __main__:processar_oferta:132 - ⏳ Aguardando 30s...
2025-12-19 11:23:34.963 | INFO     | __main__:<module>:20 - 🐭 RATO GARIMPEIRO ATIVADO!
2025-12-19 11:23:35.247 | SUCCESS  | __main__:<module>:26 - ✅ Core OK!
2025-12-19 11:23:35.247 | SUCCESS  | __main__:<module>:38 - 🐦 X OK!
2025-12-19 11:40:43.464 | INFO     | __main__:<module>:20 - 🐭 RATO GARIMPEIRO ATIVADO!
2025-12-19 11:40:43.749 | SUCCESS  | __main__:<module>:26 - ✅ Core OK!
2025-12-19 11:40:43.750 | SUCCESS  | __main__:<module>:38 - 🐦 X OK!
2025-12-19 11:40:45.466 | SUCCESS  | __main__:main:146 - 🚀 Rodando em 34 fontes.
2025-12-19 11:41:23.652 | INFO     | __main__:<module>:20 - 🐭 RATO GARIMPEIRO ATIVADO!
2025-12-19 11:41:23.937 | SUCCESS  | __main__:<module>:26 - ✅ Core OK!
2025-12-19 11:41:23.938 | SUCCESS  | __main__:<module>:38 - 🐦 X OK!
2025-12-19 11:41:25.663 | SUCCESS  | __main__:main:146 - 🚀 Rodando em 34 fontes.
2025-12-19 11:42:26.741 | INFO     | __main__:processar_oferta:74 - 🔎 AMAZON
2025-12-19 11:42:28.254 | WARNING  | src.infrastructure.whatsapp_client:enviar_oferta:38 - ⚠️ Erro ao enviar imagem (405). Tentando apenas texto...
2025-12-19 11:42:34.217 | SUCCESS  | src.infrastructure.whatsapp_client:enviar_oferta:57 - 📱 Oferta (texto) enviada para o Grupo: 120363422860849054@g.us
2025-12-19 11:42:34.217 | SUCCESS  | __main__:processar_oferta:103 - 📱 Enviada para o WhatsApp!
2025-12-19 11:42:36.200 | INFO     | __main__:processar_oferta:132 - ⏳ Aguardando 30s...
2025-12-19 11:43:26.048 | INFO     | __main__:processar_oferta:74 - 🔎 SHOPEE
2025-12-19 11:43:28.761 | SUCCESS  | src.infrastructure.whatsapp_client:enviar_oferta:57 - 📱 Oferta (texto) enviada para o Grupo: 120363422860849054@g.us
2025-12-19 11:43:28.761 | SUCCESS  | __main__:processar_oferta:103 - 📱 Enviada para o WhatsApp!
2025-12-19 11:43:29.165 | INFO     | __main__:processar_oferta:132 - ⏳ Aguardando 30s...
2025-12-19 11:44:25.694 | INFO     | __main__:processar_oferta:74 - 🔎 SHOPEE
2025-12-19 11:44:28.271 | SUCCESS  | src.infrastructure.whatsapp_client:enviar_oferta:57 - 📱 Oferta (texto) enviada para o Grupo: 120363422860849054@g.us
2025-12-19 11:44:28.272 | SUCCESS  | __main__:processar_oferta:103 - 📱 Enviada para o WhatsApp!
2025-12-19 11:44:28.428 | INFO     | __main__:processar_oferta:132 - ⏳ Aguardando 30s...
2025-12-19 11:44:59.126 | INFO     | __main__:processar_oferta:74 - 🔎 SHOPEE
2025-12-19 11:45:01.682 | SUCCESS  | src.infrastructure.whatsapp_client:enviar_oferta:57 - 📱 Oferta (texto) enviada para o Grupo: 120363422860849054@g.us
2025-12-19 11:45:01.682 | SUCCESS  | __main__:processar_oferta:103 - 📱 Enviada para o WhatsApp!
2025-12-19 11:45:01.847 | INFO     | __main__:processar_oferta:132 - ⏳ Aguardando 30s...
2025-12-19 11:45:25.724 | INFO     | __main__:processar_oferta:74 - 🔎 SHOPEE
2025-12-19 11:45:25.729 | INFO     | __main__:processar_oferta:74 - 🔎 SHOPEE
2025-12-19 11:45:25.746 | INFO     | __main__:processar_oferta:74 - 🔎 SHOPEE
2025-12-19 11:45:26.083 | INFO     | __main__:processar_oferta:74 - 🔎 MERCADO LIVRE
2025-12-19 11:45:27.873 | WARNING  | src.infrastructure.whatsapp_client:enviar_oferta:38 - ⚠️ Erro ao enviar imagem (405). Tentando apenas texto...
2025-12-19 11:45:28.189 | WARNING  | src.infrastructure.whatsapp_client:enviar_oferta:38 - ⚠️ Erro ao enviar imagem (405). Tentando apenas texto...
2025-12-19 11:45:28.437 | WARNING  | src.infrastructure.whatsapp_client:enviar_oferta:38 - ⚠️ Erro ao enviar imagem (405). Tentando apenas texto...
2025-12-19 11:45:30.438 | SUCCESS  | src.infrastructure.whatsapp_client:enviar_oferta:57 - 📱 Oferta (texto) enviada para o Grupo: 120363422860849054@g.us
2025-12-19 11:45:30.439 | SUCCESS  | __main__:processar_oferta:103 - 📱 Enviada para o WhatsApp!
2025-12-19 11:45:30.808 | SUCCESS  | src.infrastructure.whatsapp_client:enviar_oferta:57 - 📱 Oferta (texto) enviada para o Grupo: 120363422860849054@g.us
2025-12-19 11:45:30.809 | SUCCESS  | __main__:processar_oferta:103 - 📱 Enviada para o WhatsApp!
2025-12-19 11:45:31.189 | SUCCESS  | src.infrastructure.whatsapp_client:enviar_oferta:57 - 📱 Oferta (texto) enviada para o Grupo: 120363422860849054@g.us
2025-12-19 11:45:31.189 | SUCCESS  | __main__:processar_oferta:103 - 📱 Enviada para o WhatsApp!
2025-12-19 11:45:32.105 | WARNING  | src.infrastructure.whatsapp_client:enviar_oferta:38 - ⚠️ Erro ao enviar imagem (405). Tentando apenas texto...
2025-12-19 11:45:32.352 | INFO     | __main__:processar_oferta:132 - ⏳ Aguardando 30s...
2025-12-19 11:45:32.490 | INFO     | __main__:processar_oferta:132 - ⏳ Aguardando 30s...
2025-12-19 11:45:32.864 | INFO     | __main__:processar_oferta:132 - ⏳ Aguardando 30s...
2025-12-19 11:45:34.691 | SUCCESS  | src.infrastructure.whatsapp_client:enviar_oferta:57 - 📱 Oferta (texto) enviada para o Grupo: 120363422860849054@g.us
2025-12-19 11:45:34.691 | SUCCESS  | __main__:processar_oferta:103 - 📱 Enviada para o WhatsApp!
2025-12-19 11:45:36.368 | INFO     | __main__:processar_oferta:132 - ⏳ Aguardando 30s...
2025-12-19 11:46:25.704 | INFO     | __main__:processar_oferta:74 - 🔎 SHOPEE
2025-12-19 11:46:25.715 | INFO     | __main__:processar_oferta:74 - 🔎 SHOPEE
2025-12-19 11:46:25.717 | INFO     | __main__:processar_oferta:74 - 🔎 SHOPEE
2025-12-19 11:46:28.121 | WARNING  | src.infrastructure.whatsapp_client:enviar_oferta:38 - ⚠️ Erro ao enviar imagem (405). Tentando apenas texto...
2025-12-19 11:46:28.374 | WARNING  | src.infrastructure.whatsapp_client:enviar_oferta:38 - ⚠️ Erro ao enviar imagem (405). Tentando apenas texto...
2025-12-19 11:46:28.375 | WARNING  | src.infrastructure.whatsapp_client:enviar_oferta:38 - ⚠️ Erro ao enviar imagem (405). Tentando apenas texto...
2025-12-19 11:46:30.660 | SUCCESS  | src.infrastructure.whatsapp_client:enviar_oferta:57 - 📱 Oferta (texto) enviada para o Grupo: 120363422860849054@g.us
2025-12-19 11:46:30.660 | SUCCESS  | __main__:processar_oferta:103 - 📱 Enviada para o WhatsApp!
2025-12-19 11:46:31.037 | SUCCESS  | src.infrastructure.whatsapp_client:enviar_oferta:57 - 📱 Oferta (texto) enviada para o Grupo: 120363422860849054@g.us
2025-12-19 11:46:31.037 | SUCCESS  | __main__:processar_oferta:103 - 📱 Enviada para o WhatsApp!
2025-12-19 11:46:31.419 | SUCCESS  | src.infrastructure.whatsapp_client:enviar_oferta:57 - 📱 Oferta (texto) enviada para o Grupo: 120363422860849054@g.us
2025-12-19 11:46:31.419 | SUCCESS  | __main__:processar_oferta:103 - 📱 Enviada para o WhatsApp!
2025-12-19 11:46:32.342 | INFO     | __main__:processar_oferta:132 - ⏳ Aguardando 30s...
2025-12-19 11:46:32.715 | INFO     | __main__:processar_oferta:132 - ⏳ Aguardando 30s...
2025-12-19 11:46:33.103 | INFO     | __main__:processar_oferta:132 - ⏳ Aguardando 30s...
2025-12-19 11:47:25.769 | INFO     | __main__:processar_oferta:74 - 🔎 SHOPEE
2025-12-19 11:47:25.791 | INFO     | __main__:processar_oferta:74 - 🔎 SHOPEE
2025-12-19 11:47:25.896 | INFO     | __main__:processar_oferta:74 - 🔎 SHOPEE
2025-12-19 11:47:27.916 | WARNING  | src.infrastructure.whatsapp_client:enviar_oferta:38 - ⚠️ Erro ao enviar imagem (405). Tentando apenas texto...
2025-12-19 11:47:28.163 | WARNING  | src.infrastructure.whatsapp_client:enviar_oferta:38 - ⚠️ Erro ao enviar imagem (405). Tentando apenas texto...
2025-12-19 11:47:28.411 | WARNING  | src.infrastructure.whatsapp_client:enviar_oferta:38 - ⚠️ Erro ao enviar imagem (405). Tentando apenas texto...
2025-12-19 11:47:28.659 | INFO     | __main__:processar_oferta:63 - ♻️ Repetida: https://nike-br.onelink.me/Q0y9
2025-12-19 11:47:30.391 | SUCCESS  | src.infrastructure.whatsapp_client:enviar_oferta:57 - 📱 Oferta (texto) enviada para o Grupo: 120363422860849054@g.us
2025-12-19 11:47:30.391 | SUCCESS  | __main__:processar_oferta:103 - 📱 Enviada para o WhatsApp!
2025-12-19 11:47:30.789 | SUCCESS  | src.infrastructure.whatsapp_client:enviar_oferta:57 - 📱 Oferta (texto) enviada para o Grupo: 120363422860849054@g.us
2025-12-19 11:47:30.790 | SUCCESS  | __main__:processar_oferta:103 - 📱 Enviada para o WhatsApp!
2025-12-19 11:47:31.165 | SUCCESS  | src.infrastructure.whatsapp_client:enviar_oferta:57 - 📱 Oferta (texto) enviada para o Grupo: 120363422860849054@g.us
2025-12-19 11:47:31.165 | SUCCESS  | __main__:processar_oferta:103 - 📱 Enviada para o WhatsApp!
2025-12-19 11:47:32.062 | INFO     | __main__:processar_oferta:132 - ⏳ Aguardando 30s...
2025-12-19 11:47:32.463 | INFO     | __main__:processar_oferta:132 - ⏳ Aguardando 30s...
2025-12-19 11:47:32.835 | INFO     | __main__:processar_oferta:132 - ⏳ Aguardando 30s...
2025-12-19 11:48:02.172 | INFO     | __main__:processar_oferta:63 - ♻️ Repetida: https://nerdcupons.com
2025-12-19 11:48:25.784 | INFO     | __main__:processar_oferta:74 - 🔎 SHOPEE
2025-12-19 11:48:25.900 | INFO     | __main__:processar_oferta:74 - 🔎 SHOPEE
2025-12-19 11:48:25.905 | INFO     | __main__:processar_oferta:74 - 🔎 SHOPEE
2025-12-19 11:48:28.384 | WARNING  | src.infrastructure.whatsapp_client:enviar_oferta:38 - ⚠️ Erro ao enviar imagem (405). Tentando apenas texto...
2025-12-19 11:48:28.631 | WARNING  | src.infrastructure.whatsapp_client:enviar_oferta:38 - ⚠️ Erro ao enviar imagem (405). Tentando apenas texto...
2025-12-19 11:48:28.631 | WARNING  | src.infrastructure.whatsapp_client:enviar_oferta:38 - ⚠️ Erro ao enviar imagem (405). Tentando apenas texto...
2025-12-19 11:48:30.941 | SUCCESS  | src.infrastructure.whatsapp_client:enviar_oferta:57 - 📱 Oferta (texto) enviada para o Grupo: 120363422860849054@g.us
2025-12-19 11:48:30.942 | SUCCESS  | __main__:processar_oferta:103 - 📱 Enviada para o WhatsApp!
2025-12-19 11:48:31.319 | SUCCESS  | src.infrastructure.whatsapp_client:enviar_oferta:57 - 📱 Oferta (texto) enviada para o Grupo: 120363422860849054@g.us
2025-12-19 11:48:31.320 | SUCCESS  | __main__:processar_oferta:103 - 📱 Enviada para o WhatsApp!
2025-12-19 11:48:31.711 | SUCCESS  | src.infrastructure.whatsapp_client:enviar_oferta:57 - 📱 Oferta (texto) enviada para o Grupo: 120363422860849054@g.us
2025-12-19 11:48:31.712 | SUCCESS  | __main__:processar_oferta:103 - 📱 Enviada para o WhatsApp!
2025-12-19 11:48:32.610 | INFO     | __main__:processar_oferta:132 - ⏳ Aguardando 30s...
2025-12-19 11:48:32.996 | INFO     | __main__:processar_oferta:132 - ⏳ Aguardando 30s...
2025-12-19 11:48:33.400 | INFO     | __main__:processar_oferta:132 - ⏳ Aguardando 30s...
2025-12-19 11:49:02.724 | INFO     | __main__:processar_oferta:63 - ♻️ Repetida: https://nerdcupons.com
2025-12-19 11:49:03.121 | INFO     | __main__:processar_oferta:63 - ♻️ Repetida: https://nerdcupons.com
2025-12-19 11:49:25.801 | INFO     | __main__:processar_oferta:74 - 🔎 SHOPEE
2025-12-19 11:49:25.809 | INFO     | __main__:processar_oferta:74 - 🔎 SHOPEE
2025-12-19 11:49:25.812 | INFO     | __main__:processar_oferta:74 - 🔎 SHOPEE
2025-12-19 11:49:25.814 | INFO     | __main__:processar_oferta:74 - 🔎 SHOPEE
2025-12-19 11:49:25.943 | INFO     | __main__:processar_oferta:74 - 🔎 SHOPEE
2025-12-19 11:49:25.973 | INFO     | __main__:processar_oferta:74 - 🔎 SHOPEE
2025-12-19 11:49:26.339 | INFO     | __main__:processar_oferta:74 - 🔎 MERCADO LIVRE
2025-12-19 11:49:27.541 | INFO     | __main__:processar_oferta:63 - ♻️ Repetida: https://descontostop.com/grupo-promocoes-whatsapp-telegram-cupom-desconto/
2025-12-19 11:49:29.989 | WARNING  | src.infrastructure.whatsapp_client:enviar_oferta:38 - ⚠️ Erro ao enviar imagem (405). Tentando apenas texto...
2025-12-19 11:49:30.244 | WARNING  | src.infrastructure.whatsapp_client:enviar_oferta:38 - ⚠️ Erro ao enviar imagem (405). Tentando apenas texto...
2025-12-19 11:49:30.244 | WARNING  | src.infrastructure.whatsapp_client:enviar_oferta:38 - ⚠️ Erro ao enviar imagem (405). Tentando apenas texto...
2025-12-19 11:49:30.739 | WARNING  | src.infrastructure.whatsapp_client:enviar_oferta:38 - ⚠️ Erro ao enviar imagem (405). Tentando apenas texto...
2025-12-19 11:49:31.124 | WARNING  | src.infrastructure.whatsapp_client:enviar_oferta:38 - ⚠️ Erro ao enviar imagem (405). Tentando apenas texto...
2025-12-19 11:49:31.380 | WARNING  | src.infrastructure.whatsapp_client:enviar_oferta:38 - ⚠️ Erro ao enviar imagem (405). Tentando apenas texto...
2025-12-19 11:49:31.628 | WARNING  | src.infrastructure.whatsapp_client:enviar_oferta:38 - ⚠️ Erro ao enviar imagem (405). Tentando apenas texto...
2025-12-19 11:49:32.044 | INFO     | __main__:processar_oferta:74 - 🔎 SHOPEE
2025-12-19 11:49:32.707 | SUCCESS  | src.infrastructure.whatsapp_client:enviar_oferta:57 - 📱 Oferta (texto) enviada para o Grupo: 120363422860849054@g.us
2025-12-19 11:49:32.707 | SUCCESS  | __main__:processar_oferta:103 - 📱 Enviada para o WhatsApp!
2025-12-19 11:49:33.083 | SUCCESS  | src.infrastructure.whatsapp_client:enviar_oferta:57 - 📱 Oferta (texto) enviada para o Grupo: 120363422860849054@g.us
2025-12-19 11:49:33.084 | SUCCESS  | __main__:processar_oferta:103 - 📱 Enviada para o WhatsApp!
2025-12-19 11:49:33.733 | SUCCESS  | src.infrastructure.whatsapp_client:enviar_oferta:57 - 📱 Oferta (texto) enviada para o Grupo: 120363422860849054@g.us
2025-12-19 11:49:33.733 | SUCCESS  | __main__:processar_oferta:103 - 📱 Enviada para o WhatsApp!
2025-12-19 11:49:33.898 | SUCCESS  | src.infrastructure.whatsapp_client:enviar_oferta:57 - 📱 Oferta (texto) enviada para o Grupo: 120363422860849054@g.us
2025-12-19 11:49:33.899 | SUCCESS  | __main__:processar_oferta:103 - 📱 Enviada para o WhatsApp!
2025-12-19 11:49:34.233 | INFO     | __main__:processar_oferta:74 - 🔎 SHOPEE
2025-12-19 11:49:34.235 | SUCCESS  | src.infrastructure.whatsapp_client:enviar_oferta:57 - 📱 Oferta (texto) enviada para o Grupo: 120363422860849054@g.us
2025-12-19 11:49:34.236 | SUCCESS  | __main__:processar_oferta:103 - 📱 Enviada para o WhatsApp!
2025-12-19 11:49:34.402 | INFO     | __main__:processar_oferta:132 - ⏳ Aguardando 30s...
2025-12-19 11:49:34.466 | WARNING  | src.infrastructure.whatsapp_client:enviar_oferta:38 - ⚠️ Erro ao enviar imagem (405). Tentando apenas texto...
2025-12-19 11:49:34.714 | SUCCESS  | src.infrastructure.whatsapp_client:enviar_oferta:57 - 📱 Oferta (texto) enviada para o Grupo: 120363422860849054@g.us
2025-12-19 11:49:34.715 | SUCCESS  | __main__:processar_oferta:103 - 📱 Enviada para o WhatsApp!
2025-12-19 11:49:34.881 | INFO     | __main__:processar_oferta:132 - ⏳ Aguardando 30s...
2025-12-19 11:49:35.025 | SUCCESS  | src.infrastructure.whatsapp_client:enviar_oferta:57 - 📱 Oferta (texto) enviada para o Grupo: 120363422860849054@g.us
2025-12-19 11:49:35.026 | SUCCESS  | __main__:processar_oferta:103 - 📱 Enviada para o WhatsApp!
2025-12-19 11:49:35.401 | INFO     | __main__:processar_oferta:132 - ⏳ Aguardando 30s...
2025-12-19 11:49:35.725 | INFO     | __main__:processar_oferta:132 - ⏳ Aguardando 30s...
2025-12-19 11:49:36.139 | INFO     | __main__:processar_oferta:132 - ⏳ Aguardando 30s...
2025-12-19 11:49:36.315 | INFO     | __main__:processar_oferta:74 - 🔎 SHOPEE
2025-12-19 11:49:36.357 | SUCCESS  | src.infrastructure.whatsapp_client:enviar_oferta:57 - 📱 Oferta (texto) enviada para o Grupo: 120363422860849054@g.us
2025-12-19 11:49:36.357 | SUCCESS  | __main__:processar_oferta:103 - 📱 Enviada para o WhatsApp!
2025-12-19 11:49:36.524 | INFO     | __main__:processar_oferta:132 - ⏳ Aguardando 30s...
2025-12-19 11:49:36.589 | WARNING  | src.infrastructure.whatsapp_client:enviar_oferta:38 - ⚠️ Erro ao enviar imagem (405). Tentando apenas texto...
2025-12-19 11:49:36.844 | INFO     | __main__:processar_oferta:132 - ⏳ Aguardando 30s...
2025-12-19 11:49:38.114 | INFO     | __main__:processar_oferta:132 - ⏳ Aguardando 30s...
2025-12-19 11:49:38.115 | SUCCESS  | src.infrastructure.whatsapp_client:enviar_oferta:57 - 📱 Oferta (texto) enviada para o Grupo: 120363422860849054@g.us
2025-12-19 11:49:38.115 | SUCCESS  | __main__:processar_oferta:103 - 📱 Enviada para o WhatsApp!
2025-12-19 11:49:38.729 | WARNING  | src.infrastructure.whatsapp_client:enviar_oferta:38 - ⚠️ Erro ao enviar imagem (405). Tentando apenas texto...
2025-12-19 11:49:39.796 | INFO     | __main__:processar_oferta:132 - ⏳ Aguardando 30s...
2025-12-19 11:49:40.154 | SUCCESS  | src.infrastructure.whatsapp_client:enviar_oferta:57 - 📱 Oferta (texto) enviada para o Grupo: 120363422860849054@g.us
2025-12-19 11:49:40.154 | SUCCESS  | __main__:processar_oferta:103 - 📱 Enviada para o WhatsApp!
2025-12-19 11:49:41.828 | INFO     | __main__:processar_oferta:132 - ⏳ Aguardando 30s...
2025-12-19 11:50:04.994 | INFO     | __main__:processar_oferta:63 - ♻️ Repetida: https://nerdcupons.com
2025-12-19 11:50:09.911 | INFO     | __main__:processar_oferta:63 - ♻️ Repetida: https://nerdcupons.com
2025-12-19 11:50:25.805 | INFO     | __main__:processar_oferta:74 - 🔎 SHOPEE
2025-12-19 11:50:25.814 | INFO     | __main__:processar_oferta:74 - 🔎 SHOPEE
2025-12-19 11:50:25.906 | INFO     | __main__:processar_oferta:74 - 🔎 SHOPEE
2025-12-19 11:50:25.921 | INFO     | __main__:processar_oferta:74 - 🔎 SHOPEE
2025-12-19 11:50:28.613 | WARNING  | src.infrastructure.whatsapp_client:enviar_oferta:38 - ⚠️ Erro ao enviar imagem (405). Tentando apenas texto...
2025-12-19 11:50:28.867 | WARNING  | src.infrastructure.whatsapp_client:enviar_oferta:38 - ⚠️ Erro ao enviar imagem (405). Tentando apenas texto...
2025-12-19 11:50:28.868 | WARNING  | src.infrastructure.whatsapp_client:enviar_oferta:38 - ⚠️ Erro ao enviar imagem (405). Tentando apenas texto...
2025-12-19 11:50:29.363 | WARNING  | src.infrastructure.whatsapp_client:enviar_oferta:38 - ⚠️ Erro ao enviar imagem (405). Tentando apenas texto...
2025-12-19 11:50:29.643 | INFO     | __main__:processar_oferta:74 - 🔎 AMAZON
2025-12-19 11:50:31.451 | SUCCESS  | src.infrastructure.whatsapp_client:enviar_oferta:57 - 📱 Oferta (texto) enviada para o Grupo: 120363422860849054@g.us
2025-12-19 11:50:31.452 | SUCCESS  | __main__:processar_oferta:103 - 📱 Enviada para o WhatsApp!
2025-12-19 11:50:31.703 | SUCCESS  | src.infrastructure.whatsapp_client:enviar_oferta:57 - 📱 Oferta (texto) enviada para o Grupo: 120363422860849054@g.us
2025-12-19 11:50:31.703 | SUCCESS  | __main__:processar_oferta:103 - 📱 Enviada para o WhatsApp!
2025-12-19 11:50:32.074 | SUCCESS  | src.infrastructure.whatsapp_client:enviar_oferta:57 - 📱 Oferta (texto) enviada para o Grupo: 120363422860849054@g.us
2025-12-19 11:50:32.074 | SUCCESS  | __main__:processar_oferta:103 - 📱 Enviada para o WhatsApp!
2025-12-19 11:50:32.238 | WARNING  | src.infrastructure.whatsapp_client:enviar_oferta:38 - ⚠️ Erro ao enviar imagem (405). Tentando apenas texto...
2025-12-19 11:50:32.484 | SUCCESS  | src.infrastructure.whatsapp_client:enviar_oferta:57 - 📱 Oferta (texto) enviada para o Grupo: 120363422860849054@g.us
2025-12-19 11:50:32.484 | SUCCESS  | __main__:processar_oferta:103 - 📱 Enviada para o WhatsApp!
2025-12-19 11:50:33.114 | INFO     | __main__:processar_oferta:132 - ⏳ Aguardando 30s...
2025-12-19 11:50:33.378 | INFO     | __main__:processar_oferta:132 - ⏳ Aguardando 30s...
2025-12-19 11:50:33.752 | INFO     | __main__:processar_oferta:132 - ⏳ Aguardando 30s...
2025-12-19 11:50:34.171 | INFO     | __main__:processar_oferta:132 - ⏳ Aguardando 30s...
2025-12-19 11:50:35.898 | SUCCESS  | src.infrastructure.whatsapp_client:enviar_oferta:57 - 📱 Oferta (texto) enviada para o Grupo: 120363422860849054@g.us
2025-12-19 11:50:35.899 | SUCCESS  | __main__:processar_oferta:103 - 📱 Enviada para o WhatsApp!
2025-12-19 11:50:37.564 | INFO     | __main__:processar_oferta:132 - ⏳ Aguardando 30s...
2025-12-19 11:51:03.851 | INFO     | __main__:processar_oferta:63 - ♻️ Repetida: https://nerdcupons.com
2025-12-19 11:51:25.794 | INFO     | __main__:processar_oferta:74 - 🔎 SHOPEE
2025-12-19 11:51:25.817 | INFO     | __main__:processar_oferta:74 - 🔎 SHOPEE
2025-12-19 11:51:25.824 | INFO     | __main__:processar_oferta:74 - 🔎 SHOPEE
2025-12-19 11:51:25.847 | INFO     | __main__:processar_oferta:74 - 🔎 SHOPEE
2025-12-19 11:51:25.963 | INFO     | __main__:processar_oferta:74 - 🔎 SHOPEE
2025-12-19 11:51:25.965 | INFO     | __main__:processar_oferta:74 - 🔎 SHOPEE
2025-12-19 11:51:29.362 | WARNING  | src.infrastructure.whatsapp_client:enviar_oferta:38 - ⚠️ Erro ao enviar imagem (405). Tentando apenas texto...
2025-12-19 11:51:29.610 | WARNING  | src.infrastructure.whatsapp_client:enviar_oferta:38 - ⚠️ Erro ao enviar imagem (405). Tentando apenas texto...
2025-12-19 11:51:29.858 | WARNING  | src.infrastructure.whatsapp_client:enviar_oferta:38 - ⚠️ Erro ao enviar imagem (405). Tentando apenas texto...
2025-12-19 11:51:30.107 | WARNING  | src.infrastructure.whatsapp_client:enviar_oferta:38 - ⚠️ Erro ao enviar imagem (405). Tentando apenas texto...
2025-12-19 11:51:30.108 | WARNING  | src.infrastructure.whatsapp_client:enviar_oferta:38 - ⚠️ Erro ao enviar imagem (405). Tentando apenas texto...
2025-12-19 11:51:30.877 | WARNING  | src.infrastructure.whatsapp_client:enviar_oferta:38 - ⚠️ Erro ao enviar imagem (405). Tentando apenas texto...
2025-12-19 11:51:31.304 | INFO     | __main__:processar_oferta:63 - ♻️ Repetida: https://r.amzlink.to/
2025-12-19 11:51:32.130 | SUCCESS  | src.infrastructure.whatsapp_client:enviar_oferta:57 - 📱 Oferta (texto) enviada para o Grupo: 120363422860849054@g.us
2025-12-19 11:51:32.130 | SUCCESS  | __main__:processar_oferta:103 - 📱 Enviada para o WhatsApp!
2025-12-19 11:51:32.517 | SUCCESS  | src.infrastructure.whatsapp_client:enviar_oferta:57 - 📱 Oferta (texto) enviada para o Grupo: 120363422860849054@g.us
2025-12-19 11:51:32.518 | SUCCESS  | __main__:processar_oferta:103 - 📱 Enviada para o WhatsApp!
2025-12-19 11:51:32.908 | SUCCESS  | src.infrastructure.whatsapp_client:enviar_oferta:57 - 📱 Oferta (texto) enviada para o Grupo: 120363422860849054@g.us
2025-12-19 11:51:32.908 | SUCCESS  | __main__:processar_oferta:103 - 📱 Enviada para o WhatsApp!
2025-12-19 11:51:33.320 | SUCCESS  | src.infrastructure.whatsapp_client:enviar_oferta:57 - 📱 Oferta (texto) enviada para o Grupo: 120363422860849054@g.us
2025-12-19 11:51:33.320 | SUCCESS  | __main__:processar_oferta:103 - 📱 Enviada para o WhatsApp!
2025-12-19 11:51:33.706 | SUCCESS  | src.infrastructure.whatsapp_client:enviar_oferta:57 - 📱 Oferta (texto) enviada para o Grupo: 120363422860849054@g.us
2025-12-19 11:51:33.706 | SUCCESS  | __main__:processar_oferta:103 - 📱 Enviada para o WhatsApp!
2025-12-19 11:51:33.874 | INFO     | __main__:processar_oferta:132 - ⏳ Aguardando 30s...
2025-12-19 11:51:34.113 | SUCCESS  | src.infrastructure.whatsapp_client:enviar_oferta:57 - 📱 Oferta (texto) enviada para o Grupo: 120363422860849054@g.us
2025-12-19 11:51:34.113 | SUCCESS  | __main__:processar_oferta:103 - 📱 Enviada para o WhatsApp!
2025-12-19 11:51:34.285 | INFO     | __main__:processar_oferta:132 - ⏳ Aguardando 30s...
2025-12-19 11:51:34.587 | INFO     | __main__:processar_oferta:132 - ⏳ Aguardando 30s...
2025-12-19 11:51:34.993 | INFO     | __main__:processar_oferta:132 - ⏳ Aguardando 30s...
2025-12-19 11:51:35.381 | INFO     | __main__:processar_oferta:132 - ⏳ Aguardando 30s...
2025-12-19 11:51:35.800 | INFO     | __main__:processar_oferta:132 - ⏳ Aguardando 30s...
2025-12-19 11:52:04.017 | INFO     | __main__:processar_oferta:63 - ♻️ Repetida: https://nerdcupons.com
2025-12-19 11:52:05.929 | INFO     | __main__:processar_oferta:63 - ♻️ Repetida: https://nerdcupons.com
2025-12-19 11:52:27.776 | INFO     | __main__:<module>:20 - 🐭 RATO GARIMPEIRO ATIVADO!
2025-12-19 11:52:28.062 | SUCCESS  | __main__:<module>:26 - ✅ Core OK!
2025-12-19 11:52:28.062 | SUCCESS  | __main__:<module>:38 - 🐦 X OK!
2025-12-19 11:52:29.806 | SUCCESS  | __main__:main:146 - 🚀 Rodando em 34 fontes.
2025-12-19 11:53:30.534 | INFO     | __main__:processar_oferta:74 - 🔎 SHOPEE
2025-12-19 11:53:30.583 | INFO     | __main__:processar_oferta:74 - 🔎 SHOPEE
2025-12-19 11:53:30.584 | INFO     | __main__:processar_oferta:74 - 🔎 SHOPEE
2025-12-19 11:53:30.585 | INFO     | __main__:processar_oferta:74 - 🔎 SHOPEE
2025-12-19 11:53:33.004 | INFO     | __main__:processar_oferta:74 - 🔎 SHOPEE
2025-12-19 11:53:36.219 | SUCCESS  | src.infrastructure.whatsapp_client:enviar_oferta:52 - 📱 Oferta com Preview enviada para 120363422860849054@g.us
2025-12-19 11:53:36.219 | SUCCESS  | __main__:processar_oferta:103 - 📱 Enviada para o WhatsApp!
2025-12-19 11:53:36.683 | SUCCESS  | src.infrastructure.whatsapp_client:enviar_oferta:52 - 📱 Oferta com Preview enviada para 120363422860849054@g.us
2025-12-19 11:53:36.684 | SUCCESS  | __main__:processar_oferta:103 - 📱 Enviada para o WhatsApp!
2025-12-19 11:53:36.977 | SUCCESS  | src.infrastructure.whatsapp_client:enviar_oferta:52 - 📱 Oferta com Preview enviada para 120363422860849054@g.us
2025-12-19 11:53:36.978 | SUCCESS  | __main__:processar_oferta:103 - 📱 Enviada para o WhatsApp!
2025-12-19 11:53:37.359 | SUCCESS  | src.infrastructure.whatsapp_client:enviar_oferta:52 - 📱 Oferta com Preview enviada para 120363422860849054@g.us
2025-12-19 11:53:37.359 | SUCCESS  | __main__:processar_oferta:103 - 📱 Enviada para o WhatsApp!
2025-12-19 11:53:37.736 | SUCCESS  | src.infrastructure.whatsapp_client:enviar_oferta:52 - 📱 Oferta com Preview enviada para 120363422860849054@g.us
2025-12-19 11:53:37.737 | SUCCESS  | __main__:processar_oferta:103 - 📱 Enviada para o WhatsApp!
2025-12-19 11:53:38.193 | INFO     | __main__:processar_oferta:132 - ⏳ Aguardando 30s...
2025-12-19 11:53:38.347 | INFO     | __main__:processar_oferta:132 - ⏳ Aguardando 30s...
2025-12-19 11:53:38.641 | INFO     | __main__:processar_oferta:132 - ⏳ Aguardando 30s...
2025-12-19 11:53:39.032 | INFO     | __main__:processar_oferta:132 - ⏳ Aguardando 30s...
2025-12-19 11:53:39.404 | INFO     | __main__:processar_oferta:132 - ⏳ Aguardando 30s...
2025-12-19 11:54:09.346 | INFO     | __main__:processar_oferta:74 - 🔎 SHOPEE
2025-12-19 11:54:11.048 | INFO     | __main__:processar_oferta:74 - 🔎 SHOPEE
2025-12-19 11:54:11.072 | INFO     | __main__:processar_oferta:74 - 🔎 MERCADO LIVRE
2025-12-19 11:54:13.158 | SUCCESS  | src.infrastructure.whatsapp_client:enviar_oferta:52 - 📱 Oferta com Preview enviada para 120363422860849054@g.us
2025-12-19 11:54:13.158 | SUCCESS  | __main__:processar_oferta:103 - 📱 Enviada para o WhatsApp!
2025-12-19 11:54:14.453 | SUCCESS  | src.infrastructure.whatsapp_client:enviar_oferta:52 - 📱 Oferta com Preview enviada para 120363422860849054@g.us
2025-12-19 11:54:14.453 | SUCCESS  | __main__:processar_oferta:103 - 📱 Enviada para o WhatsApp!
2025-12-19 11:54:14.827 | INFO     | __main__:processar_oferta:132 - ⏳ Aguardando 30s...
2025-12-19 11:54:16.091 | SUCCESS  | src.infrastructure.whatsapp_client:enviar_oferta:52 - 📱 Oferta com Preview enviada para 120363422860849054@g.us
2025-12-19 11:54:16.091 | SUCCESS  | __main__:processar_oferta:103 - 📱 Enviada para o WhatsApp!
2025-12-19 11:54:16.256 | INFO     | __main__:processar_oferta:132 - ⏳ Aguardando 30s...
2025-12-19 11:54:17.756 | INFO     | __main__:processar_oferta:132 - ⏳ Aguardando 30s...
2025-12-19 11:54:24.168 | WARNING  | src.core.link_router:resolver_link_real:28 - ⚠️ Erro ao resolver link https://nerdcupons.com: 
2025-12-19 11:54:24.168 | INFO     | __main__:processar_oferta:63 - ♻️ Repetida: https://nerdcupons.com
2025-12-19 11:55:29.824 | INFO     | __main__:processar_oferta:74 - 🔎 SHOPEE
2025-12-19 11:55:29.846 | INFO     | __main__:processar_oferta:74 - 🔎 SHOPEE
2025-12-19 11:55:29.851 | INFO     | __main__:processar_oferta:74 - 🔎 SHOPEE
2025-12-19 11:55:29.936 | INFO     | __main__:processar_oferta:74 - 🔎 SHOPEE
2025-12-19 11:55:33.679 | SUCCESS  | src.infrastructure.whatsapp_client:enviar_oferta:52 - 📱 Oferta com Preview enviada para 120363422860849054@g.us
2025-12-19 11:55:33.679 | SUCCESS  | __main__:processar_oferta:103 - 📱 Enviada para o WhatsApp!
2025-12-19 11:55:34.443 | SUCCESS  | src.infrastructure.whatsapp_client:enviar_oferta:52 - 📱 Oferta com Preview enviada para 120363422860849054@g.us
2025-12-19 11:55:34.443 | SUCCESS  | __main__:processar_oferta:103 - 📱 Enviada para o WhatsApp!
2025-12-19 11:55:35.346 | INFO     | __main__:processar_oferta:132 - ⏳ Aguardando 30s...
2025-12-19 11:55:36.105 | INFO     | __main__:processar_oferta:132 - ⏳ Aguardando 30s...
2025-12-19 11:55:52.744 | INFO     | __main__:processar_oferta:74 - 🔎 SHOPEE
2025-12-19 11:55:52.745 | INFO     | __main__:processar_oferta:74 - 🔎 SHOPEE
2025-12-19 11:55:52.746 | INFO     | __main__:processar_oferta:74 - 🔎 SHOPEE
2025-12-19 11:55:52.748 | INFO     | __main__:processar_oferta:74 - 🔎 MERCADO LIVRE
2025-12-19 11:55:54.757 | SUCCESS  | src.infrastructure.whatsapp_client:enviar_oferta:52 - 📱 Oferta com Preview enviada para 120363422860849054@g.us
2025-12-19 11:55:54.757 | SUCCESS  | __main__:processar_oferta:103 - 📱 Enviada para o WhatsApp!
2025-12-19 11:55:56.431 | INFO     | __main__:processar_oferta:132 - ⏳ Aguardando 30s...
2025-12-19 11:55:56.540 | SUCCESS  | src.infrastructure.whatsapp_client:enviar_oferta:52 - 📱 Oferta com Preview enviada para 120363422860849054@g.us
2025-12-19 11:55:56.541 | SUCCESS  | __main__:processar_oferta:103 - 📱 Enviada para o WhatsApp!
2025-12-19 11:55:56.920 | SUCCESS  | src.infrastructure.whatsapp_client:enviar_oferta:52 - 📱 Oferta com Preview enviada para 120363422860849054@g.us
2025-12-19 11:55:56.921 | SUCCESS  | __main__:processar_oferta:103 - 📱 Enviada para o WhatsApp!
2025-12-19 11:55:57.303 | SUCCESS  | src.infrastructure.whatsapp_client:enviar_oferta:52 - 📱 Oferta com Preview enviada para 120363422860849054@g.us
2025-12-19 11:55:57.303 | SUCCESS  | __main__:processar_oferta:103 - 📱 Enviada para o WhatsApp!
2025-12-19 11:55:58.209 | INFO     | __main__:processar_oferta:132 - ⏳ Aguardando 30s...
2025-12-19 11:55:58.582 | INFO     | __main__:processar_oferta:132 - ⏳ Aguardando 30s...
2025-12-19 11:55:58.970 | INFO     | __main__:processar_oferta:132 - ⏳ Aguardando 30s...
2025-12-19 11:56:06.041 | SUCCESS  | src.infrastructure.whatsapp_client:enviar_oferta:52 - 📱 Oferta com Preview enviada para 120363422860849054@g.us
2025-12-19 11:56:06.041 | SUCCESS  | __main__:processar_oferta:103 - 📱 Enviada para o WhatsApp!
2025-12-19 11:56:06.886 | INFO     | __main__:processar_oferta:74 - 🔎 SHOPEE
2025-12-19 11:56:07.810 | INFO     | __main__:processar_oferta:132 - ⏳ Aguardando 30s...
2025-12-19 11:56:08.416 | INFO     | __main__:processar_oferta:74 - 🔎 SHOPEE
2025-12-19 11:56:09.626 | SUCCESS  | src.infrastructure.whatsapp_client:enviar_oferta:52 - 📱 Oferta com Preview enviada para 120363422860849054@g.us
2025-12-19 11:56:09.627 | SUCCESS  | __main__:processar_oferta:103 - 📱 Enviada para o WhatsApp!
2025-12-19 11:56:11.288 | INFO     | __main__:processar_oferta:132 - ⏳ Aguardando 30s...
2025-12-19 11:56:11.622 | SUCCESS  | src.infrastructure.whatsapp_client:enviar_oferta:52 - 📱 Oferta com Preview enviada para 120363422860849054@g.us
2025-12-19 11:56:11.622 | SUCCESS  | __main__:processar_oferta:103 - 📱 Enviada para o WhatsApp!
2025-12-19 11:56:13.298 | INFO     | __main__:processar_oferta:132 - ⏳ Aguardando 30s...
2025-12-19 11:56:18.324 | INFO     | __main__:processar_oferta:74 - 🔎 SHOPEE
2025-12-19 11:56:19.753 | SUCCESS  | src.infrastructure.whatsapp_client:enviar_oferta:52 - 📱 Oferta com Preview enviada para 120363422860849054@g.us
2025-12-19 11:56:19.754 | SUCCESS  | __main__:processar_oferta:103 - 📱 Enviada para o WhatsApp!
2025-12-19 11:56:21.428 | INFO     | __main__:processar_oferta:132 - ⏳ Aguardando 30s...
2025-12-19 11:56:21.520 | SUCCESS  | src.infrastructure.whatsapp_client:enviar_oferta:52 - 📱 Oferta com Preview enviada para 120363422860849054@g.us
2025-12-19 11:56:21.520 | SUCCESS  | __main__:processar_oferta:103 - 📱 Enviada para o WhatsApp!
2025-12-19 11:56:23.186 | INFO     | __main__:processar_oferta:132 - ⏳ Aguardando 30s...
2025-12-19 11:56:29.675 | INFO     | __main__:processar_oferta:74 - 🔎 SHOPEE
2025-12-19 11:56:30.288 | INFO     | __main__:processar_oferta:74 - 🔎 MERCADO LIVRE
2025-12-19 11:56:32.876 | SUCCESS  | src.infrastructure.whatsapp_client:enviar_oferta:52 - 📱 Oferta com Preview enviada para 120363422860849054@g.us
2025-12-19 11:56:32.876 | SUCCESS  | __main__:processar_oferta:103 - 📱 Enviada para o WhatsApp!
2025-12-19 11:56:34.554 | INFO     | __main__:processar_oferta:132 - ⏳ Aguardando 30s...
2025-12-19 11:56:34.638 | SUCCESS  | src.infrastructure.whatsapp_client:enviar_oferta:52 - 📱 Oferta com Preview enviada para 120363422860849054@g.us
2025-12-19 11:56:34.639 | SUCCESS  | __main__:processar_oferta:103 - 📱 Enviada para o WhatsApp!
2025-12-19 11:56:36.304 | INFO     | __main__:processar_oferta:132 - ⏳ Aguardando 30s...
2025-12-19 11:56:41.426 | INFO     | __main__:processar_oferta:63 - ♻️ Repetida: https://nerdcupons.com
2025-12-19 11:56:53.313 | INFO     | __main__:processar_oferta:63 - ♻️ Repetida: https://nerdcupons.com
2025-12-19 11:57:04.683 | INFO     | __main__:processar_oferta:63 - ♻️ Repetida: https://nerdcupons.com
2025-12-19 11:57:29.853 | INFO     | __main__:processar_oferta:74 - 🔎 SHOPEE
2025-12-19 11:57:29.887 | INFO     | __main__:processar_oferta:74 - 🔎 SHOPEE
2025-12-19 11:57:29.973 | INFO     | __main__:processar_oferta:74 - 🔎 SHOPEE
2025-12-19 11:57:30.315 | INFO     | __main__:processar_oferta:74 - 🔎 AMAZON
2025-12-19 11:57:34.412 | SUCCESS  | src.infrastructure.whatsapp_client:enviar_oferta:52 - 📱 Oferta com Preview enviada para 120363422860849054@g.us
2025-12-19 11:57:34.412 | SUCCESS  | __main__:processar_oferta:103 - 📱 Enviada para o WhatsApp!
2025-12-19 11:57:34.791 | SUCCESS  | src.infrastructure.whatsapp_client:enviar_oferta:52 - 📱 Oferta com Preview enviada para 120363422860849054@g.us
2025-12-19 11:57:34.791 | SUCCESS  | __main__:processar_oferta:103 - 📱 Enviada para o WhatsApp!
2025-12-19 11:57:35.169 | SUCCESS  | src.infrastructure.whatsapp_client:enviar_oferta:52 - 📱 Oferta com Preview enviada para 120363422860849054@g.us
2025-12-19 11:57:35.169 | SUCCESS  | __main__:processar_oferta:103 - 📱 Enviada para o WhatsApp!
2025-12-19 11:57:36.175 | INFO     | __main__:processar_oferta:132 - ⏳ Aguardando 30s...
2025-12-19 11:57:36.457 | INFO     | __main__:processar_oferta:132 - ⏳ Aguardando 30s...
2025-12-19 11:57:36.833 | INFO     | __main__:processar_oferta:132 - ⏳ Aguardando 30s...
2025-12-19 11:57:41.274 | SUCCESS  | src.infrastructure.whatsapp_client:enviar_oferta:52 - 📱 Oferta com Preview enviada para 120363422860849054@g.us
2025-12-19 11:57:41.274 | SUCCESS  | __main__:processar_oferta:103 - 📱 Enviada para o WhatsApp!
2025-12-19 11:57:42.941 | INFO     | __main__:processar_oferta:132 - ⏳ Aguardando 30s...
2025-12-19 11:58:06.566 | INFO     | __main__:processar_oferta:63 - ♻️ Repetida: https://nerdcupons.com
2025-12-19 11:58:06.981 | INFO     | __main__:processar_oferta:63 - ♻️ Repetida: https://nerdcupons.com
2025-12-19 11:58:29.867 | INFO     | __main__:processar_oferta:74 - 🔎 SHOPEE
2025-12-19 11:58:29.884 | INFO     | __main__:processar_oferta:74 - 🔎 SHOPEE
2025-12-19 11:58:29.886 | INFO     | __main__:processar_oferta:74 - 🔎 SHOPEE
2025-12-19 11:58:29.900 | INFO     | __main__:processar_oferta:74 - 🔎 SHOPEE
2025-12-19 11:58:35.475 | SUCCESS  | src.infrastructure.whatsapp_client:enviar_oferta:52 - 📱 Oferta com Preview enviada para 120363422860849054@g.us
2025-12-19 11:58:35.476 | SUCCESS  | __main__:processar_oferta:103 - 📱 Enviada para o WhatsApp!
2025-12-19 11:58:35.852 | SUCCESS  | src.infrastructure.whatsapp_client:enviar_oferta:52 - 📱 Oferta com Preview enviada para 120363422860849054@g.us
2025-12-19 11:58:35.852 | SUCCESS  | __main__:processar_oferta:103 - 📱 Enviada para o WhatsApp!
2025-12-19 11:58:36.228 | SUCCESS  | src.infrastructure.whatsapp_client:enviar_oferta:52 - 📱 Oferta com Preview enviada para 120363422860849054@g.us
2025-12-19 11:58:36.229 | SUCCESS  | __main__:processar_oferta:103 - 📱 Enviada para o WhatsApp!
2025-12-19 11:58:36.610 | SUCCESS  | src.infrastructure.whatsapp_client:enviar_oferta:52 - 📱 Oferta com Preview enviada para 120363422860849054@g.us
2025-12-19 11:58:36.610 | SUCCESS  | __main__:processar_oferta:103 - 📱 Enviada para o WhatsApp!
2025-12-19 11:58:37.141 | INFO     | __main__:processar_oferta:132 - ⏳ Aguardando 30s...
2025-12-19 11:58:37.528 | INFO     | __main__:processar_oferta:132 - ⏳ Aguardando 30s...
2025-12-19 11:58:37.887 | INFO     | __main__:processar_oferta:132 - ⏳ Aguardando 30s...
2025-12-19 11:58:38.275 | INFO     | __main__:processar_oferta:132 - ⏳ Aguardando 30s...
2025-12-19 11:59:08.250 | INFO     | __main__:processar_oferta:74 - 🔎 SHOPEE
2025-12-19 11:59:10.328 | INFO     | __main__:processar_oferta:63 - ♻️ Repetida: https://www.mercadolivre.com.br/social/agenciarice
2025-12-19 11:59:10.394 | INFO     | __main__:processar_oferta:74 - 🔎 SHOPEE
2025-12-19 11:59:10.402 | INFO     | __main__:processar_oferta:74 - 🔎 SHOPEE
2025-12-19 11:59:10.404 | INFO     | __main__:processar_oferta:74 - 🔎 SHOPEE
2025-12-19 11:59:13.125 | SUCCESS  | src.infrastructure.whatsapp_client:enviar_oferta:52 - 📱 Oferta com Preview enviada para 120363422860849054@g.us
2025-12-19 11:59:13.126 | SUCCESS  | __main__:processar_oferta:103 - 📱 Enviada para o WhatsApp!
2025-12-19 11:59:14.611 | SUCCESS  | src.infrastructure.whatsapp_client:enviar_oferta:52 - 📱 Oferta com Preview enviada para 120363422860849054@g.us
2025-12-19 11:59:14.611 | SUCCESS  | __main__:processar_oferta:103 - 📱 Enviada para o WhatsApp!
2025-12-19 11:59:14.798 | INFO     | __main__:processar_oferta:132 - ⏳ Aguardando 30s...
2025-12-19 11:59:14.990 | SUCCESS  | src.infrastructure.whatsapp_client:enviar_oferta:52 - 📱 Oferta com Preview enviada para 120363422860849054@g.us
2025-12-19 11:59:14.991 | SUCCESS  | __main__:processar_oferta:103 - 📱 Enviada para o WhatsApp!
2025-12-19 11:59:15.364 | SUCCESS  | src.infrastructure.whatsapp_client:enviar_oferta:52 - 📱 Oferta com Preview enviada para 120363422860849054@g.us
2025-12-19 11:59:15.364 | SUCCESS  | __main__:processar_oferta:103 - 📱 Enviada para o WhatsApp!
2025-12-19 11:59:16.281 | INFO     | __main__:processar_oferta:132 - ⏳ Aguardando 30s...
2025-12-19 11:59:16.652 | INFO     | __main__:processar_oferta:132 - ⏳ Aguardando 30s...
2025-12-19 11:59:17.025 | INFO     | __main__:processar_oferta:132 - ⏳ Aguardando 30s...
2025-12-19 11:59:47.153 | INFO     | __main__:processar_oferta:63 - ♻️ Repetida: https://nerdcupons.com
2025-12-19 12:00:29.915 | INFO     | __main__:processar_oferta:74 - 🔎 SHOPEE
2025-12-19 12:00:29.973 | INFO     | __main__:processar_oferta:74 - 🔎 SHOPEE
2025-12-19 12:00:30.051 | INFO     | __main__:processar_oferta:74 - 🔎 SHOPEE
2025-12-19 12:00:30.053 | INFO     | __main__:processar_oferta:74 - 🔎 SHOPEE
2025-12-19 12:00:32.399 | INFO     | __main__:processar_oferta:74 - 🔎 AMAZON
2025-12-19 12:00:35.681 | SUCCESS  | src.infrastructure.whatsapp_client:enviar_oferta:52 - 📱 Oferta com Preview enviada para 120363422860849054@g.us
2025-12-19 12:00:35.681 | SUCCESS  | __main__:processar_oferta:103 - 📱 Enviada para o WhatsApp!
2025-12-19 12:00:35.847 | SUCCESS  | src.infrastructure.whatsapp_client:enviar_oferta:52 - 📱 Oferta com Preview enviada para 120363422860849054@g.us
2025-12-19 12:00:35.847 | SUCCESS  | __main__:processar_oferta:103 - 📱 Enviada para o WhatsApp!
2025-12-19 12:00:36.212 | SUCCESS  | src.infrastructure.whatsapp_client:enviar_oferta:52 - 📱 Oferta com Preview enviada para 120363422860849054@g.us
2025-12-19 12:00:36.212 | SUCCESS  | __main__:processar_oferta:103 - 📱 Enviada para o WhatsApp!
2025-12-19 12:00:36.594 | SUCCESS  | src.infrastructure.whatsapp_client:enviar_oferta:52 - 📱 Oferta com Preview enviada para 120363422860849054@g.us
2025-12-19 12:00:36.594 | SUCCESS  | __main__:processar_oferta:103 - 📱 Enviada para o WhatsApp!
2025-12-19 12:00:37.351 | INFO     | __main__:processar_oferta:132 - ⏳ Aguardando 30s...
2025-12-19 12:00:37.522 | INFO     | __main__:processar_oferta:132 - ⏳ Aguardando 30s...
2025-12-19 12:00:37.894 | INFO     | __main__:processar_oferta:132 - ⏳ Aguardando 30s...
2025-12-19 12:00:38.265 | INFO     | __main__:processar_oferta:132 - ⏳ Aguardando 30s...
2025-12-19 12:00:39.540 | SUCCESS  | src.infrastructure.whatsapp_client:enviar_oferta:52 - 📱 Oferta com Preview enviada para 120363422860849054@g.us
2025-12-19 12:00:39.540 | SUCCESS  | __main__:processar_oferta:103 - 📱 Enviada para o WhatsApp!
2025-12-19 12:00:41.432 | INFO     | __main__:processar_oferta:132 - ⏳ Aguardando 30s...
2025-12-19 12:01:08.024 | INFO     | __main__:processar_oferta:63 - ♻️ Repetida: https://nerdcupons.com
2025-12-19 12:01:08.059 | INFO     | __main__:processar_oferta:74 - 🔎 SHOPEE
2025-12-19 12:01:08.373 | INFO     | __main__:processar_oferta:63 - ♻️ Repetida: https://nerdcupons.com
2025-12-19 12:01:09.690 | INFO     | __main__:processar_oferta:74 - 🔎 SHOPEE
2025-12-19 12:01:09.709 | INFO     | __main__:processar_oferta:74 - 🔎 SHOPEE
2025-12-19 12:01:12.031 | SUCCESS  | src.infrastructure.whatsapp_client:enviar_oferta:52 - 📱 Oferta com Preview enviada para 120363422860849054@g.us
2025-12-19 12:01:12.031 | SUCCESS  | __main__:processar_oferta:103 - 📱 Enviada para o WhatsApp!
2025-12-19 12:01:13.190 | SUCCESS  | src.infrastructure.whatsapp_client:enviar_oferta:52 - 📱 Oferta com Preview enviada para 120363422860849054@g.us
2025-12-19 12:01:13.190 | SUCCESS  | __main__:processar_oferta:103 - 📱 Enviada para o WhatsApp!
2025-12-19 12:01:13.512 | SUCCESS  | src.infrastructure.whatsapp_client:enviar_oferta:52 - 📱 Oferta com Preview enviada para 120363422860849054@g.us
2025-12-19 12:01:13.512 | SUCCESS  | __main__:processar_oferta:103 - 📱 Enviada para o WhatsApp!
2025-12-19 12:01:13.696 | INFO     | __main__:processar_oferta:132 - ⏳ Aguardando 30s...
2025-12-19 12:01:14.877 | INFO     | __main__:processar_oferta:132 - ⏳ Aguardando 30s...
2025-12-19 12:01:15.187 | INFO     | __main__:processar_oferta:132 - ⏳ Aguardando 30s...
2025-12-19 12:01:29.876 | INFO     | __main__:processar_oferta:74 - 🔎 AMAZON
2025-12-19 12:01:29.917 | INFO     | __main__:processar_oferta:74 - 🔎 SHOPEE
2025-12-19 12:01:29.930 | INFO     | __main__:processar_oferta:74 - 🔎 SHOPEE
2025-12-19 12:01:29.934 | INFO     | __main__:processar_oferta:74 - 🔎 SHOPEE
2025-12-19 12:01:32.483 | SUCCESS  | src.infrastructure.whatsapp_client:enviar_oferta:52 - 📱 Oferta com Preview enviada para 120363422860849054@g.us
2025-12-19 12:01:32.483 | SUCCESS  | __main__:processar_oferta:103 - 📱 Enviada para o WhatsApp!
2025-12-19 12:01:32.639 | INFO     | __main__:processar_oferta:132 - ⏳ Aguardando 30s...
2025-12-19 12:01:33.885 | SUCCESS  | src.infrastructure.whatsapp_client:enviar_oferta:52 - 📱 Oferta com Preview enviada para 120363422860849054@g.us
2025-12-19 12:01:33.885 | SUCCESS  | __main__:processar_oferta:103 - 📱 Enviada para o WhatsApp!
2025-12-19 12:01:34.365 | SUCCESS  | src.infrastructure.whatsapp_client:enviar_oferta:52 - 📱 Oferta com Preview enviada para 120363422860849054@g.us
2025-12-19 12:01:34.365 | SUCCESS  | __main__:processar_oferta:103 - 📱 Enviada para o WhatsApp!
2025-12-19 12:01:35.551 | INFO     | __main__:processar_oferta:132 - ⏳ Aguardando 30s...
2025-12-19 12:01:36.033 | INFO     | __main__:processar_oferta:132 - ⏳ Aguardando 30s...
2025-12-19 12:01:36.624 | SUCCESS  | src.infrastructure.whatsapp_client:enviar_oferta:52 - 📱 Oferta com Preview enviada para 120363422860849054@g.us
2025-12-19 12:01:36.625 | SUCCESS  | __main__:processar_oferta:103 - 📱 Enviada para o WhatsApp!
2025-12-19 12:01:38.295 | INFO     | __main__:processar_oferta:132 - ⏳ Aguardando 30s...
2025-12-19 12:02:03.325 | INFO     | __main__:processar_oferta:74 - 🔎 SHOPEE
2025-12-19 12:02:05.703 | INFO     | __main__:processar_oferta:63 - ♻️ Repetida: https://nerdcupons.com
2025-12-19 12:02:23.557 | SUCCESS  | src.infrastructure.whatsapp_client:enviar_oferta:52 - 📱 Oferta com Preview enviada para 120363422860849054@g.us
2025-12-19 12:02:23.558 | SUCCESS  | __main__:processar_oferta:103 - 📱 Enviada para o WhatsApp!
2025-12-19 12:02:23.714 | INFO     | __main__:processar_oferta:132 - ⏳ Aguardando 30s...
2025-12-19 12:02:29.921 | INFO     | __main__:processar_oferta:74 - 🔎 SHOPEE
2025-12-19 12:02:29.945 | INFO     | __main__:processar_oferta:74 - 🔎 SHOPEE
2025-12-19 12:02:32.656 | SUCCESS  | src.infrastructure.whatsapp_client:enviar_oferta:52 - 📱 Oferta com Preview enviada para 120363422860849054@g.us
2025-12-19 12:02:32.656 | SUCCESS  | __main__:processar_oferta:103 - 📱 Enviada para o WhatsApp!
2025-12-19 12:02:34.327 | INFO     | __main__:processar_oferta:132 - ⏳ Aguardando 30s...
2025-12-19 12:03:00.664 | INFO     | __main__:processar_oferta:63 - ♻️ Repetida: https://www.amazon.com.br/
2025-12-19 12:03:00.758 | INFO     | __main__:processar_oferta:74 - 🔎 SHOPEE
2025-12-19 12:03:02.472 | INFO     | __main__:processar_oferta:63 - ♻️ Repetida: https://www.amazon.com.br/dp/B0F1QM7NHQ
2025-12-19 12:03:03.092 | SUCCESS  | src.infrastructure.whatsapp_client:enviar_oferta:52 - 📱 Oferta com Preview enviada para 120363422860849054@g.us
2025-12-19 12:03:03.092 | SUCCESS  | __main__:processar_oferta:103 - 📱 Enviada para o WhatsApp!
2025-12-19 12:03:04.766 | INFO     | __main__:processar_oferta:132 - ⏳ Aguardando 30s...
2025-12-19 12:03:04.982 | INFO     | __main__:processar_oferta:74 - 🔎 SHOPEE
2025-12-19 12:03:30.309 | INFO     | __main__:processar_oferta:74 - 🔎 SHOPEE
2025-12-19 12:03:30.616 | INFO     | __main__:processar_oferta:63 - ♻️ Repetida: https://www.mercadolivre.com.br/social/cupons
2025-12-19 12:03:34.573 | SUCCESS  | src.infrastructure.whatsapp_client:enviar_oferta:52 - 📱 Oferta com Preview enviada para 120363422860849054@g.us
2025-12-19 12:03:34.573 | SUCCESS  | __main__:processar_oferta:103 - 📱 Enviada para o WhatsApp!
2025-12-19 12:03:34.874 | SUCCESS  | src.infrastructure.whatsapp_client:enviar_oferta:52 - 📱 Oferta com Preview enviada para 120363422860849054@g.us
2025-12-19 12:03:34.874 | SUCCESS  | __main__:processar_oferta:103 - 📱 Enviada para o WhatsApp!
2025-12-19 12:03:35.032 | INFO     | __main__:processar_oferta:63 - ♻️ Repetida: https://nerdcupons.com
2025-12-19 12:03:36.240 | INFO     | __main__:processar_oferta:132 - ⏳ Aguardando 30s...
2025-12-19 12:03:36.533 | INFO     | __main__:processar_oferta:132 - ⏳ Aguardando 30s...
2025-12-19 12:04:08.097 | INFO     | __main__:processar_oferta:74 - 🔎 AMAZON
2025-12-19 12:04:09.866 | SUCCESS  | src.infrastructure.whatsapp_client:enviar_oferta:52 - 📱 Oferta com Preview enviada para 120363422860849054@g.us
2025-12-19 12:04:09.867 | SUCCESS  | __main__:processar_oferta:103 - 📱 Enviada para o WhatsApp!
2025-12-19 12:04:11.543 | INFO     | __main__:processar_oferta:132 - ⏳ Aguardando 30s...
2025-12-19 12:04:14.348 | SUCCESS  | src.infrastructure.whatsapp_client:enviar_oferta:52 - 📱 Oferta com Preview enviada para 120363422860849054@g.us
2025-12-19 12:04:14.348 | SUCCESS  | __main__:processar_oferta:103 - 📱 Enviada para o WhatsApp!
2025-12-19 12:04:16.012 | INFO     | __main__:processar_oferta:132 - ⏳ Aguardando 30s...
2025-12-19 12:04:29.937 | INFO     | __main__:processar_oferta:74 - 🔎 SHOPEE
2025-12-19 12:04:33.666 | SUCCESS  | src.infrastructure.whatsapp_client:enviar_oferta:52 - 📱 Oferta com Preview enviada para 120363422860849054@g.us
2025-12-19 12:04:33.667 | SUCCESS  | __main__:processar_oferta:103 - 📱 Enviada para o WhatsApp!
2025-12-19 12:04:35.336 | INFO     | __main__:processar_oferta:132 - ⏳ Aguardando 30s...
2025-12-19 12:04:46.565 | INFO     | __main__:processar_oferta:74 - 🔎 AMAZON
2025-12-19 12:04:49.371 | INFO     | __main__:processar_oferta:74 - 🔎 AMAZON
2025-12-19 12:04:50.712 | SUCCESS  | src.infrastructure.whatsapp_client:enviar_oferta:52 - 📱 Oferta com Preview enviada para 120363422860849054@g.us
2025-12-19 12:04:50.712 | SUCCESS  | __main__:processar_oferta:103 - 📱 Enviada para o WhatsApp!
2025-12-19 12:04:52.377 | INFO     | __main__:processar_oferta:132 - ⏳ Aguardando 30s...
2025-12-19 12:04:54.047 | SUCCESS  | src.infrastructure.whatsapp_client:enviar_oferta:52 - 📱 Oferta com Preview enviada para 120363422860849054@g.us
2025-12-19 12:04:54.048 | SUCCESS  | __main__:processar_oferta:103 - 📱 Enviada para o WhatsApp!
2025-12-19 12:04:55.716 | INFO     | __main__:processar_oferta:132 - ⏳ Aguardando 30s...
2025-12-19 12:05:25.877 | INFO     | __main__:processar_oferta:63 - ♻️ Repetida: https://nerdcupons.com
2025-12-19 12:05:29.983 | INFO     | __main__:processar_oferta:74 - 🔎 SHOPEE
2025-12-19 12:05:31.607 | INFO     | __main__:processar_oferta:63 - ♻️ Repetida: https://www.amazon.com.br/gp/product/B0FPGF9J2J
2025-12-19 12:05:32.430 | INFO     | __main__:processar_oferta:63 - ♻️ Repetida: https://www.amazon.com.br/prime
2025-12-19 12:05:33.278 | SUCCESS  | src.infrastructure.whatsapp_client:enviar_oferta:52 - 📱 Oferta com Preview enviada para 120363422860849054@g.us
2025-12-19 12:05:33.279 | SUCCESS  | __main__:processar_oferta:103 - 📱 Enviada para o WhatsApp!
2025-12-19 12:05:34.950 | INFO     | __main__:processar_oferta:132 - ⏳ Aguardando 30s...
2025-12-19 12:11:23.576 | INFO     | __main__:<module>:20 - 🐭 RATO GARIMPEIRO ATIVADO!
2025-12-19 12:11:23.870 | SUCCESS  | __main__:<module>:28 - ✅ Core OK!
2025-12-19 12:11:23.871 | SUCCESS  | __main__:<module>:41 - 🐦 X OK!
2025-12-19 12:11:25.591 | SUCCESS  | __main__:main:161 - 🚀 Rodando em 34 fontes.
2025-12-19 12:12:26.504 | INFO     | __main__:processar_oferta:119 - 🔎 Captado: AMAZON
2025-12-19 12:12:27.620 | INFO     | __main__:processar_oferta:142 - 📥 Adicionado à fila. Posição: 1
2025-12-19 12:12:27.620 | INFO     | __main__:trabalhador_da_fila:70 - 🚀 Enviando da fila: AMAZON
2025-12-19 12:12:28.268 | WARNING  | src.infrastructure.whatsapp_client:enviar_oferta:39 - ⚠️ Falha na imagem (405). Tentando texto puro...
2025-12-19 12:12:28.521 | INFO     | __main__:processar_oferta:119 - 🔎 Captado: AMAZON
2025-12-19 12:12:29.071 | SUCCESS  | src.infrastructure.whatsapp_client:enviar_oferta:58 - 📱 Texto enviado para 120363422860849054@g.us
2025-12-19 12:12:29.071 | SUCCESS  | __main__:trabalhador_da_fila:76 - 📱 WhatsApp OK! (Fila: 0 restantes)
2025-12-19 12:12:29.531 | WARNING  | __main__:trabalhador_da_fila:89 - 🐦 Erro Twitter: 429 Too Many Requests
Too Many Requests
2025-12-19 12:12:29.848 | INFO     | __main__:processar_oferta:142 - 📥 Adicionado à fila. Posição: 1
2025-12-19 12:12:30.541 | INFO     | __main__:trabalhador_da_fila:100 - ⏳ Aguardando 3 minutos para a próxima...
2025-12-19 12:13:25.593 | INFO     | __main__:processar_oferta:119 - 🔎 Captado: AMAZON
2025-12-19 12:13:25.789 | INFO     | __main__:processar_oferta:119 - 🔎 Captado: AMAZON
2025-12-19 12:13:25.900 | INFO     | __main__:processar_oferta:119 - 🔎 Captado: MERCADO LIVRE
2025-12-19 12:13:26.065 | INFO     | __main__:processar_oferta:119 - 🔎 Captado: MERCADO LIVRE
2025-12-19 12:13:26.686 | INFO     | __main__:processar_oferta:142 - 📥 Adicionado à fila. Posição: 2
2025-12-19 12:13:27.056 | INFO     | __main__:processar_oferta:142 - 📥 Adicionado à fila. Posição: 3
2025-12-19 12:13:27.327 | INFO     | __main__:processar_oferta:142 - 📥 Adicionado à fila. Posição: 4
2025-12-19 12:13:27.883 | INFO     | __main__:processar_oferta:142 - 📥 Adicionado à fila. Posição: 5
2025-12-19 12:13:28.118 | INFO     | __main__:processar_oferta:119 - 🔎 Captado: AMAZON
2025-12-19 12:13:29.308 | INFO     | __main__:processar_oferta:142 - 📥 Adicionado à fila. Posição: 6
2025-12-19 12:14:25.714 | INFO     | __main__:processar_oferta:119 - 🔎 Captado: AMAZON
2025-12-19 12:14:26.724 | INFO     | __main__:processar_oferta:142 - 📥 Adicionado à fila. Posição: 7
2025-12-19 12:14:26.910 | INFO     | __main__:processar_oferta:119 - 🔎 Captado: NETSHOES
2025-12-19 12:14:27.941 | INFO     | __main__:processar_oferta:142 - 📥 Adicionado à fila. Posição: 8
2025-12-19 12:15:25.726 | INFO     | __main__:processar_oferta:119 - 🔎 Captado: AMAZON
2025-12-19 12:15:26.332 | INFO     | __main__:processar_oferta:119 - 🔎 Captado: MERCADO LIVRE
2025-12-19 12:15:27.115 | INFO     | __main__:processar_oferta:142 - 📥 Adicionado à fila. Posição: 9
2025-12-19 12:15:27.450 | INFO     | __main__:processar_oferta:119 - 🔎 Captado: AMAZON
2025-12-19 12:15:28.221 | INFO     | __main__:processar_oferta:142 - 📥 Adicionado à fila. Posição: 10
2025-12-19 12:15:30.432 | INFO     | __main__:processar_oferta:142 - 📥 Adicionado à fila. Posição: 11
2025-12-19 12:15:30.546 | INFO     | __main__:trabalhador_da_fila:70 - 🚀 Enviando da fila: AMAZON
2025-12-19 12:15:31.247 | WARNING  | src.infrastructure.whatsapp_client:enviar_oferta:39 - ⚠️ Falha na imagem (405). Tentando texto puro...
2025-12-19 12:15:32.044 | SUCCESS  | src.infrastructure.whatsapp_client:enviar_oferta:58 - 📱 Texto enviado para 120363422860849054@g.us
2025-12-19 12:15:32.044 | SUCCESS  | __main__:trabalhador_da_fila:76 - 📱 WhatsApp OK! (Fila: 10 restantes)
2025-12-19 12:15:32.060 | WARNING  | __main__:trabalhador_da_fila:89 - 🐦 Erro Twitter: ('Connection aborted.', ConnectionResetError(10054, 'Foi forçado o cancelamento de uma conexão existente pelo host remoto', None, 10054, None))
2025-12-19 12:15:33.067 | INFO     | __main__:trabalhador_da_fila:100 - ⏳ Aguardando 3 minutos para a próxima...
2025-12-19 12:16:27.275 | INFO     | __main__:processar_oferta:119 - 🔎 Captado: AMAZON
2025-12-19 12:16:28.183 | INFO     | __main__:processar_oferta:142 - 📥 Adicionado à fila. Posição: 11
2025-12-19 12:16:30.146 | INFO     | __main__:processar_oferta:119 - 🔎 Captado: AMAZON
2025-12-19 12:16:31.346 | INFO     | __main__:processar_oferta:142 - 📥 Adicionado à fila. Posição: 12
2025-12-19 12:16:32.244 | INFO     | __main__:processar_oferta:119 - 🔎 Captado: AMAZON
2025-12-19 12:16:33.540 | INFO     | __main__:processar_oferta:142 - 📥 Adicionado à fila. Posição: 13
2025-12-19 12:17:26.008 | INFO     | __main__:processar_oferta:119 - 🔎 Captado: MERCADO LIVRE
2025-12-19 12:17:26.495 | INFO     | __main__:processar_oferta:142 - 📥 Adicionado à fila. Posição: 14
2025-12-19 12:18:33.073 | INFO     | __main__:trabalhador_da_fila:70 - 🚀 Enviando da fila: AMAZON
2025-12-19 12:18:33.722 | WARNING  | src.infrastructure.whatsapp_client:enviar_oferta:39 - ⚠️ Falha na imagem (405). Tentando texto puro...
2025-12-19 12:18:34.533 | SUCCESS  | src.infrastructure.whatsapp_client:enviar_oferta:58 - 📱 Texto enviado para 120363422860849054@g.us
2025-12-19 12:18:34.533 | SUCCESS  | __main__:trabalhador_da_fila:76 - 📱 WhatsApp OK! (Fila: 13 restantes)
2025-12-19 12:18:35.003 | WARNING  | __main__:trabalhador_da_fila:89 - 🐦 Erro Twitter: 429 Too Many Requests
Too Many Requests
2025-12-19 12:18:36.015 | INFO     | __main__:trabalhador_da_fila:100 - ⏳ Aguardando 3 minutos para a próxima...
2025-12-19 12:19:26.503 | INFO     | __main__:processar_oferta:119 - 🔎 Captado: MERCADO LIVRE
2025-12-19 12:19:27.349 | INFO     | __main__:processar_oferta:142 - 📥 Adicionado à fila. Posição: 14
2025-12-19 12:20:26.161 | INFO     | __main__:processar_oferta:119 - 🔎 Captado: MERCADO LIVRE
2025-12-19 12:20:27.062 | INFO     | __main__:processar_oferta:142 - 📥 Adicionado à fila. Posição: 15
2025-12-19 12:20:27.593 | INFO     | __main__:processar_oferta:119 - 🔎 Captado: AMAZON
2025-12-19 12:20:27.936 | INFO     | __main__:processar_oferta:119 - 🔎 Captado: AMAZON
2025-12-19 12:20:28.468 | INFO     | __main__:processar_oferta:142 - 📥 Adicionado à fila. Posição: 16
2025-12-19 12:20:29.698 | INFO     | __main__:processar_oferta:142 - 📥 Adicionado à fila. Posição: 17
2025-12-19 12:23:43.846 | INFO     | __main__:<module>:20 - 🐭 RATO GARIMPEIRO ATIVADO!
2025-12-19 12:23:44.128 | SUCCESS  | __main__:<module>:28 - ✅ Core OK!
2025-12-19 12:23:44.128 | SUCCESS  | __main__:<module>:41 - 🐦 X OK!
2025-12-19 12:23:45.907 | SUCCESS  | __main__:main:161 - 🚀 Rodando em 34 fontes.
2025-12-19 12:24:49.569 | INFO     | __main__:processar_oferta:119 - 🔎 Captado: MERCADO LIVRE
2025-12-19 12:24:50.473 | INFO     | __main__:processar_oferta:142 - 📥 Adicionado à fila. Posição: 1
2025-12-19 12:24:50.473 | INFO     | __main__:trabalhador_da_fila:70 - 🚀 Enviando da fila: MERCADO LIVRE
2025-12-19 12:24:51.073 | WARNING  | src.infrastructure.whatsapp_client:enviar_oferta:44 - ⚠️ API recusou imagem (405). Tentando fallback...
2025-12-19 12:24:51.859 | SUCCESS  | src.infrastructure.whatsapp_client:enviar_oferta:62 - 📱 Texto enviado para 120363422860849054@g.us
2025-12-19 12:24:51.859 | SUCCESS  | __main__:trabalhador_da_fila:76 - 📱 WhatsApp OK! (Fila: 0 restantes)
2025-12-19 12:24:52.318 | WARNING  | __main__:trabalhador_da_fila:89 - 🐦 Erro Twitter: 429 Too Many Requests
Too Many Requests
2025-12-19 12:24:53.330 | INFO     | __main__:trabalhador_da_fila:100 - ⏳ Aguardando 3 minutos para a próxima...
2025-12-19 12:25:46.284 | INFO     | __main__:processar_oferta:119 - 🔎 Captado: MERCADO LIVRE
2025-12-19 12:25:46.312 | INFO     | __main__:processar_oferta:119 - 🔎 Captado: MERCADO LIVRE
2025-12-19 12:25:47.087 | INFO     | __main__:processar_oferta:142 - 📥 Adicionado à fila. Posição: 1
2025-12-19 12:25:50.132 | INFO     | __main__:processar_oferta:142 - 📥 Adicionado à fila. Posição: 2
2025-12-19 12:26:45.878 | INFO     | __main__:processar_oferta:119 - 🔎 Captado: AMAZON
2025-12-19 12:26:45.887 | INFO     | __main__:processar_oferta:119 - 🔎 Captado: AMAZON
2025-12-19 12:26:45.960 | INFO     | __main__:processar_oferta:119 - 🔎 Captado: AMAZON
2025-12-19 12:26:46.049 | INFO     | __main__:processar_oferta:119 - 🔎 Captado: AMAZON
2025-12-19 12:26:46.642 | INFO     | __main__:processar_oferta:142 - 📥 Adicionado à fila. Posição: 3
2025-12-19 12:26:46.963 | INFO     | __main__:processar_oferta:142 - 📥 Adicionado à fila. Posição: 4
2025-12-19 12:26:48.002 | INFO     | __main__:processar_oferta:142 - 📥 Adicionado à fila. Posição: 5
2025-12-19 12:26:48.306 | INFO     | __main__:processar_oferta:142 - 📥 Adicionado à fila. Posição: 6
2025-12-19 12:27:46.347 | INFO     | __main__:processar_oferta:119 - 🔎 Captado: MERCADO LIVRE
2025-12-19 12:27:46.412 | INFO     | __main__:processar_oferta:119 - 🔎 Captado: MERCADO LIVRE
2025-12-19 12:27:47.259 | INFO     | __main__:processar_oferta:142 - 📥 Adicionado à fila. Posição: 7
2025-12-19 12:27:47.842 | INFO     | __main__:processar_oferta:142 - 📥 Adicionado à fila. Posição: 8
2025-12-19 12:27:53.331 | INFO     | __main__:trabalhador_da_fila:70 - 🚀 Enviando da fila: MERCADO LIVRE
2025-12-19 12:27:53.906 | WARNING  | src.infrastructure.whatsapp_client:enviar_oferta:44 - ⚠️ API recusou imagem (405). Tentando fallback...
2025-12-19 12:27:54.740 | SUCCESS  | src.infrastructure.whatsapp_client:enviar_oferta:62 - 📱 Texto enviado para 120363422860849054@g.us
2025-12-19 12:27:54.741 | SUCCESS  | __main__:trabalhador_da_fila:76 - 📱 WhatsApp OK! (Fila: 7 restantes)
2025-12-19 12:27:54.757 | WARNING  | __main__:trabalhador_da_fila:89 - 🐦 Erro Twitter: ('Connection aborted.', ConnectionResetError(10054, 'Foi forçado o cancelamento de uma conexão existente pelo host remoto', None, 10054, None))
2025-12-19 12:27:55.768 | INFO     | __main__:trabalhador_da_fila:100 - ⏳ Aguardando 3 minutos para a próxima...
2025-12-19 12:30:46.108 | INFO     | __main__:processar_oferta:119 - 🔎 Captado: MERCADO LIVRE
2025-12-19 12:30:46.416 | INFO     | __main__:processar_oferta:119 - 🔎 Captado: AMAZON
2025-12-19 12:30:47.319 | INFO     | __main__:processar_oferta:142 - 📥 Adicionado à fila. Posição: 8
2025-12-19 12:30:48.135 | INFO     | __main__:processar_oferta:142 - 📥 Adicionado à fila. Posição: 9
2025-12-19 12:30:55.776 | INFO     | __main__:trabalhador_da_fila:70 - 🚀 Enviando da fila: MERCADO LIVRE
2025-12-19 12:30:56.376 | WARNING  | src.infrastructure.whatsapp_client:enviar_oferta:44 - ⚠️ API recusou imagem (405). Tentando fallback...
2025-12-19 12:30:57.180 | SUCCESS  | src.infrastructure.whatsapp_client:enviar_oferta:62 - 📱 Texto enviado para 120363422860849054@g.us
2025-12-19 12:30:57.180 | SUCCESS  | __main__:trabalhador_da_fila:76 - 📱 WhatsApp OK! (Fila: 8 restantes)
2025-12-19 12:30:58.179 | WARNING  | __main__:trabalhador_da_fila:89 - 🐦 Erro Twitter: 429 Too Many Requests
Too Many Requests
2025-12-19 12:30:59.186 | INFO     | __main__:trabalhador_da_fila:100 - ⏳ Aguardando 3 minutos para a próxima...
2025-12-19 12:31:17.258 | INFO     | __main__:<module>:21 - 🐭 RATO GARIMPEIRO ATIVADO!
2025-12-19 12:31:17.538 | SUCCESS  | __main__:<module>:29 - ✅ Core OK!
2025-12-19 12:31:17.539 | SUCCESS  | __main__:<module>:44 - 🐦 X OK!
2025-12-19 12:31:19.357 | SUCCESS  | __main__:main:178 - 🚀 Rodando em 34 fontes.
2025-12-19 12:35:24.818 | WARNING  | __main__:processar_oferta:134 - 🚫 Bloqueado: MERCADO LIVRE
2025-12-19 12:35:50.906 | WARNING  | __main__:processar_oferta:134 - 🚫 Bloqueado: None
2025-12-19 12:37:05.020 | INFO     | __main__:processar_oferta:137 - 🔎 Captado: AMAZON
2025-12-19 12:37:08.756 | INFO     | __main__:processar_oferta:160 - 📥 Adicionado à fila. Posição: 1
2025-12-19 12:37:08.757 | INFO     | __main__:trabalhador_da_fila:74 - 🚀 Enviando da fila: AMAZON
2025-12-19 12:37:10.873 | SUCCESS  | src.infrastructure.whatsapp_client:enviar_oferta:53 - ✅ Mídia enviada (/send/media) para 120363422860849054@g.us
2025-12-19 12:37:10.874 | SUCCESS  | __main__:trabalhador_da_fila:80 - 📱 WhatsApp OK! (Fila: 0 restantes)
2025-12-19 12:37:11.421 | WARNING  | __main__:trabalhador_da_fila:99 - ⛔ Twitter 429! Pausando posts no X por 30 minutos.
2025-12-19 12:37:12.437 | INFO     | __main__:trabalhador_da_fila:115 - ⏳ Aguardando 3 minutos...
2025-12-19 12:38:20.407 | INFO     | __main__:processar_oferta:137 - 🔎 Captado: AMAZON
2025-12-19 12:38:21.204 | INFO     | __main__:processar_oferta:160 - 📥 Adicionado à fila. Posição: 1
2025-12-19 12:39:19.054 | WARNING  | __main__:processar_oferta:134 - 🚫 Bloqueado: None
2025-12-19 12:40:12.453 | INFO     | __main__:trabalhador_da_fila:74 - 🚀 Enviando da fila: AMAZON
2025-12-19 12:40:15.193 | SUCCESS  | src.infrastructure.whatsapp_client:enviar_oferta:53 - ✅ Mídia enviada (/send/media) para 120363422860849054@g.us
2025-12-19 12:40:15.193 | SUCCESS  | __main__:trabalhador_da_fila:80 - 📱 WhatsApp OK! (Fila: 0 restantes)
2025-12-19 12:40:15.193 | INFO     | __main__:trabalhador_da_fila:104 - ⏳ Twitter em pausa (Cooldown 429).
2025-12-19 12:40:16.201 | INFO     | __main__:trabalhador_da_fila:115 - ⏳ Aguardando 3 minutos...
2025-12-19 12:43:19.479 | INFO     | __main__:processar_oferta:137 - 🔎 Captado: AMAZON
2025-12-19 12:43:19.856 | WARNING  | __main__:processar_oferta:134 - 🚫 Bloqueado: None
2025-12-19 12:43:20.171 | INFO     | __main__:processar_oferta:160 - 📥 Adicionado à fila. Posição: 1
2025-12-19 12:43:20.171 | INFO     | __main__:trabalhador_da_fila:74 - 🚀 Enviando da fila: AMAZON
2025-12-19 12:43:22.101 | SUCCESS  | src.infrastructure.whatsapp_client:enviar_oferta:53 - ✅ Mídia enviada (/send/media) para 120363422860849054@g.us
2025-12-19 12:43:22.101 | SUCCESS  | __main__:trabalhador_da_fila:80 - 📱 WhatsApp OK! (Fila: 0 restantes)
2025-12-19 12:43:22.102 | INFO     | __main__:trabalhador_da_fila:104 - ⏳ Twitter em pausa (Cooldown 429).
2025-12-19 12:43:23.115 | INFO     | __main__:trabalhador_da_fila:115 - ⏳ Aguardando 3 minutos...
2025-12-19 12:46:21.289 | INFO     | __main__:processar_oferta:137 - 🔎 Captado: AMAZON
2025-12-19 12:46:22.629 | INFO     | __main__:processar_oferta:160 - 📥 Adicionado à fila. Posição: 1
2025-12-19 12:46:23.129 | INFO     | __main__:trabalhador_da_fila:74 - 🚀 Enviando da fila: AMAZON
2025-12-19 12:46:24.869 | SUCCESS  | src.infrastructure.whatsapp_client:enviar_oferta:53 - ✅ Mídia enviada (/send/media) para 120363422860849054@g.us
2025-12-19 12:46:24.870 | SUCCESS  | __main__:trabalhador_da_fila:80 - 📱 WhatsApp OK! (Fila: 0 restantes)
2025-12-19 12:46:24.870 | INFO     | __main__:trabalhador_da_fila:104 - ⏳ Twitter em pausa (Cooldown 429).
2025-12-19 12:46:25.878 | INFO     | __main__:trabalhador_da_fila:115 - ⏳ Aguardando 3 minutos...
2025-12-19 12:48:21.137 | INFO     | __main__:processar_oferta:137 - 🔎 Captado: AMAZON
2025-12-19 12:48:22.510 | INFO     | __main__:processar_oferta:160 - 📥 Adicionado à fila. Posição: 1
2025-12-19 12:49:25.889 | INFO     | __main__:trabalhador_da_fila:74 - 🚀 Enviando da fila: AMAZON
2025-12-19 12:49:50.280 | SUCCESS  | src.infrastructure.whatsapp_client:enviar_oferta:53 - ✅ Mídia enviada (/send/media) para 120363422860849054@g.us
2025-12-19 12:49:50.281 | SUCCESS  | __main__:trabalhador_da_fila:80 - 📱 WhatsApp OK! (Fila: 0 restantes)
2025-12-19 12:49:50.281 | INFO     | __main__:trabalhador_da_fila:104 - ⏳ Twitter em pausa (Cooldown 429).
2025-12-19 12:49:51.283 | INFO     | __main__:trabalhador_da_fila:115 - ⏳ Aguardando 3 minutos...
2025-12-19 12:53:19.968 | INFO     | __main__:processar_oferta:137 - 🔎 Captado: AMAZON
2025-12-19 12:53:20.772 | INFO     | __main__:processar_oferta:160 - 📥 Adicionado à fila. Posição: 1
2025-12-19 12:53:20.773 | INFO     | __main__:trabalhador_da_fila:74 - 🚀 Enviando da fila: AMAZON
2025-12-19 12:53:23.250 | SUCCESS  | src.infrastructure.whatsapp_client:enviar_oferta:53 - ✅ Mídia enviada (/send/media) para 120363422860849054@g.us
2025-12-19 12:53:23.251 | SUCCESS  | __main__:trabalhador_da_fila:80 - 📱 WhatsApp OK! (Fila: 0 restantes)
2025-12-19 12:53:23.251 | INFO     | __main__:trabalhador_da_fila:104 - ⏳ Twitter em pausa (Cooldown 429).
2025-12-19 12:53:24.263 | INFO     | __main__:trabalhador_da_fila:115 - ⏳ Aguardando 3 minutos...
2025-12-19 12:55:20.154 | WARNING  | __main__:processar_oferta:134 - 🚫 Bloqueado: MERCADO LIVRE
2025-12-19 12:56:20.146 | WARNING  | __main__:processar_oferta:134 - 🚫 Bloqueado: MERCADO LIVRE
2025-12-19 12:56:20.256 | INFO     | __main__:processar_oferta:137 - 🔎 Captado: AMAZON
2025-12-19 12:56:20.367 | WARNING  | __main__:processar_oferta:134 - 🚫 Bloqueado: None
2025-12-19 12:56:21.924 | INFO     | __main__:processar_oferta:160 - 📥 Adicionado à fila. Posição: 1
2025-12-19 12:56:24.278 | INFO     | __main__:trabalhador_da_fila:74 - 🚀 Enviando da fila: AMAZON
2025-12-19 12:56:26.766 | SUCCESS  | src.infrastructure.whatsapp_client:enviar_oferta:53 - ✅ Mídia enviada (/send/media) para 120363422860849054@g.us
2025-12-19 12:56:26.766 | SUCCESS  | __main__:trabalhador_da_fila:80 - 📱 WhatsApp OK! (Fila: 0 restantes)
2025-12-19 12:56:26.766 | INFO     | __main__:trabalhador_da_fila:104 - ⏳ Twitter em pausa (Cooldown 429).
2025-12-19 12:56:27.778 | INFO     | __main__:trabalhador_da_fila:115 - ⏳ Aguardando 3 minutos...
2025-12-19 12:58:19.157 | WARNING  | __main__:processar_oferta:134 - 🚫 Bloqueado: None
2025-12-19 12:59:19.699 | INFO     | __main__:processar_oferta:137 - 🔎 Captado: AMAZON
2025-12-19 12:59:20.678 | INFO     | __main__:processar_oferta:160 - 📥 Adicionado à fila. Posição: 1
2025-12-19 12:59:27.793 | INFO     | __main__:trabalhador_da_fila:74 - 🚀 Enviando da fila: AMAZON
2025-12-19 12:59:29.726 | SUCCESS  | src.infrastructure.whatsapp_client:enviar_oferta:53 - ✅ Mídia enviada (/send/media) para 120363422860849054@g.us
2025-12-19 12:59:29.727 | SUCCESS  | __main__:trabalhador_da_fila:80 - 📱 WhatsApp OK! (Fila: 0 restantes)
2025-12-19 12:59:29.727 | INFO     | __main__:trabalhador_da_fila:104 - ⏳ Twitter em pausa (Cooldown 429).
2025-12-19 12:59:30.730 | INFO     | __main__:trabalhador_da_fila:115 - ⏳ Aguardando 3 minutos...
2025-12-19 13:00:22.012 | WARNING  | __main__:processar_oferta:134 - 🚫 Bloqueado: None
2025-12-19 13:00:22.424 | WARNING  | __main__:processar_oferta:134 - 🚫 Bloqueado: None
2025-12-19 13:01:19.714 | INFO     | __main__:processar_oferta:137 - 🔎 Captado: AMAZON
2025-12-19 13:01:19.964 | INFO     | __main__:processar_oferta:137 - 🔎 Captado: AMAZON
2025-12-19 13:01:21.314 | INFO     | __main__:processar_oferta:160 - 📥 Adicionado à fila. Posição: 1
2025-12-19 13:01:21.961 | INFO     | __main__:processar_oferta:137 - 🔎 Captado: AMAZON
2025-12-19 13:01:22.238 | INFO     | __main__:processar_oferta:160 - 📥 Adicionado à fila. Posição: 2
2025-12-19 13:01:23.456 | INFO     | __main__:processar_oferta:160 - 📥 Adicionado à fila. Posição: 3
2025-12-19 13:01:24.201 | INFO     | __main__:processar_oferta:137 - 🔎 Captado: AMAZON
2025-12-19 13:01:25.766 | INFO     | __main__:processar_oferta:160 - 📥 Adicionado à fila. Posição: 4
2025-12-19 13:01:26.660 | INFO     | __main__:processar_oferta:137 - 🔎 Captado: AMAZON
2025-12-19 13:01:28.182 | INFO     | __main__:processar_oferta:160 - 📥 Adicionado à fila. Posição: 5
2025-12-19 13:02:30.745 | INFO     | __main__:trabalhador_da_fila:74 - 🚀 Enviando da fila: AMAZON
2025-12-19 13:02:33.626 | SUCCESS  | src.infrastructure.whatsapp_client:enviar_oferta:53 - ✅ Mídia enviada (/send/media) para 120363422860849054@g.us
2025-12-19 13:02:33.626 | SUCCESS  | __main__:trabalhador_da_fila:80 - 📱 WhatsApp OK! (Fila: 4 restantes)
2025-12-19 13:02:33.626 | INFO     | __main__:trabalhador_da_fila:104 - ⏳ Twitter em pausa (Cooldown 429).
2025-12-19 13:02:34.635 | INFO     | __main__:trabalhador_da_fila:115 - ⏳ Aguardando 3 minutos...
2025-12-19 13:03:20.567 | INFO     | __main__:processar_oferta:137 - 🔎 Captado: AMAZON
2025-12-19 13:03:21.362 | INFO     | __main__:processar_oferta:160 - 📥 Adicionado à fila. Posição: 5
2025-12-19 13:05:34.649 | INFO     | __main__:trabalhador_da_fila:74 - 🚀 Enviando da fila: AMAZON
2025-12-19 13:05:37.067 | SUCCESS  | src.infrastructure.whatsapp_client:enviar_oferta:53 - ✅ Mídia enviada (/send/media) para 120363422860849054@g.us
2025-12-19 13:05:37.068 | SUCCESS  | __main__:trabalhador_da_fila:80 - 📱 WhatsApp OK! (Fila: 4 restantes)
2025-12-19 13:05:37.068 | INFO     | __main__:trabalhador_da_fila:104 - ⏳ Twitter em pausa (Cooldown 429).
2025-12-19 13:05:38.070 | INFO     | __main__:trabalhador_da_fila:115 - ⏳ Aguardando 3 minutos...
2025-12-19 13:08:38.081 | INFO     | __main__:trabalhador_da_fila:74 - 🚀 Enviando da fila: AMAZON
2025-12-19 13:08:42.171 | SUCCESS  | src.infrastructure.whatsapp_client:enviar_oferta:83 - 📱 Texto Simples enviado para 120363422860849054@g.us
2025-12-19 13:08:42.171 | SUCCESS  | __main__:trabalhador_da_fila:80 - 📱 WhatsApp OK! (Fila: 3 restantes)
2025-12-19 13:09:01.357 | WARNING  | __main__:trabalhador_da_fila:102 - 🐦 Erro Twitter: HTTPSConnectionPool(host='api.twitter.com', port=443): Read timed out. (read timeout=None)
2025-12-19 13:09:01.357 | INFO     | __main__:trabalhador_da_fila:115 - ⏳ Aguardando 3 minutos...
2025-12-19 13:10:20.232 | WARNING  | __main__:processar_oferta:134 - 🚫 Bloqueado: MERCADO LIVRE
2025-12-19 13:11:19.674 | WARNING  | __main__:processar_oferta:134 - 🚫 Bloqueado: None
2025-12-19 13:11:20.639 | INFO     | __main__:processar_oferta:137 - 🔎 Captado: AMAZON
2025-12-19 13:11:22.385 | INFO     | __main__:processar_oferta:160 - 📥 Adicionado à fila. Posição: 4
2025-12-19 13:12:01.363 | INFO     | __main__:trabalhador_da_fila:74 - 🚀 Enviando da fila: AMAZON
2025-12-19 13:12:05.282 | SUCCESS  | src.infrastructure.whatsapp_client:enviar_oferta:83 - 📱 Texto Simples enviado para 120363422860849054@g.us
2025-12-19 13:12:05.282 | SUCCESS  | __main__:trabalhador_da_fila:80 - 📱 WhatsApp OK! (Fila: 3 restantes)
2025-12-19 13:12:05.739 | WARNING  | __main__:trabalhador_da_fila:99 - ⛔ Twitter 429! Pausando posts no X por 30 minutos.
2025-12-19 13:12:05.740 | INFO     | __main__:trabalhador_da_fila:115 - ⏳ Aguardando 3 minutos...
2025-12-19 13:13:19.312 | WARNING  | __main__:processar_oferta:134 - 🚫 Bloqueado: None
2025-12-19 13:15:05.746 | INFO     | __main__:trabalhador_da_fila:74 - 🚀 Enviando da fila: AMAZON
2025-12-19 13:15:08.813 | SUCCESS  | src.infrastructure.whatsapp_client:enviar_oferta:83 - 📱 Texto Simples enviado para 120363422860849054@g.us
2025-12-19 13:15:08.813 | SUCCESS  | __main__:trabalhador_da_fila:80 - 📱 WhatsApp OK! (Fila: 2 restantes)
2025-12-19 13:15:08.814 | INFO     | __main__:trabalhador_da_fila:104 - ⏳ Twitter em pausa (Cooldown 429).
2025-12-19 13:15:08.814 | INFO     | __main__:trabalhador_da_fila:115 - ⏳ Aguardando 3 minutos...
2025-12-19 13:15:19.964 | INFO     | __main__:processar_oferta:137 - 🔎 Captado: AMAZON
2025-12-19 13:15:21.442 | INFO     | __main__:processar_oferta:160 - 📥 Adicionado à fila. Posição: 3
2025-12-19 13:17:20.625 | WARNING  | __main__:processar_oferta:134 - 🚫 Bloqueado: None
2025-12-19 13:18:08.826 | INFO     | __main__:trabalhador_da_fila:74 - 🚀 Enviando da fila: AMAZON
2025-12-19 13:18:11.198 | SUCCESS  | src.infrastructure.whatsapp_client:enviar_oferta:53 - ✅ Mídia enviada (/send/media) para 120363422860849054@g.us
2025-12-19 13:18:11.199 | SUCCESS  | __main__:trabalhador_da_fila:80 - 📱 WhatsApp OK! (Fila: 2 restantes)
2025-12-19 13:18:11.199 | INFO     | __main__:trabalhador_da_fila:104 - ⏳ Twitter em pausa (Cooldown 429).
2025-12-19 13:18:12.200 | INFO     | __main__:trabalhador_da_fila:115 - ⏳ Aguardando 3 minutos...
2025-12-19 13:19:20.075 | WARNING  | __main__:processar_oferta:134 - 🚫 Bloqueado: MERCADO LIVRE
2025-12-19 13:21:12.202 | INFO     | __main__:trabalhador_da_fila:74 - 🚀 Enviando da fila: AMAZON
2025-12-19 13:21:14.487 | SUCCESS  | src.infrastructure.whatsapp_client:enviar_oferta:53 - ✅ Mídia enviada (/send/media) para 120363422860849054@g.us
2025-12-19 13:21:14.488 | SUCCESS  | __main__:trabalhador_da_fila:80 - 📱 WhatsApp OK! (Fila: 1 restantes)
2025-12-19 13:21:14.488 | INFO     | __main__:trabalhador_da_fila:104 - ⏳ Twitter em pausa (Cooldown 429).
2025-12-19 13:21:15.498 | INFO     | __main__:trabalhador_da_fila:115 - ⏳ Aguardando 3 minutos...
2025-12-19 13:21:20.422 | WARNING  | __main__:processar_oferta:134 - 🚫 Bloqueado: MERCADO LIVRE
2025-12-19 13:21:20.668 | INFO     | __main__:processar_oferta:137 - 🔎 Captado: AMAZON
2025-12-19 13:21:23.092 | INFO     | __main__:processar_oferta:160 - 📥 Adicionado à fila. Posição: 2
2025-12-19 13:21:36.129 | INFO     | __main__:processar_oferta:137 - 🔎 Captado: AMAZON
2025-12-19 13:21:37.042 | INFO     | __main__:processar_oferta:160 - 📥 Adicionado à fila. Posição: 3
2025-12-19 13:22:06.007 | WARNING  | __main__:processar_oferta:134 - 🚫 Bloqueado: MERCADO LIVRE
2025-12-19 13:24:15.501 | INFO     | __main__:trabalhador_da_fila:74 - 🚀 Enviando da fila: AMAZON
2025-12-19 13:24:17.844 | SUCCESS  | src.infrastructure.whatsapp_client:enviar_oferta:53 - ✅ Mídia enviada (/send/media) para 120363422860849054@g.us
2025-12-19 13:24:17.844 | SUCCESS  | __main__:trabalhador_da_fila:80 - 📱 WhatsApp OK! (Fila: 2 restantes)
2025-12-19 13:24:17.845 | INFO     | __main__:trabalhador_da_fila:104 - ⏳ Twitter em pausa (Cooldown 429).
2025-12-19 13:24:18.860 | INFO     | __main__:trabalhador_da_fila:115 - ⏳ Aguardando 3 minutos...
2025-12-19 13:25:21.762 | INFO     | __main__:processar_oferta:137 - 🔎 Captado: AMAZON
2025-12-19 13:25:22.587 | INFO     | __main__:processar_oferta:160 - 📥 Adicionado à fila. Posição: 3
2025-12-19 13:26:20.389 | WARNING  | __main__:processar_oferta:134 - 🚫 Bloqueado: MERCADO LIVRE
2025-12-19 13:27:18.864 | INFO     | __main__:trabalhador_da_fila:74 - 🚀 Enviando da fila: AMAZON
2025-12-19 13:27:20.248 | INFO     | __main__:processar_oferta:137 - 🔎 Captado: AMAZON
2025-12-19 13:27:21.744 | INFO     | __main__:processar_oferta:160 - 📥 Adicionado à fila. Posição: 3
2025-12-19 13:27:22.189 | SUCCESS  | src.infrastructure.whatsapp_client:enviar_oferta:53 - ✅ Mídia enviada (/send/media) para 120363422860849054@g.us
2025-12-19 13:27:22.189 | SUCCESS  | __main__:trabalhador_da_fila:80 - 📱 WhatsApp OK! (Fila: 3 restantes)
2025-12-19 13:27:22.190 | INFO     | __main__:trabalhador_da_fila:104 - ⏳ Twitter em pausa (Cooldown 429).
2025-12-19 13:27:23.192 | INFO     | __main__:trabalhador_da_fila:115 - ⏳ Aguardando 3 minutos...
2025-12-19 13:28:20.026 | INFO     | __main__:processar_oferta:137 - 🔎 Captado: AMAZON
2025-12-19 13:28:20.909 | WARNING  | __main__:processar_oferta:134 - 🚫 Bloqueado: None
2025-12-19 13:28:21.857 | INFO     | __main__:processar_oferta:160 - 📥 Adicionado à fila. Posição: 4
2025-12-19 13:30:20.131 | INFO     | __main__:processar_oferta:137 - 🔎 Captado: AMAZON
2025-12-19 13:30:20.926 | INFO     | __main__:processar_oferta:160 - 📥 Adicionado à fila. Posição: 5
2025-12-19 13:30:23.200 | INFO     | __main__:trabalhador_da_fila:74 - 🚀 Enviando da fila: AMAZON
2025-12-19 13:30:25.234 | SUCCESS  | src.infrastructure.whatsapp_client:enviar_oferta:53 - ✅ Mídia enviada (/send/media) para 120363422860849054@g.us
2025-12-19 13:30:25.234 | SUCCESS  | __main__:trabalhador_da_fila:80 - 📱 WhatsApp OK! (Fila: 4 restantes)
2025-12-19 13:30:25.234 | INFO     | __main__:trabalhador_da_fila:104 - ⏳ Twitter em pausa (Cooldown 429).
2025-12-19 13:30:26.245 | INFO     | __main__:trabalhador_da_fila:115 - ⏳ Aguardando 3 minutos...
2025-12-19 13:31:20.163 | INFO     | __main__:processar_oferta:137 - 🔎 Captado: AMAZON
2025-12-19 13:31:21.618 | INFO     | __main__:processar_oferta:160 - 📥 Adicionado à fila. Posição: 5
2025-12-19 13:31:22.608 | INFO     | __main__:processar_oferta:137 - 🔎 Captado: AMAZON
2025-12-19 13:31:24.128 | INFO     | __main__:processar_oferta:160 - 📥 Adicionado à fila. Posição: 6
2025-12-19 13:32:20.338 | INFO     | __main__:processar_oferta:137 - 🔎 Captado: AMAZON
2025-12-19 13:32:21.858 | INFO     | __main__:processar_oferta:160 - 📥 Adicionado à fila. Posição: 7
2025-12-19 13:33:20.253 | INFO     | __main__:processar_oferta:137 - 🔎 Captado: AMAZON
2025-12-19 13:33:21.932 | INFO     | __main__:processar_oferta:160 - 📥 Adicionado à fila. Posição: 8
2025-12-19 13:33:26.246 | INFO     | __main__:trabalhador_da_fila:74 - 🚀 Enviando da fila: AMAZON
2025-12-19 13:33:28.232 | SUCCESS  | src.infrastructure.whatsapp_client:enviar_oferta:53 - ✅ Mídia enviada (/send/media) para 120363422860849054@g.us
2025-12-19 13:33:28.233 | SUCCESS  | __main__:trabalhador_da_fila:80 - 📱 WhatsApp OK! (Fila: 7 restantes)
2025-12-19 13:33:28.233 | INFO     | __main__:trabalhador_da_fila:104 - ⏳ Twitter em pausa (Cooldown 429).
2025-12-19 13:33:29.243 | INFO     | __main__:trabalhador_da_fila:115 - ⏳ Aguardando 3 minutos...
2025-12-19 13:35:20.197 | INFO     | __main__:processar_oferta:137 - 🔎 Captado: SHOPEE
2025-12-19 13:35:20.554 | WARNING  | __main__:processar_oferta:134 - 🚫 Bloqueado: MERCADO LIVRE
2025-12-19 13:35:21.179 | INFO     | __main__:processar_oferta:160 - 📥 Adicionado à fila. Posição: 8
2025-12-19 13:35:21.877 | INFO     | __main__:processar_oferta:137 - 🔎 Captado: SHOPEE
2025-12-19 13:35:22.854 | INFO     | __main__:processar_oferta:160 - 📥 Adicionado à fila. Posição: 9
2025-12-19 13:36:22.147 | INFO     | __main__:processar_oferta:137 - 🔎 Captado: AMAZON
2025-12-19 13:36:23.966 | INFO     | __main__:processar_oferta:160 - 📥 Adicionado à fila. Posição: 10
2025-12-19 13:36:29.249 | INFO     | __main__:trabalhador_da_fila:74 - 🚀 Enviando da fila: AMAZON
2025-12-19 13:36:33.190 | SUCCESS  | src.infrastructure.whatsapp_client:enviar_oferta:53 - ✅ Mídia enviada (/send/media) para 120363422860849054@g.us
2025-12-19 13:36:33.190 | SUCCESS  | __main__:trabalhador_da_fila:80 - 📱 WhatsApp OK! (Fila: 9 restantes)
2025-12-19 13:36:33.190 | INFO     | __main__:trabalhador_da_fila:104 - ⏳ Twitter em pausa (Cooldown 429).
2025-12-19 13:36:34.202 | INFO     | __main__:trabalhador_da_fila:115 - ⏳ Aguardando 3 minutos...
2025-12-19 13:36:38.067 | INFO     | __main__:processar_oferta:137 - 🔎 Captado: AMAZON
2025-12-19 13:36:39.033 | INFO     | __main__:processar_oferta:160 - 📥 Adicionado à fila. Posição: 10
2025-12-19 13:38:20.264 | INFO     | __main__:processar_oferta:137 - 🔎 Captado: SHOPEE
2025-12-19 13:38:20.589 | WARNING  | __main__:processar_oferta:134 - 🚫 Bloqueado: MERCADO LIVRE
2025-12-19 13:38:21.305 | INFO     | __main__:processar_oferta:160 - 📥 Adicionado à fila. Posição: 11
2025-12-19 13:38:21.889 | WARNING  | __main__:processar_oferta:134 - 🚫 Bloqueado: None
2025-12-19 13:38:21.974 | INFO     | __main__:processar_oferta:137 - 🔎 Captado: SHOPEE
2025-12-19 13:38:22.946 | INFO     | __main__:processar_oferta:160 - 📥 Adicionado à fila. Posição: 12
2025-12-19 13:38:23.599 | INFO     | __main__:processar_oferta:137 - 🔎 Captado: SHOPEE
2025-12-19 13:38:24.535 | INFO     | __main__:processar_oferta:160 - 📥 Adicionado à fila. Posição: 13
2025-12-19 13:39:34.212 | INFO     | __main__:trabalhador_da_fila:74 - 🚀 Enviando da fila: AMAZON
2025-12-19 13:39:38.468 | SUCCESS  | src.infrastructure.whatsapp_client:enviar_oferta:53 - ✅ Mídia enviada (/send/media) para 120363422860849054@g.us
2025-12-19 13:39:38.469 | SUCCESS  | __main__:trabalhador_da_fila:80 - 📱 WhatsApp OK! (Fila: 12 restantes)
2025-12-19 13:39:38.469 | INFO     | __main__:trabalhador_da_fila:104 - ⏳ Twitter em pausa (Cooldown 429).
2025-12-19 13:39:39.482 | INFO     | __main__:trabalhador_da_fila:115 - ⏳ Aguardando 3 minutos...
2025-12-19 13:40:15.740 | WARNING  | __main__:processar_oferta:134 - 🚫 Bloqueado: None
2025-12-19 13:41:22.089 | INFO     | __main__:processar_oferta:137 - 🔎 Captado: AMAZON
2025-12-19 13:41:26.772 | INFO     | __main__:processar_oferta:160 - 📥 Adicionado à fila. Posição: 13
2025-12-19 13:42:20.522 | INFO     | __main__:processar_oferta:137 - 🔎 Captado: AMAZON
2025-12-19 13:42:21.765 | INFO     | __main__:processar_oferta:160 - 📥 Adicionado à fila. Posição: 14
2025-12-19 13:42:39.496 | INFO     | __main__:trabalhador_da_fila:74 - 🚀 Enviando da fila: AMAZON
2025-12-19 13:42:42.403 | SUCCESS  | src.infrastructure.whatsapp_client:enviar_oferta:53 - ✅ Mídia enviada (/send/media) para 120363422860849054@g.us
2025-12-19 13:42:42.403 | SUCCESS  | __main__:trabalhador_da_fila:80 - 📱 WhatsApp OK! (Fila: 13 restantes)
2025-12-19 13:43:01.579 | WARNING  | __main__:trabalhador_da_fila:102 - 🐦 Erro Twitter: HTTPSConnectionPool(host='api.twitter.com', port=443): Read timed out. (read timeout=None)
2025-12-19 13:43:02.588 | INFO     | __main__:trabalhador_da_fila:115 - ⏳ Aguardando 3 minutos...
2025-12-19 13:43:20.540 | INFO     | __main__:processar_oferta:137 - 🔎 Captado: AMAZON
2025-12-19 13:43:21.580 | INFO     | __main__:processar_oferta:160 - 📥 Adicionado à fila. Posição: 14
2025-12-19 13:44:20.586 | INFO     | __main__:processar_oferta:137 - 🔎 Captado: AMAZON
2025-12-19 13:44:21.642 | INFO     | __main__:processar_oferta:160 - 📥 Adicionado à fila. Posição: 15
2025-12-19 13:46:02.596 | INFO     | __main__:trabalhador_da_fila:74 - 🚀 Enviando da fila: AMAZON
2025-12-19 13:46:05.742 | SUCCESS  | src.infrastructure.whatsapp_client:enviar_oferta:53 - ✅ Mídia enviada (/send/media) para 120363422860849054@g.us
2025-12-19 13:46:05.743 | SUCCESS  | __main__:trabalhador_da_fila:80 - 📱 WhatsApp OK! (Fila: 14 restantes)
2025-12-19 13:46:06.200 | WARNING  | __main__:trabalhador_da_fila:99 - ⛔ Twitter 429! Pausando posts no X por 30 minutos.
2025-12-19 13:46:07.205 | INFO     | __main__:trabalhador_da_fila:115 - ⏳ Aguardando 3 minutos...
2025-12-19 13:46:20.449 | INFO     | __main__:processar_oferta:137 - 🔎 Captado: AMAZON
2025-12-19 13:46:21.442 | INFO     | __main__:processar_oferta:160 - 📥 Adicionado à fila. Posição: 15
2025-12-19 13:48:20.587 | INFO     | __main__:processar_oferta:137 - 🔎 Captado: AMAZON
2025-12-19 13:48:21.389 | INFO     | __main__:processar_oferta:160 - 📥 Adicionado à fila. Posição: 16
2025-12-19 13:49:07.218 | INFO     | __main__:trabalhador_da_fila:74 - 🚀 Enviando da fila: AMAZON
2025-12-19 13:49:10.028 | SUCCESS  | src.infrastructure.whatsapp_client:enviar_oferta:53 - ✅ Mídia enviada (/send/media) para 120363422860849054@g.us
2025-12-19 13:49:10.029 | SUCCESS  | __main__:trabalhador_da_fila:80 - 📱 WhatsApp OK! (Fila: 15 restantes)
2025-12-19 13:49:10.029 | INFO     | __main__:trabalhador_da_fila:104 - ⏳ Twitter em pausa (Cooldown 429).
2025-12-19 13:49:11.045 | INFO     | __main__:trabalhador_da_fila:115 - ⏳ Aguardando 3 minutos...
2025-12-19 13:51:21.994 | INFO     | __main__:processar_oferta:137 - 🔎 Captado: AMAZON
2025-12-19 13:51:22.798 | INFO     | __main__:processar_oferta:160 - 📥 Adicionado à fila. Posição: 16
2025-12-19 13:52:11.058 | INFO     | __main__:trabalhador_da_fila:74 - 🚀 Enviando da fila: AMAZON
2025-12-19 13:52:13.792 | SUCCESS  | src.infrastructure.whatsapp_client:enviar_oferta:53 - ✅ Mídia enviada (/send/media) para 120363422860849054@g.us
2025-12-19 13:52:13.792 | SUCCESS  | __main__:trabalhador_da_fila:80 - 📱 WhatsApp OK! (Fila: 15 restantes)
2025-12-19 13:52:13.793 | INFO     | __main__:trabalhador_da_fila:104 - ⏳ Twitter em pausa (Cooldown 429).
2025-12-19 13:52:14.807 | INFO     | __main__:trabalhador_da_fila:115 - ⏳ Aguardando 3 minutos...
2025-12-19 13:54:20.469 | INFO     | __main__:processar_oferta:137 - 🔎 Captado: SHOPEE
2025-12-19 13:54:21.273 | INFO     | __main__:processar_oferta:160 - 📥 Adicionado à fila. Posição: 16
2025-12-19 13:54:21.960 | INFO     | __main__:processar_oferta:137 - 🔎 Captado: SHOPEE
2025-12-19 13:54:22.685 | INFO     | __main__:processar_oferta:160 - 📥 Adicionado à fila. Posição: 17
2025-12-19 13:55:14.821 | INFO     | __main__:trabalhador_da_fila:74 - 🚀 Enviando da fila: AMAZON
2025-12-19 13:55:18.170 | SUCCESS  | src.infrastructure.whatsapp_client:enviar_oferta:53 - ✅ Mídia enviada (/send/media) para 120363422860849054@g.us
2025-12-19 13:55:18.171 | SUCCESS  | __main__:trabalhador_da_fila:80 - 📱 WhatsApp OK! (Fila: 16 restantes)
2025-12-19 13:55:18.171 | INFO     | __main__:trabalhador_da_fila:104 - ⏳ Twitter em pausa (Cooldown 429).
2025-12-19 13:55:19.180 | INFO     | __main__:trabalhador_da_fila:115 - ⏳ Aguardando 3 minutos...
2025-12-19 13:58:19.184 | INFO     | __main__:trabalhador_da_fila:74 - 🚀 Enviando da fila: SHOPEE
2025-12-19 13:58:20.730 | INFO     | __main__:processar_oferta:137 - 🔎 Captado: AMAZON
2025-12-19 13:58:20.763 | INFO     | __main__:processar_oferta:137 - 🔎 Captado: AMAZON
2025-12-19 13:58:22.454 | INFO     | __main__:processar_oferta:160 - 📥 Adicionado à fila. Posição: 16
2025-12-19 13:58:24.588 | INFO     | __main__:processar_oferta:160 - 📥 Adicionado à fila. Posição: 17
2025-12-19 13:58:24.760 | SUCCESS  | src.infrastructure.whatsapp_client:enviar_oferta:53 - ✅ Mídia enviada (/send/media) para 120363422860849054@g.us
2025-12-19 13:58:24.760 | SUCCESS  | __main__:trabalhador_da_fila:80 - 📱 WhatsApp OK! (Fila: 17 restantes)
2025-12-19 13:58:24.760 | INFO     | __main__:trabalhador_da_fila:104 - ⏳ Twitter em pausa (Cooldown 429).
2025-12-19 13:58:25.776 | INFO     | __main__:trabalhador_da_fila:115 - ⏳ Aguardando 3 minutos...
2025-12-19 14:00:20.785 | WARNING  | __main__:processar_oferta:134 - 🚫 Bloqueado: None
2025-12-19 14:00:21.959 | WARNING  | __main__:processar_oferta:134 - 🚫 Bloqueado: None
2025-12-19 14:00:22.535 | WARNING  | __main__:processar_oferta:134 - 🚫 Bloqueado: None
2025-12-19 14:01:21.829 | INFO     | __main__:processar_oferta:137 - 🔎 Captado: AMAZON
2025-12-19 14:01:22.873 | INFO     | __main__:processar_oferta:160 - 📥 Adicionado à fila. Posição: 18
2025-12-19 14:01:25.791 | INFO     | __main__:trabalhador_da_fila:74 - 🚀 Enviando da fila: SHOPEE
2025-12-19 14:01:28.413 | SUCCESS  | src.infrastructure.whatsapp_client:enviar_oferta:83 - 📱 Texto Simples enviado para 120363422860849054@g.us
2025-12-19 14:01:28.414 | SUCCESS  | __main__:trabalhador_da_fila:80 - 📱 WhatsApp OK! (Fila: 17 restantes)
2025-12-19 14:01:28.414 | INFO     | __main__:trabalhador_da_fila:104 - ⏳ Twitter em pausa (Cooldown 429).
2025-12-19 14:01:28.414 | INFO     | __main__:trabalhador_da_fila:115 - ⏳ Aguardando 3 minutos...
2025-12-19 14:03:20.541 | WARNING  | __main__:processar_oferta:134 - 🚫 Bloqueado: None
2025-12-19 14:04:28.418 | INFO     | __main__:trabalhador_da_fila:74 - 🚀 Enviando da fila: AMAZON
2025-12-19 14:04:30.822 | SUCCESS  | src.infrastructure.whatsapp_client:enviar_oferta:53 - ✅ Mídia enviada (/send/media) para 120363422860849054@g.us
2025-12-19 14:04:30.822 | SUCCESS  | __main__:trabalhador_da_fila:80 - 📱 WhatsApp OK! (Fila: 16 restantes)
2025-12-19 14:04:30.822 | INFO     | __main__:trabalhador_da_fila:104 - ⏳ Twitter em pausa (Cooldown 429).
2025-12-19 14:04:31.824 | INFO     | __main__:trabalhador_da_fila:115 - ⏳ Aguardando 3 minutos...
2025-12-19 14:05:22.419 | INFO     | __main__:processar_oferta:137 - 🔎 Captado: AMAZON
2025-12-19 14:05:23.276 | INFO     | __main__:processar_oferta:160 - 📥 Adicionado à fila. Posição: 17
2025-12-19 14:06:20.009 | WARNING  | __main__:processar_oferta:134 - 🚫 Bloqueado: None
2025-12-19 14:07:31.831 | INFO     | __main__:trabalhador_da_fila:74 - 🚀 Enviando da fila: AMAZON
2025-12-19 14:07:33.980 | SUCCESS  | src.infrastructure.whatsapp_client:enviar_oferta:53 - ✅ Mídia enviada (/send/media) para 120363422860849054@g.us
2025-12-19 14:07:33.981 | SUCCESS  | __main__:trabalhador_da_fila:80 - 📱 WhatsApp OK! (Fila: 16 restantes)
2025-12-19 14:07:33.981 | INFO     | __main__:trabalhador_da_fila:104 - ⏳ Twitter em pausa (Cooldown 429).
2025-12-19 14:07:34.996 | INFO     | __main__:trabalhador_da_fila:115 - ⏳ Aguardando 3 minutos...
2025-12-19 14:09:21.960 | INFO     | __main__:processar_oferta:137 - 🔎 Captado: AMAZON
2025-12-19 14:09:23.051 | INFO     | __main__:processar_oferta:160 - 📥 Adicionado à fila. Posição: 17
2025-12-19 14:10:35.010 | INFO     | __main__:trabalhador_da_fila:74 - 🚀 Enviando da fila: SHOPEE
2025-12-19 14:10:37.912 | SUCCESS  | src.infrastructure.whatsapp_client:enviar_oferta:53 - ✅ Mídia enviada (/send/media) para 120363422860849054@g.us
2025-12-19 14:10:37.912 | SUCCESS  | __main__:trabalhador_da_fila:80 - 📱 WhatsApp OK! (Fila: 16 restantes)
2025-12-19 14:10:37.912 | INFO     | __main__:trabalhador_da_fila:104 - ⏳ Twitter em pausa (Cooldown 429).
2025-12-19 14:10:38.922 | INFO     | __main__:trabalhador_da_fila:115 - ⏳ Aguardando 3 minutos...
2025-12-19 14:13:20.895 | WARNING  | __main__:processar_oferta:134 - 🚫 Bloqueado: None
2025-12-19 14:13:38.935 | INFO     | __main__:trabalhador_da_fila:74 - 🚀 Enviando da fila: SHOPEE
2025-12-19 14:13:41.188 | SUCCESS  | src.infrastructure.whatsapp_client:enviar_oferta:83 - 📱 Texto Simples enviado para 120363422860849054@g.us
2025-12-19 14:13:41.189 | SUCCESS  | __main__:trabalhador_da_fila:80 - 📱 WhatsApp OK! (Fila: 15 restantes)
2025-12-19 14:13:41.189 | INFO     | __main__:trabalhador_da_fila:104 - ⏳ Twitter em pausa (Cooldown 429).
2025-12-19 14:13:41.189 | INFO     | __main__:trabalhador_da_fila:115 - ⏳ Aguardando 3 minutos...
2025-12-19 14:14:20.830 | INFO     | __main__:processar_oferta:137 - 🔎 Captado: SHOPEE
2025-12-19 14:14:21.044 | INFO     | __main__:processar_oferta:137 - 🔎 Captado: NETSHOES
2025-12-19 14:14:21.845 | INFO     | __main__:processar_oferta:160 - 📥 Adicionado à fila. Posição: 16
2025-12-19 14:14:22.036 | INFO     | __main__:processar_oferta:160 - 📥 Adicionado à fila. Posição: 17
2025-12-19 14:14:22.699 | INFO     | __main__:processar_oferta:137 - 🔎 Captado: SHOPEE
2025-12-19 14:14:23.694 | INFO     | __main__:processar_oferta:160 - 📥 Adicionado à fila. Posição: 18
2025-12-19 14:14:24.387 | INFO     | __main__:processar_oferta:137 - 🔎 Captado: SHOPEE
2025-12-19 14:14:25.342 | INFO     | __main__:processar_oferta:160 - 📥 Adicionado à fila. Posição: 19
2025-12-19 14:15:20.973 | WARNING  | __main__:processar_oferta:134 - 🚫 Bloqueado: MERCADO LIVRE
2025-12-19 14:16:20.651 | WARNING  | __main__:processar_oferta:134 - 🚫 Bloqueado: MERCADO LIVRE
2025-12-19 14:16:41.194 | INFO     | __main__:trabalhador_da_fila:74 - 🚀 Enviando da fila: SHOPEE
2025-12-19 14:16:43.444 | SUCCESS  | src.infrastructure.whatsapp_client:enviar_oferta:83 - 📱 Texto Simples enviado para 120363422860849054@g.us
2025-12-19 14:16:43.445 | SUCCESS  | __main__:trabalhador_da_fila:80 - 📱 WhatsApp OK! (Fila: 18 restantes)
2025-12-19 14:17:02.627 | WARNING  | __main__:trabalhador_da_fila:102 - 🐦 Erro Twitter: HTTPSConnectionPool(host='api.twitter.com', port=443): Read timed out. (read timeout=None)
2025-12-19 14:17:02.627 | INFO     | __main__:trabalhador_da_fila:115 - ⏳ Aguardando 3 minutos...
2025-12-19 14:20:02.643 | INFO     | __main__:trabalhador_da_fila:74 - 🚀 Enviando da fila: AMAZON
2025-12-19 14:20:05.644 | SUCCESS  | src.infrastructure.whatsapp_client:enviar_oferta:53 - ✅ Mídia enviada (/send/media) para 120363422860849054@g.us
2025-12-19 14:20:05.644 | SUCCESS  | __main__:trabalhador_da_fila:80 - 📱 WhatsApp OK! (Fila: 17 restantes)
2025-12-19 14:20:06.108 | WARNING  | __main__:trabalhador_da_fila:99 - ⛔ Twitter 429! Pausando posts no X por 30 minutos.
2025-12-19 14:20:07.111 | INFO     | __main__:trabalhador_da_fila:115 - ⏳ Aguardando 3 minutos...
2025-12-19 14:21:21.986 | WARNING  | __main__:processar_oferta:134 - 🚫 Bloqueado: None
2025-12-19 14:23:07.122 | INFO     | __main__:trabalhador_da_fila:74 - 🚀 Enviando da fila: AMAZON
2025-12-19 14:23:10.094 | SUCCESS  | src.infrastructure.whatsapp_client:enviar_oferta:53 - ✅ Mídia enviada (/send/media) para 120363422860849054@g.us
2025-12-19 14:23:10.094 | SUCCESS  | __main__:trabalhador_da_fila:80 - 📱 WhatsApp OK! (Fila: 16 restantes)
2025-12-19 14:23:10.094 | INFO     | __main__:trabalhador_da_fila:104 - ⏳ Twitter em pausa (Cooldown 429).
2025-12-19 14:23:11.104 | INFO     | __main__:trabalhador_da_fila:115 - ⏳ Aguardando 3 minutos...
2025-12-19 14:24:21.030 | WARNING  | __main__:processar_oferta:134 - 🚫 Bloqueado: None
2025-12-19 14:26:11.120 | INFO     | __main__:trabalhador_da_fila:74 - 🚀 Enviando da fila: AMAZON
2025-12-19 14:26:13.986 | SUCCESS  | src.infrastructure.whatsapp_client:enviar_oferta:53 - ✅ Mídia enviada (/send/media) para 120363422860849054@g.us
2025-12-19 14:26:13.987 | SUCCESS  | __main__:trabalhador_da_fila:80 - 📱 WhatsApp OK! (Fila: 15 restantes)
2025-12-19 14:26:13.987 | INFO     | __main__:trabalhador_da_fila:104 - ⏳ Twitter em pausa (Cooldown 429).
2025-12-19 14:26:14.999 | INFO     | __main__:trabalhador_da_fila:115 - ⏳ Aguardando 3 minutos...
2025-12-19 14:26:21.871 | WARNING  | __main__:processar_oferta:134 - 🚫 Bloqueado: None
2025-12-19 14:27:20.926 | WARNING  | __main__:processar_oferta:134 - 🚫 Bloqueado: None
2025-12-19 14:29:15.001 | INFO     | __main__:trabalhador_da_fila:74 - 🚀 Enviando da fila: AMAZON
2025-12-19 14:29:17.811 | SUCCESS  | src.infrastructure.whatsapp_client:enviar_oferta:53 - ✅ Mídia enviada (/send/media) para 120363422860849054@g.us
2025-12-19 14:29:17.811 | SUCCESS  | __main__:trabalhador_da_fila:80 - 📱 WhatsApp OK! (Fila: 14 restantes)
2025-12-19 14:29:17.811 | INFO     | __main__:trabalhador_da_fila:104 - ⏳ Twitter em pausa (Cooldown 429).
2025-12-19 14:29:18.817 | INFO     | __main__:trabalhador_da_fila:115 - ⏳ Aguardando 3 minutos...
2025-12-19 14:31:20.258 | WARNING  | __main__:processar_oferta:134 - 🚫 Bloqueado: None
2025-12-19 14:31:22.186 | INFO     | __main__:processar_oferta:137 - 🔎 Captado: AMAZON
2025-12-19 14:31:23.429 | INFO     | __main__:processar_oferta:160 - 📥 Adicionado à fila. Posição: 15
2025-12-19 14:32:18.827 | INFO     | __main__:trabalhador_da_fila:74 - 🚀 Enviando da fila: AMAZON
2025-12-19 14:32:21.086 | SUCCESS  | src.infrastructure.whatsapp_client:enviar_oferta:53 - ✅ Mídia enviada (/send/media) para 120363422860849054@g.us
2025-12-19 14:32:21.087 | SUCCESS  | __main__:trabalhador_da_fila:80 - 📱 WhatsApp OK! (Fila: 14 restantes)
2025-12-19 14:32:21.087 | INFO     | __main__:trabalhador_da_fila:104 - ⏳ Twitter em pausa (Cooldown 429).
2025-12-19 14:32:22.100 | INFO     | __main__:trabalhador_da_fila:115 - ⏳ Aguardando 3 minutos...
2025-12-19 14:33:21.782 | INFO     | __main__:processar_oferta:137 - 🔎 Captado: AMAZON
2025-12-19 14:33:33.132 | INFO     | __main__:processar_oferta:160 - 📥 Adicionado à fila. Posição: 15
2025-12-19 14:34:25.391 | WARNING  | __main__:processar_oferta:134 - 🚫 Bloqueado: None
2025-12-19 14:34:26.839 | WARNING  | __main__:processar_oferta:134 - 🚫 Bloqueado: None
2025-12-19 14:35:21.019 | INFO     | __main__:processar_oferta:137 - 🔎 Captado: AMAZON
2025-12-19 14:35:22.343 | INFO     | __main__:trabalhador_da_fila:74 - 🚀 Enviando da fila: AMAZON
2025-12-19 14:35:22.750 | INFO     | __main__:processar_oferta:160 - 📥 Adicionado à fila. Posição: 15
2025-12-19 14:35:24.203 | SUCCESS  | src.infrastructure.whatsapp_client:enviar_oferta:53 - ✅ Mídia enviada (/send/media) para 120363422860849054@g.us
2025-12-19 14:35:24.203 | SUCCESS  | __main__:trabalhador_da_fila:80 - 📱 WhatsApp OK! (Fila: 15 restantes)
2025-12-19 14:35:24.204 | INFO     | __main__:trabalhador_da_fila:104 - ⏳ Twitter em pausa (Cooldown 429).
2025-12-19 14:35:25.215 | INFO     | __main__:trabalhador_da_fila:115 - ⏳ Aguardando 3 minutos...
2025-12-19 14:36:21.029 | WARNING  | __main__:processar_oferta:134 - 🚫 Bloqueado: None
2025-12-19 14:36:21.886 | INFO     | __main__:processar_oferta:137 - 🔎 Captado: AMAZON
2025-12-19 14:36:23.296 | INFO     | __main__:processar_oferta:160 - 📥 Adicionado à fila. Posição: 16
2025-12-19 14:38:20.479 | WARNING  | __main__:processar_oferta:134 - 🚫 Bloqueado: None
2025-12-19 14:38:25.225 | INFO     | __main__:trabalhador_da_fila:74 - 🚀 Enviando da fila: AMAZON
2025-12-19 14:38:27.371 | SUCCESS  | src.infrastructure.whatsapp_client:enviar_oferta:53 - ✅ Mídia enviada (/send/media) para 120363422860849054@g.us
2025-12-19 14:38:27.371 | SUCCESS  | __main__:trabalhador_da_fila:80 - 📱 WhatsApp OK! (Fila: 15 restantes)
2025-12-19 14:38:27.372 | INFO     | __main__:trabalhador_da_fila:104 - ⏳ Twitter em pausa (Cooldown 429).
2025-12-19 14:38:28.384 | INFO     | __main__:trabalhador_da_fila:115 - ⏳ Aguardando 3 minutos...
2025-12-19 14:39:21.287 | WARNING  | __main__:processar_oferta:134 - 🚫 Bloqueado: None
2025-12-19 14:41:28.389 | INFO     | __main__:trabalhador_da_fila:74 - 🚀 Enviando da fila: SHOPEE
2025-12-19 14:41:31.017 | SUCCESS  | src.infrastructure.whatsapp_client:enviar_oferta:53 - ✅ Mídia enviada (/send/media) para 120363422860849054@g.us
2025-12-19 14:41:31.018 | SUCCESS  | __main__:trabalhador_da_fila:80 - 📱 WhatsApp OK! (Fila: 14 restantes)
2025-12-19 14:41:31.018 | INFO     | __main__:trabalhador_da_fila:104 - ⏳ Twitter em pausa (Cooldown 429).
2025-12-19 14:41:32.029 | INFO     | __main__:trabalhador_da_fila:115 - ⏳ Aguardando 3 minutos...
2025-12-19 14:42:20.545 | WARNING  | __main__:processar_oferta:134 - 🚫 Bloqueado: None
2025-12-19 14:44:05.628 | INFO     | __main__:<module>:21 - 🐭 RATO GARIMPEIRO ATIVADO!
2025-12-19 14:44:05.630 | SUCCESS  | __main__:<module>:29 - ✅ Core OK!
2025-12-19 14:44:05.630 | SUCCESS  | __main__:<module>:44 - 🐦 X OK!
2025-12-19 14:44:07.336 | SUCCESS  | __main__:main:178 - 🚀 Rodando em 34 fontes.
2025-12-19 14:46:09.894 | INFO     | __main__:processar_oferta:137 - 🔎 Captado: AMAZON
2025-12-19 14:46:18.626 | INFO     | __main__:processar_oferta:160 - 📥 Adicionado à fila. Posição: 1
2025-12-19 14:46:18.627 | INFO     | __main__:trabalhador_da_fila:74 - 🚀 Enviando da fila: AMAZON
2025-12-19 14:46:21.668 | SUCCESS  | src.infrastructure.whatsapp_client:enviar_oferta:53 - ✅ Mídia enviada (/send/media) para 120363422860849054@g.us
2025-12-19 14:46:21.669 | SUCCESS  | __main__:trabalhador_da_fila:80 - 📱 WhatsApp OK! (Fila: 0 restantes)
2025-12-19 14:46:22.160 | WARNING  | __main__:trabalhador_da_fila:99 - ⛔ Twitter 429! Pausando posts no X por 30 minutos.
2025-12-19 14:46:23.174 | INFO     | __main__:trabalhador_da_fila:115 - ⏳ Aguardando 3 minutos...
2025-12-19 14:48:21.657 | INFO     | __main__:<module>:21 - 🐭 RATO GARIMPEIRO ATIVADO!
2025-12-19 14:48:21.659 | SUCCESS  | __main__:<module>:29 - ✅ Core OK!
2025-12-19 14:48:21.659 | SUCCESS  | __main__:<module>:44 - 🐦 X OK!
2025-12-19 14:48:23.386 | SUCCESS  | __main__:main:178 - 🚀 Rodando em 34 fontes.
2025-12-19 14:50:24.099 | INFO     | __main__:processar_oferta:137 - 🔎 Captado: AMAZON
2025-12-19 14:50:24.166 | INFO     | __main__:processar_oferta:137 - 🔎 Captado: SHOPEE
2025-12-19 14:50:25.524 | WARNING  | __main__:processar_oferta:134 - 🚫 Bloqueado: None
2025-12-19 14:50:38.073 | INFO     | __main__:processar_oferta:160 - 📥 Adicionado à fila. Posição: 1
2025-12-19 14:50:38.074 | INFO     | __main__:trabalhador_da_fila:74 - 🚀 Enviando da fila: SHOPEE
2025-12-19 14:50:38.353 | INFO     | __main__:processar_oferta:137 - 🔎 Captado: AMAZON
2025-12-19 14:50:39.077 | INFO     | __main__:processar_oferta:137 - 🔎 Captado: SHOPEE
2025-12-19 14:50:40.277 | SUCCESS  | src.infrastructure.whatsapp_client:enviar_oferta:53 - ✅ Mídia enviada (/send/media) para 120363422860849054@g.us
2025-12-19 14:50:40.277 | SUCCESS  | __main__:trabalhador_da_fila:80 - 📱 WhatsApp OK! (Fila: 0 restantes)
2025-12-19 14:50:40.759 | WARNING  | __main__:trabalhador_da_fila:99 - ⛔ Twitter 429! Pausando posts no X por 30 minutos.
2025-12-19 14:50:41.770 | INFO     | __main__:trabalhador_da_fila:115 - ⏳ Aguardando 3 minutos...
2025-12-19 14:50:46.775 | INFO     | __main__:processar_oferta:160 - 📥 Adicionado à fila. Posição: 1
2025-12-19 14:50:47.409 | WARNING  | __main__:processar_oferta:134 - 🚫 Bloqueado: MERCADO LIVRE
2025-12-19 14:50:51.078 | INFO     | __main__:processar_oferta:160 - 📥 Adicionado à fila. Posição: 2
2025-12-19 14:50:52.681 | INFO     | __main__:processar_oferta:160 - 📥 Adicionado à fila. Posição: 3
2025-12-19 14:50:53.284 | INFO     | __main__:processar_oferta:137 - 🔎 Captado: AMAZON
2025-12-19 14:51:05.185 | INFO     | __main__:processar_oferta:160 - 📥 Adicionado à fila. Posição: 4
2025-12-19 14:52:23.505 | WARNING  | __main__:processar_oferta:134 - 🚫 Bloqueado: None
2025-12-19 14:52:23.745 | WARNING  | __main__:processar_oferta:134 - 🚫 Bloqueado: None
2025-12-19 14:52:24.554 | WARNING  | __main__:processar_oferta:134 - 🚫 Bloqueado: None
2025-12-19 14:53:23.023 | WARNING  | __main__:processar_oferta:134 - 🚫 Bloqueado: None
2025-12-19 14:53:23.413 | WARNING  | __main__:processar_oferta:134 - 🚫 Bloqueado: None
2025-12-19 14:53:41.780 | INFO     | __main__:trabalhador_da_fila:74 - 🚀 Enviando da fila: AMAZON
2025-12-19 14:53:43.845 | SUCCESS  | src.infrastructure.whatsapp_client:enviar_oferta:53 - ✅ Mídia enviada (/send/media) para 120363422860849054@g.us
2025-12-19 14:53:43.846 | SUCCESS  | __main__:trabalhador_da_fila:80 - 📱 WhatsApp OK! (Fila: 3 restantes)
2025-12-19 14:53:43.846 | INFO     | __main__:trabalhador_da_fila:104 - ⏳ Twitter em pausa (Cooldown 429).
2025-12-19 14:53:44.847 | INFO     | __main__:trabalhador_da_fila:115 - ⏳ Aguardando 3 minutos...
2025-12-19 14:56:23.440 | INFO     | __main__:processar_oferta:137 - 🔎 Captado: SHOPEE
2025-12-19 14:56:23.798 | WARNING  | __main__:processar_oferta:134 - 🚫 Bloqueado: MERCADO LIVRE
2025-12-19 14:56:23.851 | WARNING  | __main__:processar_oferta:134 - 🚫 Bloqueado: MERCADO LIVRE
2025-12-19 14:56:25.525 | INFO     | __main__:processar_oferta:137 - 🔎 Captado: AMAZON
2025-12-19 14:56:33.811 | INFO     | __main__:processar_oferta:160 - 📥 Adicionado à fila. Posição: 4
2025-12-19 14:56:34.491 | INFO     | __main__:processar_oferta:160 - 📥 Adicionado à fila. Posição: 5
2025-12-19 14:56:44.862 | INFO     | __main__:trabalhador_da_fila:74 - 🚀 Enviando da fila: SHOPEE
2025-12-19 14:56:45.926 | SUCCESS  | src.infrastructure.whatsapp_client:enviar_oferta:53 - ✅ Mídia enviada (/send/media) para 120363422860849054@g.us
2025-12-19 14:56:45.927 | SUCCESS  | __main__:trabalhador_da_fila:80 - 📱 WhatsApp OK! (Fila: 4 restantes)
2025-12-19 14:56:45.927 | INFO     | __main__:trabalhador_da_fila:104 - ⏳ Twitter em pausa (Cooldown 429).
2025-12-19 14:56:46.928 | INFO     | __main__:trabalhador_da_fila:115 - ⏳ Aguardando 3 minutos...
2025-12-19 14:57:23.873 | WARNING  | __main__:processar_oferta:134 - 🚫 Bloqueado: MERCADO LIVRE
2025-12-19 14:59:23.500 | INFO     | __main__:processar_oferta:137 - 🔎 Captado: SHOPEE
2025-12-19 14:59:25.099 | INFO     | __main__:processar_oferta:137 - 🔎 Captado: AMAZON
2025-12-19 14:59:25.365 | INFO     | __main__:processar_oferta:137 - 🔎 Captado: AMAZON
2025-12-19 14:59:27.460 | ERROR    | src.core.ai_brain:gerar_legenda:69 - ⚠️ Erro na IA: 429 You exceeded your current quota, please check your plan and billing details. For more information on this error, head to: https://ai.google.dev/gemini-api/docs/rate-limits. To monitor your current usage, head to: https://ai.dev/usage?tab=rate-limit. 
* Quota exceeded for metric: generativelanguage.googleapis.com/generate_content_free_tier_requests, limit: 20, model: gemini-2.5-flash
Please retry in 32.551009022s. [links {
  description: "Learn more about Gemini API quotas"
  url: "https://ai.google.dev/gemini-api/docs/rate-limits"
}
, violations {
  quota_metric: "generativelanguage.googleapis.com/generate_content_free_tier_requests"
  quota_id: "GenerateRequestsPerDayPerProjectPerModel-FreeTier"
  quota_dimensions {
    key: "model"
    value: "gemini-2.5-flash"
  }
  quota_dimensions {
    key: "location"
    value: "global"
  }
  quota_value: 20
}
, retry_delay {
  seconds: 32
}
]
2025-12-19 14:59:28.809 | INFO     | __main__:processar_oferta:160 - 📥 Adicionado à fila. Posição: 5
2025-12-19 14:59:29.055 | ERROR    | src.core.ai_brain:gerar_legenda:69 - ⚠️ Erro na IA: 429 You exceeded your current quota, please check your plan and billing details. For more information on this error, head to: https://ai.google.dev/gemini-api/docs/rate-limits. To monitor your current usage, head to: https://ai.dev/usage?tab=rate-limit. 
* Quota exceeded for metric: generativelanguage.googleapis.com/generate_content_free_tier_requests, limit: 20, model: gemini-2.5-flash
Please retry in 30.956271103s. [links {
  description: "Learn more about Gemini API quotas"
  url: "https://ai.google.dev/gemini-api/docs/rate-limits"
}
, violations {
  quota_metric: "generativelanguage.googleapis.com/generate_content_free_tier_requests"
  quota_id: "GenerateRequestsPerDayPerProjectPerModel-FreeTier"
  quota_dimensions {
    key: "model"
    value: "gemini-2.5-flash"
  }
  quota_dimensions {
    key: "location"
    value: "global"
  }
  quota_value: 20
}
, retry_delay {
  seconds: 30
}
]
2025-12-19 14:59:29.302 | INFO     | __main__:processar_oferta:160 - 📥 Adicionado à fila. Posição: 6
2025-12-19 14:59:46.939 | INFO     | __main__:trabalhador_da_fila:74 - 🚀 Enviando da fila: AMAZON
2025-12-19 14:59:50.060 | SUCCESS  | src.infrastructure.whatsapp_client:enviar_oferta:53 - ✅ Mídia enviada (/send/media) para 120363422860849054@g.us
2025-12-19 14:59:50.061 | SUCCESS  | __main__:trabalhador_da_fila:80 - 📱 WhatsApp OK! (Fila: 5 restantes)
2025-12-19 14:59:50.061 | INFO     | __main__:trabalhador_da_fila:104 - ⏳ Twitter em pausa (Cooldown 429).
2025-12-19 14:59:51.104 | INFO     | __main__:processar_oferta:160 - 📥 Adicionado à fila. Posição: 6
2025-12-19 14:59:51.106 | INFO     | __main__:trabalhador_da_fila:115 - ⏳ Aguardando 3 minutos...
2025-12-19 14:59:51.795 | INFO     | __main__:processar_oferta:137 - 🔎 Captado: SHOPEE
2025-12-19 14:59:52.037 | ERROR    | src.core.ai_brain:gerar_legenda:69 - ⚠️ Erro na IA: 429 You exceeded your current quota, please check your plan and billing details. For more information on this error, head to: https://ai.google.dev/gemini-api/docs/rate-limits. To monitor your current usage, head to: https://ai.dev/usage?tab=rate-limit. 
* Quota exceeded for metric: generativelanguage.googleapis.com/generate_content_free_tier_requests, limit: 20, model: gemini-2.5-flash
Please retry in 7.975092141s. [links {
  description: "Learn more about Gemini API quotas"
  url: "https://ai.google.dev/gemini-api/docs/rate-limits"
}
, violations {
  quota_metric: "generativelanguage.googleapis.com/generate_content_free_tier_requests"
  quota_id: "GenerateRequestsPerDayPerProjectPerModel-FreeTier"
  quota_dimensions {
    key: "model"
    value: "gemini-2.5-flash"
  }
  quota_dimensions {
    key: "location"
    value: "global"
  }
  quota_value: 20
}
, retry_delay {
  seconds: 7
}
]
2025-12-19 14:59:52.593 | INFO     | __main__:processar_oferta:160 - 📥 Adicionado à fila. Posição: 7
2025-12-19 15:00:23.592 | WARNING  | __main__:processar_oferta:134 - 🚫 Bloqueado: None
2025-12-19 15:00:23.782 | WARNING  | __main__:processar_oferta:134 - 🚫 Bloqueado: None
2025-12-19 15:00:24.189 | WARNING  | __main__:processar_oferta:134 - 🚫 Bloqueado: None
2025-12-19 15:02:22.960 | WARNING  | __main__:processar_oferta:134 - 🚫 Bloqueado: None
2025-12-19 15:02:25.588 | INFO     | __main__:processar_oferta:137 - 🔎 Captado: AMAZON
2025-12-19 15:02:25.866 | ERROR    | src.core.ai_brain:gerar_legenda:69 - ⚠️ Erro na IA: 429 You exceeded your current quota, please check your plan and billing details. For more information on this error, head to: https://ai.google.dev/gemini-api/docs/rate-limits. To monitor your current usage, head to: https://ai.dev/usage?tab=rate-limit. 
* Quota exceeded for metric: generativelanguage.googleapis.com/generate_content_free_tier_requests, limit: 20, model: gemini-2.5-flash
Please retry in 34.148462193s. [links {
  description: "Learn more about Gemini API quotas"
  url: "https://ai.google.dev/gemini-api/docs/rate-limits"
}
, violations {
  quota_metric: "generativelanguage.googleapis.com/generate_content_free_tier_requests"
  quota_id: "GenerateRequestsPerDayPerProjectPerModel-FreeTier"
  quota_dimensions {
    key: "model"
    value: "gemini-2.5-flash"
  }
  quota_dimensions {
    key: "location"
    value: "global"
  }
  quota_value: 20
}
, retry_delay {
  seconds: 34
}
]
2025-12-19 15:02:26.191 | INFO     | __main__:processar_oferta:160 - 📥 Adicionado à fila. Posição: 8
2025-12-19 15:02:51.121 | INFO     | __main__:trabalhador_da_fila:74 - 🚀 Enviando da fila: AMAZON
2025-12-19 15:02:54.402 | SUCCESS  | src.infrastructure.whatsapp_client:enviar_oferta:83 - 📱 Texto Simples enviado para 120363422860849054@g.us
2025-12-19 15:02:54.402 | SUCCESS  | __main__:trabalhador_da_fila:80 - 📱 WhatsApp OK! (Fila: 7 restantes)
2025-12-19 15:02:54.402 | INFO     | __main__:trabalhador_da_fila:104 - ⏳ Twitter em pausa (Cooldown 429).
2025-12-19 15:02:54.403 | INFO     | __main__:trabalhador_da_fila:115 - ⏳ Aguardando 3 minutos...
2025-12-19 15:03:23.851 | WARNING  | __main__:processar_oferta:134 - 🚫 Bloqueado: None
2025-12-19 15:05:54.418 | INFO     | __main__:trabalhador_da_fila:74 - 🚀 Enviando da fila: AMAZON
2025-12-19 15:05:56.908 | SUCCESS  | src.infrastructure.whatsapp_client:enviar_oferta:53 - ✅ Mídia enviada (/send/media) para 120363422860849054@g.us
2025-12-19 15:05:56.909 | SUCCESS  | __main__:trabalhador_da_fila:80 - 📱 WhatsApp OK! (Fila: 6 restantes)
2025-12-19 15:05:56.909 | INFO     | __main__:trabalhador_da_fila:104 - ⏳ Twitter em pausa (Cooldown 429).
2025-12-19 15:05:57.911 | INFO     | __main__:trabalhador_da_fila:115 - ⏳ Aguardando 3 minutos...
2025-12-19 15:06:23.533 | WARNING  | __main__:processar_oferta:134 - 🚫 Bloqueado: None
2025-12-19 15:08:57.917 | INFO     | __main__:trabalhador_da_fila:74 - 🚀 Enviando da fila: SHOPEE
2025-12-19 15:08:59.602 | SUCCESS  | src.infrastructure.whatsapp_client:enviar_oferta:53 - ✅ Mídia enviada (/send/media) para 120363422860849054@g.us
2025-12-19 15:08:59.602 | SUCCESS  | __main__:trabalhador_da_fila:80 - 📱 WhatsApp OK! (Fila: 5 restantes)
2025-12-19 15:08:59.603 | INFO     | __main__:trabalhador_da_fila:104 - ⏳ Twitter em pausa (Cooldown 429).
2025-12-19 15:09:00.605 | INFO     | __main__:trabalhador_da_fila:115 - ⏳ Aguardando 3 minutos...
2025-12-19 15:09:23.747 | WARNING  | __main__:processar_oferta:134 - 🚫 Bloqueado: None
2025-12-19 15:10:23.026 | WARNING  | __main__:processar_oferta:134 - 🚫 Bloqueado: None
2025-12-19 15:11:23.047 | WARNING  | __main__:processar_oferta:134 - 🚫 Bloqueado: None
2025-12-19 15:11:23.075 | WARNING  | __main__:processar_oferta:134 - 🚫 Bloqueado: None
2025-12-19 15:12:00.605 | INFO     | __main__:trabalhador_da_fila:74 - 🚀 Enviando da fila: AMAZON
2025-12-19 15:12:03.994 | SUCCESS  | src.infrastructure.whatsapp_client:enviar_oferta:53 - ✅ Mídia enviada (/send/media) para 120363422860849054@g.us
2025-12-19 15:12:03.994 | SUCCESS  | __main__:trabalhador_da_fila:80 - 📱 WhatsApp OK! (Fila: 4 restantes)
2025-12-19 15:12:03.994 | INFO     | __main__:trabalhador_da_fila:104 - ⏳ Twitter em pausa (Cooldown 429).
2025-12-19 15:12:04.995 | INFO     | __main__:trabalhador_da_fila:115 - ⏳ Aguardando 3 minutos...
2025-12-19 15:12:23.866 | WARNING  | __main__:processar_oferta:134 - 🚫 Bloqueado: MERCADO LIVRE
2025-12-19 15:12:23.889 | WARNING  | __main__:processar_oferta:134 - 🚫 Bloqueado: None
2025-12-19 15:14:23.574 | WARNING  | __main__:processar_oferta:134 - 🚫 Bloqueado: None
2025-12-19 15:15:05.007 | INFO     | __main__:trabalhador_da_fila:74 - 🚀 Enviando da fila: AMAZON
2025-12-19 15:15:06.879 | SUCCESS  | src.infrastructure.whatsapp_client:enviar_oferta:53 - ✅ Mídia enviada (/send/media) para 120363422860849054@g.us
2025-12-19 15:15:06.879 | SUCCESS  | __main__:trabalhador_da_fila:80 - 📱 WhatsApp OK! (Fila: 3 restantes)
2025-12-19 15:15:06.879 | INFO     | __main__:trabalhador_da_fila:104 - ⏳ Twitter em pausa (Cooldown 429).
2025-12-19 15:15:07.885 | INFO     | __main__:trabalhador_da_fila:115 - ⏳ Aguardando 3 minutos...
2025-12-19 15:15:23.331 | WARNING  | __main__:processar_oferta:134 - 🚫 Bloqueado: None
2025-12-19 15:17:23.827 | WARNING  | __main__:processar_oferta:134 - 🚫 Bloqueado: None
2025-12-19 15:17:23.838 | WARNING  | __main__:processar_oferta:134 - 🚫 Bloqueado: None
2025-12-19 15:18:07.886 | INFO     | __main__:trabalhador_da_fila:74 - 🚀 Enviando da fila: SHOPEE
2025-12-19 15:18:10.138 | SUCCESS  | src.infrastructure.whatsapp_client:enviar_oferta:53 - ✅ Mídia enviada (/send/media) para 120363422860849054@g.us
2025-12-19 15:18:10.139 | SUCCESS  | __main__:trabalhador_da_fila:80 - 📱 WhatsApp OK! (Fila: 2 restantes)
2025-12-19 15:18:10.139 | INFO     | __main__:trabalhador_da_fila:104 - ⏳ Twitter em pausa (Cooldown 429).
2025-12-19 15:18:11.151 | INFO     | __main__:trabalhador_da_fila:115 - ⏳ Aguardando 3 minutos...
2025-12-19 15:19:23.199 | WARNING  | __main__:processar_oferta:134 - 🚫 Bloqueado: None
2025-12-19 15:19:23.578 | WARNING  | __main__:processar_oferta:134 - 🚫 Bloqueado: None
2025-12-19 15:19:23.753 | INFO     | __main__:processar_oferta:137 - 🔎 Captado: SHOPEE
2025-12-19 15:19:24.150 | ERROR    | src.core.ai_brain:gerar_legenda:69 - ⚠️ Erro na IA: 429 You exceeded your current quota, please check your plan and billing details. For more information on this error, head to: https://ai.google.dev/gemini-api/docs/rate-limits. To monitor your current usage, head to: https://ai.dev/usage?tab=rate-limit. 
* Quota exceeded for metric: generativelanguage.googleapis.com/generate_content_free_tier_requests, limit: 20, model: gemini-2.5-flash
Please retry in 35.864499893s. [links {
  description: "Learn more about Gemini API quotas"
  url: "https://ai.google.dev/gemini-api/docs/rate-limits"
}
, violations {
  quota_metric: "generativelanguage.googleapis.com/generate_content_free_tier_requests"
  quota_id: "GenerateRequestsPerDayPerProjectPerModel-FreeTier"
  quota_dimensions {
    key: "model"
    value: "gemini-2.5-flash"
  }
  quota_dimensions {
    key: "location"
    value: "global"
  }
  quota_value: 20
}
, retry_delay {
  seconds: 35
}
]
2025-12-19 15:19:24.891 | INFO     | __main__:processar_oferta:160 - 📥 Adicionado à fila. Posição: 3
2025-12-19 15:19:25.580 | INFO     | __main__:processar_oferta:137 - 🔎 Captado: SHOPEE
2025-12-19 15:19:25.839 | ERROR    | src.core.ai_brain:gerar_legenda:69 - ⚠️ Erro na IA: 429 You exceeded your current quota, please check your plan and billing details. For more information on this error, head to: https://ai.google.dev/gemini-api/docs/rate-limits. To monitor your current usage, head to: https://ai.dev/usage?tab=rate-limit. 
* Quota exceeded for metric: generativelanguage.googleapis.com/generate_content_free_tier_requests, limit: 20, model: gemini-2.5-flash
Please retry in 34.166220486s. [links {
  description: "Learn more about Gemini API quotas"
  url: "https://ai.google.dev/gemini-api/docs/rate-limits"
}
, violations {
  quota_metric: "generativelanguage.googleapis.com/generate_content_free_tier_requests"
  quota_id: "GenerateRequestsPerDayPerProjectPerModel-FreeTier"
  quota_dimensions {
    key: "model"
    value: "gemini-2.5-flash"
  }
  quota_dimensions {
    key: "location"
    value: "global"
  }
  quota_value: 20
}
, retry_delay {
  seconds: 34
}
]
2025-12-19 15:19:26.574 | INFO     | __main__:processar_oferta:160 - 📥 Adicionado à fila. Posição: 4
2025-12-19 15:20:18.087 | WARNING  | __main__:processar_oferta:134 - 🚫 Bloqueado: None
2025-12-19 15:21:11.153 | INFO     | __main__:trabalhador_da_fila:74 - 🚀 Enviando da fila: SHOPEE
2025-12-19 15:21:13.380 | SUCCESS  | src.infrastructure.whatsapp_client:enviar_oferta:83 - 📱 Texto Simples enviado para 120363422860849054@g.us
2025-12-19 15:21:13.381 | SUCCESS  | __main__:trabalhador_da_fila:80 - 📱 WhatsApp OK! (Fila: 3 restantes)
2025-12-19 15:21:32.570 | WARNING  | __main__:trabalhador_da_fila:102 - 🐦 Erro Twitter: HTTPSConnectionPool(host='api.twitter.com', port=443): Read timed out. (read timeout=None)
2025-12-19 15:21:32.570 | INFO     | __main__:trabalhador_da_fila:115 - ⏳ Aguardando 3 minutos...
2025-12-19 15:21:33.783 | INFO     | __main__:processar_oferta:137 - 🔎 Captado: AMAZON
2025-12-19 15:21:34.135 | INFO     | __main__:processar_oferta:137 - 🔎 Captado: AMAZON
2025-12-19 15:21:35.901 | INFO     | __main__:processar_oferta:137 - 🔎 Captado: ALIEXPRESS
2025-12-19 15:21:36.153 | ERROR    | src.core.ai_brain:gerar_legenda:69 - ⚠️ Erro na IA: 429 You exceeded your current quota, please check your plan and billing details. For more information on this error, head to: https://ai.google.dev/gemini-api/docs/rate-limits. To monitor your current usage, head to: https://ai.dev/usage?tab=rate-limit. 
* Quota exceeded for metric: generativelanguage.googleapis.com/generate_content_free_tier_requests, limit: 20, model: gemini-2.5-flash
Please retry in 23.857380563s. [links {
  description: "Learn more about Gemini API quotas"
  url: "https://ai.google.dev/gemini-api/docs/rate-limits"
}
, violations {
  quota_metric: "generativelanguage.googleapis.com/generate_content_free_tier_requests"
  quota_id: "GenerateRequestsPerDayPerProjectPerModel-FreeTier"
  quota_dimensions {
    key: "model"
    value: "gemini-2.5-flash"
  }
  quota_dimensions {
    key: "location"
    value: "global"
  }
  quota_value: 20
}
, retry_delay {
  seconds: 23
}
]
2025-12-19 15:21:36.996 | INFO     | __main__:processar_oferta:160 - 📥 Adicionado à fila. Posição: 4
2025-12-19 15:21:46.955 | INFO     | __main__:processar_oferta:160 - 📥 Adicionado à fila. Posição: 5
2025-12-19 15:21:47.049 | INFO     | __main__:processar_oferta:160 - 📥 Adicionado à fila. Posição: 6
2025-12-19 15:23:33.534 | INFO     | __main__:processar_oferta:137 - 🔎 Captado: AMAZON
2025-12-19 15:23:33.815 | ERROR    | src.core.ai_brain:gerar_legenda:69 - ⚠️ Erro na IA: 429 You exceeded your current quota, please check your plan and billing details. For more information on this error, head to: https://ai.google.dev/gemini-api/docs/rate-limits. To monitor your current usage, head to: https://ai.dev/usage?tab=rate-limit. 
* Quota exceeded for metric: generativelanguage.googleapis.com/generate_content_free_tier_requests, limit: 20, model: gemini-2.5-flash
Please retry in 26.193524252s. [links {
  description: "Learn more about Gemini API quotas"
  url: "https://ai.google.dev/gemini-api/docs/rate-limits"
}
, violations {
  quota_metric: "generativelanguage.googleapis.com/generate_content_free_tier_requests"
  quota_id: "GenerateRequestsPerDayPerProjectPerModel-FreeTier"
  quota_dimensions {
    key: "model"
    value: "gemini-2.5-flash"
  }
  quota_dimensions {
    key: "location"
    value: "global"
  }
  quota_value: 20
}
, retry_delay {
  seconds: 26
}
]
2025-12-19 15:23:34.327 | INFO     | __main__:processar_oferta:160 - 📥 Adicionado à fila. Posição: 7
2025-12-19 15:24:32.581 | INFO     | __main__:trabalhador_da_fila:74 - 🚀 Enviando da fila: AMAZON
2025-12-19 15:24:33.750 | WARNING  | __main__:processar_oferta:134 - 🚫 Bloqueado: None
2025-12-19 15:24:34.411 | SUCCESS  | src.infrastructure.whatsapp_client:enviar_oferta:53 - ✅ Mídia enviada (/send/media) para 120363422860849054@g.us
2025-12-19 15:24:34.412 | SUCCESS  | __main__:trabalhador_da_fila:80 - 📱 WhatsApp OK! (Fila: 6 restantes)
2025-12-19 15:24:34.895 | WARNING  | __main__:trabalhador_da_fila:99 - ⛔ Twitter 429! Pausando posts no X por 30 minutos.
2025-12-19 15:24:35.909 | INFO     | __main__:trabalhador_da_fila:115 - ⏳ Aguardando 3 minutos...
2025-12-19 15:26:33.757 | WARNING  | __main__:processar_oferta:134 - 🚫 Bloqueado: None
2025-12-19 15:27:35.920 | INFO     | __main__:trabalhador_da_fila:74 - 🚀 Enviando da fila: SHOPEE
2025-12-19 15:27:38.291 | SUCCESS  | src.infrastructure.whatsapp_client:enviar_oferta:53 - ✅ Mídia enviada (/send/media) para 120363422860849054@g.us
2025-12-19 15:27:38.292 | SUCCESS  | __main__:trabalhador_da_fila:80 - 📱 WhatsApp OK! (Fila: 5 restantes)
2025-12-19 15:27:38.292 | INFO     | __main__:trabalhador_da_fila:104 - ⏳ Twitter em pausa (Cooldown 429).
2025-12-19 15:27:39.294 | INFO     | __main__:trabalhador_da_fila:115 - ⏳ Aguardando 3 minutos...
2025-12-19 15:28:33.519 | WARNING  | __main__:processar_oferta:134 - 🚫 Bloqueado: None
2025-12-19 15:28:33.836 | WARNING  | __main__:processar_oferta:134 - 🚫 Bloqueado: None
2025-12-19 15:29:33.837 | WARNING  | __main__:processar_oferta:134 - 🚫 Bloqueado: None
2025-12-19 15:29:34.116 | WARNING  | __main__:processar_oferta:134 - 🚫 Bloqueado: MERCADO LIVRE
2025-12-19 15:30:33.813 | WARNING  | __main__:processar_oferta:134 - 🚫 Bloqueado: None
2025-12-19 15:30:39.295 | INFO     | __main__:trabalhador_da_fila:74 - 🚀 Enviando da fila: SHOPEE
2025-12-19 15:30:41.406 | SUCCESS  | src.infrastructure.whatsapp_client:enviar_oferta:83 - 📱 Texto Simples enviado para 120363422860849054@g.us
2025-12-19 15:30:41.406 | SUCCESS  | __main__:trabalhador_da_fila:80 - 📱 WhatsApp OK! (Fila: 4 restantes)
2025-12-19 15:30:41.407 | INFO     | __main__:trabalhador_da_fila:104 - ⏳ Twitter em pausa (Cooldown 429).
2025-12-19 15:30:41.407 | INFO     | __main__:trabalhador_da_fila:115 - ⏳ Aguardando 3 minutos...
2025-12-19 15:32:23.998 | WARNING  | __main__:processar_oferta:134 - 🚫 Bloqueado: None
2025-12-19 15:33:23.515 | WARNING  | __main__:processar_oferta:134 - 🚫 Bloqueado: None
2025-12-19 15:33:23.952 | INFO     | __main__:processar_oferta:137 - 🔎 Captado: AMAZON
2025-12-19 15:33:24.331 | ERROR    | src.core.ai_brain:gerar_legenda:69 - ⚠️ Erro na IA: 429 You exceeded your current quota, please check your plan and billing details. For more information on this error, head to: https://ai.google.dev/gemini-api/docs/rate-limits. To monitor your current usage, head to: https://ai.dev/usage?tab=rate-limit. 
* Quota exceeded for metric: generativelanguage.googleapis.com/generate_content_free_tier_requests, limit: 20, model: gemini-2.5-flash
Please retry in 35.675049188s. [links {
  description: "Learn more about Gemini API quotas"
  url: "https://ai.google.dev/gemini-api/docs/rate-limits"
}
, violations {
  quota_metric: "generativelanguage.googleapis.com/generate_content_free_tier_requests"
  quota_id: "GenerateRequestsPerDayPerProjectPerModel-FreeTier"
  quota_dimensions {
    key: "model"
    value: "gemini-2.5-flash"
  }
  quota_dimensions {
    key: "location"
    value: "global"
  }
  quota_value: 20
}
, retry_delay {
  seconds: 35
}
]
2025-12-19 15:33:24.515 | INFO     | __main__:processar_oferta:160 - 📥 Adicionado à fila. Posição: 5
2025-12-19 15:33:25.338 | INFO     | __main__:processar_oferta:137 - 🔎 Captado: AMAZON
2025-12-19 15:33:25.587 | ERROR    | src.core.ai_brain:gerar_legenda:69 - ⚠️ Erro na IA: 429 You exceeded your current quota, please check your plan and billing details. For more information on this error, head to: https://ai.google.dev/gemini-api/docs/rate-limits. To monitor your current usage, head to: https://ai.dev/usage?tab=rate-limit. 
* Quota exceeded for metric: generativelanguage.googleapis.com/generate_content_free_tier_requests, limit: 20, model: gemini-2.5-flash
Please retry in 34.416209411s. [links {
  description: "Learn more about Gemini API quotas"
  url: "https://ai.google.dev/gemini-api/docs/rate-limits"
}
, violations {
  quota_metric: "generativelanguage.googleapis.com/generate_content_free_tier_requests"
  quota_id: "GenerateRequestsPerDayPerProjectPerModel-FreeTier"
  quota_dimensions {
    key: "model"
    value: "gemini-2.5-flash"
  }
  quota_dimensions {
    key: "location"
    value: "global"
  }
  quota_value: 20
}
, retry_delay {
  seconds: 34
}
]
2025-12-19 15:33:26.618 | INFO     | __main__:processar_oferta:160 - 📥 Adicionado à fila. Posição: 6
2025-12-19 15:33:41.411 | INFO     | __main__:trabalhador_da_fila:74 - 🚀 Enviando da fila: ALIEXPRESS
2025-12-19 15:33:44.652 | SUCCESS  | src.infrastructure.whatsapp_client:enviar_oferta:53 - ✅ Mídia enviada (/send/media) para 120363422860849054@g.us
2025-12-19 15:33:44.652 | SUCCESS  | __main__:trabalhador_da_fila:80 - 📱 WhatsApp OK! (Fila: 5 restantes)
2025-12-19 15:33:44.652 | INFO     | __main__:trabalhador_da_fila:104 - ⏳ Twitter em pausa (Cooldown 429).
2025-12-19 15:33:45.669 | INFO     | __main__:trabalhador_da_fila:115 - ⏳ Aguardando 3 minutos...
2025-12-19 15:36:33.858 | WARNING  | __main__:processar_oferta:134 - 🚫 Bloqueado: None
2025-12-19 15:36:34.619 | WARNING  | src.core.link_router:resolver_link_real:28 - ⚠️ Erro ao resolver link https://desc.vc/DTWhatsTel: 
2025-12-19 15:36:34.620 | WARNING  | __main__:processar_oferta:134 - 🚫 Bloqueado: None
2025-12-19 15:36:45.670 | INFO     | __main__:trabalhador_da_fila:74 - 🚀 Enviando da fila: AMAZON
2025-12-19 15:36:47.824 | SUCCESS  | src.infrastructure.whatsapp_client:enviar_oferta:53 - ✅ Mídia enviada (/send/media) para 120363422860849054@g.us
2025-12-19 15:36:47.824 | SUCCESS  | __main__:trabalhador_da_fila:80 - 📱 WhatsApp OK! (Fila: 4 restantes)
2025-12-19 15:36:47.824 | INFO     | __main__:trabalhador_da_fila:104 - ⏳ Twitter em pausa (Cooldown 429).
2025-12-19 15:36:48.827 | INFO     | __main__:trabalhador_da_fila:115 - ⏳ Aguardando 3 minutos...
2025-12-19 15:37:24.070 | WARNING  | __main__:processar_oferta:134 - 🚫 Bloqueado: None
2025-12-19 15:38:33.772 | WARNING  | __main__:processar_oferta:134 - 🚫 Bloqueado: None
2025-12-19 15:39:48.843 | INFO     | __main__:trabalhador_da_fila:74 - 🚀 Enviando da fila: AMAZON
2025-12-19 15:39:51.222 | SUCCESS  | src.infrastructure.whatsapp_client:enviar_oferta:53 - ✅ Mídia enviada (/send/media) para 120363422860849054@g.us
2025-12-19 15:39:51.223 | SUCCESS  | __main__:trabalhador_da_fila:80 - 📱 WhatsApp OK! (Fila: 3 restantes)
2025-12-19 15:39:51.223 | INFO     | __main__:trabalhador_da_fila:104 - ⏳ Twitter em pausa (Cooldown 429).
2025-12-19 15:39:52.233 | INFO     | __main__:trabalhador_da_fila:115 - ⏳ Aguardando 3 minutos...
2025-12-19 15:40:33.251 | WARNING  | __main__:processar_oferta:134 - 🚫 Bloqueado: None
2025-12-19 15:41:33.957 | WARNING  | __main__:processar_oferta:134 - 🚫 Bloqueado: None
2025-12-19 15:41:34.554 | WARNING  | __main__:processar_oferta:134 - 🚫 Bloqueado: None
2025-12-19 15:42:52.236 | INFO     | __main__:trabalhador_da_fila:74 - 🚀 Enviando da fila: AMAZON
2025-12-19 15:42:54.377 | SUCCESS  | src.infrastructure.whatsapp_client:enviar_oferta:53 - ✅ Mídia enviada (/send/media) para 120363422860849054@g.us
2025-12-19 15:42:54.378 | SUCCESS  | __main__:trabalhador_da_fila:80 - 📱 WhatsApp OK! (Fila: 2 restantes)
2025-12-19 15:42:54.378 | INFO     | __main__:trabalhador_da_fila:104 - ⏳ Twitter em pausa (Cooldown 429).
2025-12-19 15:42:55.392 | INFO     | __main__:trabalhador_da_fila:115 - ⏳ Aguardando 3 minutos...
2025-12-19 15:43:33.313 | WARNING  | __main__:processar_oferta:134 - 🚫 Bloqueado: None
2025-12-19 15:43:35.509 | INFO     | __main__:processar_oferta:137 - 🔎 Captado: AMAZON
2025-12-19 15:43:36.577 | ERROR    | src.core.ai_brain:gerar_legenda:69 - ⚠️ Erro na IA: 429 You exceeded your current quota, please check your plan and billing details. For more information on this error, head to: https://ai.google.dev/gemini-api/docs/rate-limits. To monitor your current usage, head to: https://ai.dev/usage?tab=rate-limit. 
* Quota exceeded for metric: generativelanguage.googleapis.com/generate_content_free_tier_requests, limit: 20, model: gemini-2.5-flash
Please retry in 23.428577644s. [links {
  description: "Learn more about Gemini API quotas"
  url: "https://ai.google.dev/gemini-api/docs/rate-limits"
}
, violations {
  quota_metric: "generativelanguage.googleapis.com/generate_content_free_tier_requests"
  quota_id: "GenerateRequestsPerDayPerProjectPerModel-FreeTier"
  quota_dimensions {
    key: "model"
    value: "gemini-2.5-flash"
  }
  quota_dimensions {
    key: "location"
    value: "global"
  }
  quota_value: 20
}
, retry_delay {
  seconds: 23
}
]
2025-12-19 15:43:37.393 | INFO     | __main__:processar_oferta:160 - 📥 Adicionado à fila. Posição: 3
2025-12-19 15:44:33.763 | WARNING  | __main__:processar_oferta:134 - 🚫 Bloqueado: None
2025-12-19 15:45:34.290 | WARNING  | __main__:processar_oferta:134 - 🚫 Bloqueado: MERCADO LIVRE
2025-12-19 15:45:55.399 | INFO     | __main__:trabalhador_da_fila:74 - 🚀 Enviando da fila: AMAZON
2025-12-19 15:45:57.519 | SUCCESS  | src.infrastructure.whatsapp_client:enviar_oferta:53 - ✅ Mídia enviada (/send/media) para 120363422860849054@g.us
2025-12-19 15:45:57.519 | SUCCESS  | __main__:trabalhador_da_fila:80 - 📱 WhatsApp OK! (Fila: 2 restantes)
2025-12-19 15:45:57.520 | INFO     | __main__:trabalhador_da_fila:104 - ⏳ Twitter em pausa (Cooldown 429).
2025-12-19 15:45:58.524 | INFO     | __main__:trabalhador_da_fila:115 - ⏳ Aguardando 3 minutos...
2025-12-19 15:47:23.562 | WARNING  | __main__:processar_oferta:134 - 🚫 Bloqueado: None
2025-12-19 15:48:23.836 | WARNING  | __main__:processar_oferta:134 - 🚫 Bloqueado: None
2025-12-19 15:48:24.101 | WARNING  | __main__:processar_oferta:134 - 🚫 Bloqueado: None
2025-12-19 15:48:24.381 | INFO     | __main__:processar_oferta:137 - 🔎 Captado: AMAZON
2025-12-19 15:48:24.767 | ERROR    | src.core.ai_brain:gerar_legenda:69 - ⚠️ Erro na IA: 429 You exceeded your current quota, please check your plan and billing details. For more information on this error, head to: https://ai.google.dev/gemini-api/docs/rate-limits. To monitor your current usage, head to: https://ai.dev/usage?tab=rate-limit. 
* Quota exceeded for metric: generativelanguage.googleapis.com/generate_content_free_tier_requests, limit: 20, model: gemini-2.5-flash
Please retry in 35.24020966s. [links {
  description: "Learn more about Gemini API quotas"
  url: "https://ai.google.dev/gemini-api/docs/rate-limits"
}
, violations {
  quota_metric: "generativelanguage.googleapis.com/generate_content_free_tier_requests"
  quota_id: "GenerateRequestsPerDayPerProjectPerModel-FreeTier"
  quota_dimensions {
    key: "model"
    value: "gemini-2.5-flash"
  }
  quota_dimensions {
    key: "location"
    value: "global"
  }
  quota_value: 20
}
, retry_delay {
  seconds: 35
}
]
2025-12-19 15:48:26.130 | INFO     | __main__:processar_oferta:160 - 📥 Adicionado à fila. Posição: 3
2025-12-19 15:48:58.525 | INFO     | __main__:trabalhador_da_fila:74 - 🚀 Enviando da fila: AMAZON
2025-12-19 15:49:01.469 | SUCCESS  | src.infrastructure.whatsapp_client:enviar_oferta:53 - ✅ Mídia enviada (/send/media) para 120363422860849054@g.us
2025-12-19 15:49:01.470 | SUCCESS  | __main__:trabalhador_da_fila:80 - 📱 WhatsApp OK! (Fila: 2 restantes)
2025-12-19 15:49:01.470 | INFO     | __main__:trabalhador_da_fila:104 - ⏳ Twitter em pausa (Cooldown 429).
2025-12-19 15:49:02.479 | INFO     | __main__:trabalhador_da_fila:115 - ⏳ Aguardando 3 minutos...
2025-12-19 15:50:33.366 | WARNING  | __main__:processar_oferta:134 - 🚫 Bloqueado: None
2025-12-19 15:50:33.925 | WARNING  | __main__:processar_oferta:134 - 🚫 Bloqueado: None
2025-12-19 15:52:02.487 | INFO     | __main__:trabalhador_da_fila:74 - 🚀 Enviando da fila: AMAZON
2025-12-19 15:52:05.279 | SUCCESS  | src.infrastructure.whatsapp_client:enviar_oferta:53 - ✅ Mídia enviada (/send/media) para 120363422860849054@g.us
2025-12-19 15:52:05.279 | SUCCESS  | __main__:trabalhador_da_fila:80 - 📱 WhatsApp OK! (Fila: 1 restantes)
2025-12-19 15:52:05.280 | INFO     | __main__:trabalhador_da_fila:104 - ⏳ Twitter em pausa (Cooldown 429).
2025-12-19 15:52:06.283 | INFO     | __main__:trabalhador_da_fila:115 - ⏳ Aguardando 3 minutos...
2025-12-19 15:55:06.295 | INFO     | __main__:trabalhador_da_fila:74 - 🚀 Enviando da fila: AMAZON
2025-12-19 15:55:09.781 | SUCCESS  | src.infrastructure.whatsapp_client:enviar_oferta:53 - ✅ Mídia enviada (/send/media) para 120363422860849054@g.us
2025-12-19 15:55:09.781 | SUCCESS  | __main__:trabalhador_da_fila:80 - 📱 WhatsApp OK! (Fila: 0 restantes)
2025-12-19 15:55:28.959 | WARNING  | __main__:trabalhador_da_fila:102 - 🐦 Erro Twitter: HTTPSConnectionPool(host='api.twitter.com', port=443): Read timed out. (read timeout=None)
2025-12-19 15:55:29.974 | INFO     | __main__:trabalhador_da_fila:115 - ⏳ Aguardando 3 minutos...
2025-12-19 15:55:34.454 | INFO     | __main__:processar_oferta:137 - 🔎 Captado: NETSHOES
2025-12-19 15:55:34.497 | INFO     | __main__:processar_oferta:137 - 🔎 Captado: AMAZON
2025-12-19 15:55:45.635 | INFO     | __main__:processar_oferta:160 - 📥 Adicionado à fila. Posição: 1
2025-12-19 15:55:45.949 | INFO     | __main__:processar_oferta:160 - 📥 Adicionado à fila. Posição: 2
2025-12-19 15:56:34.251 | INFO     | __main__:processar_oferta:137 - 🔎 Captado: AMAZON
2025-12-19 15:56:34.534 | ERROR    | src.core.ai_brain:gerar_legenda:69 - ⚠️ Erro na IA: 429 You exceeded your current quota, please check your plan and billing details. For more information on this error, head to: https://ai.google.dev/gemini-api/docs/rate-limits. To monitor your current usage, head to: https://ai.dev/usage?tab=rate-limit. 
* Quota exceeded for metric: generativelanguage.googleapis.com/generate_content_free_tier_requests, limit: 20, model: gemini-2.5-flash
Please retry in 25.467829068s. [links {
  description: "Learn more about Gemini API quotas"
  url: "https://ai.google.dev/gemini-api/docs/rate-limits"
}
, violations {
  quota_metric: "generativelanguage.googleapis.com/generate_content_free_tier_requests"
  quota_id: "GenerateRequestsPerDayPerProjectPerModel-FreeTier"
  quota_dimensions {
    key: "model"
    value: "gemini-2.5-flash"
  }
  quota_dimensions {
    key: "location"
    value: "global"
  }
  quota_value: 20
}
, retry_delay {
  seconds: 25
}
]
2025-12-19 15:56:35.057 | INFO     | __main__:processar_oferta:160 - 📥 Adicionado à fila. Posição: 3
2025-12-19 15:58:29.975 | INFO     | __main__:trabalhador_da_fila:74 - 🚀 Enviando da fila: AMAZON
2025-12-19 15:58:31.960 | SUCCESS  | src.infrastructure.whatsapp_client:enviar_oferta:53 - ✅ Mídia enviada (/send/media) para 120363422860849054@g.us
2025-12-19 15:58:31.961 | SUCCESS  | __main__:trabalhador_da_fila:80 - 📱 WhatsApp OK! (Fila: 2 restantes)
2025-12-19 15:58:32.458 | WARNING  | __main__:trabalhador_da_fila:99 - ⛔ Twitter 429! Pausando posts no X por 30 minutos.
2025-12-19 15:58:33.459 | INFO     | __main__:trabalhador_da_fila:115 - ⏳ Aguardando 3 minutos...
2025-12-19 15:58:33.546 | WARNING  | __main__:processar_oferta:134 - 🚫 Bloqueado: None
2025-12-19 15:59:34.178 | INFO     | __main__:processar_oferta:137 - 🔎 Captado: SHOPEE
2025-12-19 15:59:46.900 | INFO     | __main__:processar_oferta:160 - 📥 Adicionado à fila. Posição: 3
2025-12-19 15:59:47.596 | INFO     | __main__:processar_oferta:137 - 🔎 Captado: SHOPEE
2025-12-19 15:59:47.883 | ERROR    | src.core.ai_brain:gerar_legenda:69 - ⚠️ Erro na IA: 429 You exceeded your current quota, please check your plan and billing details. For more information on this error, head to: https://ai.google.dev/gemini-api/docs/rate-limits. To monitor your current usage, head to: https://ai.dev/usage?tab=rate-limit. 
* Quota exceeded for metric: generativelanguage.googleapis.com/generate_content_free_tier_requests, limit: 20, model: gemini-2.5-flash
Please retry in 12.117554621s. [links {
  description: "Learn more about Gemini API quotas"
  url: "https://ai.google.dev/gemini-api/docs/rate-limits"
}
, violations {
  quota_metric: "generativelanguage.googleapis.com/generate_content_free_tier_requests"
  quota_id: "GenerateRequestsPerDayPerProjectPerModel-FreeTier"
  quota_dimensions {
    key: "model"
    value: "gemini-2.5-flash"
  }
  quota_dimensions {
    key: "location"
    value: "global"
  }
  quota_value: 20
}
, retry_delay {
  seconds: 12
}
]
2025-12-19 15:59:47.884 | INFO     | __main__:processar_oferta:160 - 📥 Adicionado à fila. Posição: 4
2025-12-19 16:00:33.727 | WARNING  | __main__:processar_oferta:134 - 🚫 Bloqueado: None
2025-12-19 16:00:33.945 | WARNING  | __main__:processar_oferta:134 - 🚫 Bloqueado: None
2025-12-19 16:00:34.290 | WARNING  | __main__:processar_oferta:134 - 🚫 Bloqueado: None
2025-12-19 16:00:34.466 | WARNING  | __main__:processar_oferta:134 - 🚫 Bloqueado: None
2025-12-19 16:01:33.463 | INFO     | __main__:trabalhador_da_fila:74 - 🚀 Enviando da fila: NETSHOES
2025-12-19 16:01:34.428 | INFO     | __main__:processar_oferta:137 - 🔎 Captado: SHOPEE
2025-12-19 16:01:34.626 | INFO     | __main__:processar_oferta:137 - 🔎 Captado: NETSHOES
2025-12-19 16:01:34.695 | ERROR    | src.core.ai_brain:gerar_legenda:69 - ⚠️ Erro na IA: 429 You exceeded your current quota, please check your plan and billing details. For more information on this error, head to: https://ai.google.dev/gemini-api/docs/rate-limits. To monitor your current usage, head to: https://ai.dev/usage?tab=rate-limit. 
* Quota exceeded for metric: generativelanguage.googleapis.com/generate_content_free_tier_requests, limit: 20, model: gemini-2.5-flash
Please retry in 25.287204239s. [links {
  description: "Learn more about Gemini API quotas"
  url: "https://ai.google.dev/gemini-api/docs/rate-limits"
}
, violations {
  quota_metric: "generativelanguage.googleapis.com/generate_content_free_tier_requests"
  quota_id: "GenerateRequestsPerDayPerProjectPerModel-FreeTier"
  quota_dimensions {
    key: "model"
    value: "gemini-2.5-flash"
  }
  quota_dimensions {
    key: "location"
    value: "global"
  }
  quota_value: 20
}
, retry_delay {
  seconds: 25
}
]
2025-12-19 16:01:34.869 | INFO     | __main__:processar_oferta:160 - 📥 Adicionado à fila. Posição: 4
2025-12-19 16:01:34.904 | ERROR    | src.core.ai_brain:gerar_legenda:69 - ⚠️ Erro na IA: 429 You exceeded your current quota, please check your plan and billing details. For more information on this error, head to: https://ai.google.dev/gemini-api/docs/rate-limits. To monitor your current usage, head to: https://ai.dev/usage?tab=rate-limit. 
* Quota exceeded for metric: generativelanguage.googleapis.com/generate_content_free_tier_requests, limit: 20, model: gemini-2.5-flash
Please retry in 25.094964456s. [links {
  description: "Learn more about Gemini API quotas"
  url: "https://ai.google.dev/gemini-api/docs/rate-limits"
}
, violations {
  quota_metric: "generativelanguage.googleapis.com/generate_content_free_tier_requests"
  quota_id: "GenerateRequestsPerDayPerProjectPerModel-FreeTier"
  quota_dimensions {
    key: "model"
    value: "gemini-2.5-flash"
  }
  quota_dimensions {
    key: "location"
    value: "global"
  }
  quota_value: 20
}
, retry_delay {
  seconds: 25
}
]
2025-12-19 16:01:35.737 | SUCCESS  | src.infrastructure.whatsapp_client:enviar_oferta:53 - ✅ Mídia enviada (/send/media) para 120363422860849054@g.us
2025-12-19 16:01:35.737 | SUCCESS  | __main__:trabalhador_da_fila:80 - 📱 WhatsApp OK! (Fila: 4 restantes)
2025-12-19 16:01:35.737 | INFO     | __main__:trabalhador_da_fila:104 - ⏳ Twitter em pausa (Cooldown 429).
2025-12-19 16:01:35.827 | INFO     | __main__:processar_oferta:160 - 📥 Adicionado à fila. Posição: 5
2025-12-19 16:01:35.829 | INFO     | __main__:processar_oferta:137 - 🔎 Captado: SHOPEE
2025-12-19 16:01:36.091 | ERROR    | src.core.ai_brain:gerar_legenda:69 - ⚠️ Erro na IA: 429 You exceeded your current quota, please check your plan and billing details. For more information on this error, head to: https://ai.google.dev/gemini-api/docs/rate-limits. To monitor your current usage, head to: https://ai.dev/usage?tab=rate-limit. 
* Quota exceeded for metric: generativelanguage.googleapis.com/generate_content_free_tier_requests, limit: 20, model: gemini-2.5-flash
Please retry in 23.914073386s. [links {
  description: "Learn more about Gemini API quotas"
  url: "https://ai.google.dev/gemini-api/docs/rate-limits"
}
, violations {
  quota_metric: "generativelanguage.googleapis.com/generate_content_free_tier_requests"
  quota_id: "GenerateRequestsPerDayPerProjectPerModel-FreeTier"
  quota_dimensions {
    key: "model"
    value: "gemini-2.5-flash"
  }
  quota_dimensions {
    key: "location"
    value: "global"
  }
  quota_value: 20
}
, retry_delay {
  seconds: 23
}
]
2025-12-19 16:01:36.274 | INFO     | __main__:processar_oferta:160 - 📥 Adicionado à fila. Posição: 6
2025-12-19 16:01:36.748 | INFO     | __main__:trabalhador_da_fila:115 - ⏳ Aguardando 3 minutos...
2025-12-19 16:02:24.380 | WARNING  | __main__:processar_oferta:134 - 🚫 Bloqueado: None
2025-12-19 16:04:33.772 | WARNING  | __main__:processar_oferta:134 - 🚫 Bloqueado: None
2025-12-19 16:04:33.797 | WARNING  | __main__:processar_oferta:134 - 🚫 Bloqueado: None
2025-12-19 16:04:34.205 | INFO     | __main__:processar_oferta:137 - 🔎 Captado: AMAZON
2025-12-19 16:04:34.392 | INFO     | __main__:processar_oferta:137 - 🔎 Captado: SHOPEE
2025-12-19 16:04:34.396 | INFO     | __main__:processar_oferta:137 - 🔎 Captado: SHOPEE
2025-12-19 16:04:34.430 | INFO     | __main__:processar_oferta:137 - 🔎 Captado: AMAZON
2025-12-19 16:04:34.477 | ERROR    | src.core.ai_brain:gerar_legenda:69 - ⚠️ Erro na IA: 429 You exceeded your current quota, please check your plan and billing details. For more information on this error, head to: https://ai.google.dev/gemini-api/docs/rate-limits. To monitor your current usage, head to: https://ai.dev/usage?tab=rate-limit. 
* Quota exceeded for metric: generativelanguage.googleapis.com/generate_content_free_tier_requests, limit: 20, model: gemini-2.5-flash
Please retry in 25.518044583s. [links {
  description: "Learn more about Gemini API quotas"
  url: "https://ai.google.dev/gemini-api/docs/rate-limits"
}
, violations {
  quota_metric: "generativelanguage.googleapis.com/generate_content_free_tier_requests"
  quota_id: "GenerateRequestsPerDayPerProjectPerModel-FreeTier"
  quota_dimensions {
    key: "model"
    value: "gemini-2.5-flash"
  }
  quota_dimensions {
    key: "location"
    value: "global"
  }
  quota_value: 20
}
, retry_delay {
  seconds: 25
}
]
2025-12-19 16:04:34.658 | WARNING  | __main__:processar_oferta:134 - 🚫 Bloqueado: None
2025-12-19 16:04:35.221 | INFO     | __main__:processar_oferta:160 - 📥 Adicionado à fila. Posição: 7
2025-12-19 16:04:35.222 | ERROR    | src.core.ai_brain:gerar_legenda:69 - ⚠️ Erro na IA: 429 You exceeded your current quota, please check your plan and billing details. For more information on this error, head to: https://ai.google.dev/gemini-api/docs/rate-limits. To monitor your current usage, head to: https://ai.dev/usage?tab=rate-limit. 
* Quota exceeded for metric: generativelanguage.googleapis.com/generate_content_free_tier_requests, limit: 20, model: gemini-2.5-flash
Please retry in 24.868153502s. [links {
  description: "Learn more about Gemini API quotas"
  url: "https://ai.google.dev/gemini-api/docs/rate-limits"
}
, violations {
  quota_metric: "generativelanguage.googleapis.com/generate_content_free_tier_requests"
  quota_id: "GenerateRequestsPerDayPerProjectPerModel-FreeTier"
  quota_dimensions {
    key: "model"
    value: "gemini-2.5-flash"
  }
  quota_dimensions {
    key: "location"
    value: "global"
  }
  quota_value: 20
}
, retry_delay {
  seconds: 24
}
]
2025-12-19 16:04:35.222 | INFO     | __main__:processar_oferta:160 - 📥 Adicionado à fila. Posição: 8
2025-12-19 16:04:35.315 | ERROR    | src.core.ai_brain:gerar_legenda:69 - ⚠️ Erro na IA: 429 You exceeded your current quota, please check your plan and billing details. For more information on this error, head to: https://ai.google.dev/gemini-api/docs/rate-limits. To monitor your current usage, head to: https://ai.dev/usage?tab=rate-limit. 
* Quota exceeded for metric: generativelanguage.googleapis.com/generate_content_free_tier_requests, limit: 20, model: gemini-2.5-flash
Please retry in 24.687641543s. [links {
  description: "Learn more about Gemini API quotas"
  url: "https://ai.google.dev/gemini-api/docs/rate-limits"
}
, violations {
  quota_metric: "generativelanguage.googleapis.com/generate_content_free_tier_requests"
  quota_id: "GenerateRequestsPerDayPerProjectPerModel-FreeTier"
  quota_dimensions {
    key: "model"
    value: "gemini-2.5-flash"
  }
  quota_dimensions {
    key: "location"
    value: "global"
  }
  quota_value: 20
}
, retry_delay {
  seconds: 24
}
]
2025-12-19 16:04:35.357 | ERROR    | src.core.ai_brain:gerar_legenda:69 - ⚠️ Erro na IA: 429 You exceeded your current quota, please check your plan and billing details. For more information on this error, head to: https://ai.google.dev/gemini-api/docs/rate-limits. To monitor your current usage, head to: https://ai.dev/usage?tab=rate-limit. 
* Quota exceeded for metric: generativelanguage.googleapis.com/generate_content_free_tier_requests, limit: 20, model: gemini-2.5-flash
Please retry in 24.641871494s. [links {
  description: "Learn more about Gemini API quotas"
  url: "https://ai.google.dev/gemini-api/docs/rate-limits"
}
, violations {
  quota_metric: "generativelanguage.googleapis.com/generate_content_free_tier_requests"
  quota_id: "GenerateRequestsPerDayPerProjectPerModel-FreeTier"
  quota_dimensions {
    key: "model"
    value: "gemini-2.5-flash"
  }
  quota_dimensions {
    key: "location"
    value: "global"
  }
  quota_value: 20
}
, retry_delay {
  seconds: 24
}
]
2025-12-19 16:04:35.901 | INFO     | __main__:processar_oferta:160 - 📥 Adicionado à fila. Posição: 9
2025-12-19 16:04:36.096 | INFO     | __main__:processar_oferta:160 - 📥 Adicionado à fila. Posição: 10
2025-12-19 16:04:36.099 | INFO     | __main__:processar_oferta:137 - 🔎 Captado: SHOPEE
2025-12-19 16:04:36.288 | WARNING  | __main__:processar_oferta:134 - 🚫 Bloqueado: None
2025-12-19 16:04:36.347 | ERROR    | src.core.ai_brain:gerar_legenda:69 - ⚠️ Erro na IA: 429 You exceeded your current quota, please check your plan and billing details. For more information on this error, head to: https://ai.google.dev/gemini-api/docs/rate-limits. To monitor your current usage, head to: https://ai.dev/usage?tab=rate-limit. 
* Quota exceeded for metric: generativelanguage.googleapis.com/generate_content_free_tier_requests, limit: 20, model: gemini-2.5-flash
Please retry in 23.648238048s. [links {
  description: "Learn more about Gemini API quotas"
  url: "https://ai.google.dev/gemini-api/docs/rate-limits"
}
, violations {
  quota_metric: "generativelanguage.googleapis.com/generate_content_free_tier_requests"
  quota_id: "GenerateRequestsPerDayPerProjectPerModel-FreeTier"
  quota_dimensions {
    key: "model"
    value: "gemini-2.5-flash"
  }
  quota_dimensions {
    key: "location"
    value: "global"
  }
  quota_value: 20
}
, retry_delay {
  seconds: 23
}
]
2025-12-19 16:04:36.348 | INFO     | __main__:processar_oferta:160 - 📥 Adicionado à fila. Posição: 11
2025-12-19 16:04:36.755 | INFO     | __main__:trabalhador_da_fila:74 - 🚀 Enviando da fila: AMAZON
2025-12-19 16:04:39.135 | SUCCESS  | src.infrastructure.whatsapp_client:enviar_oferta:53 - ✅ Mídia enviada (/send/media) para 120363422860849054@g.us
2025-12-19 16:04:39.135 | SUCCESS  | __main__:trabalhador_da_fila:80 - 📱 WhatsApp OK! (Fila: 10 restantes)
2025-12-19 16:04:39.136 | INFO     | __main__:trabalhador_da_fila:104 - ⏳ Twitter em pausa (Cooldown 429).
2025-12-19 16:04:40.146 | INFO     | __main__:trabalhador_da_fila:115 - ⏳ Aguardando 3 minutos...
2025-12-19 16:05:34.332 | WARNING  | __main__:processar_oferta:134 - 🚫 Bloqueado: None
2025-12-19 16:06:06.472 | WARNING  | __main__:processar_oferta:134 - 🚫 Bloqueado: None
2025-12-19 16:06:06.563 | WARNING  | __main__:processar_oferta:134 - 🚫 Bloqueado: None
2025-12-19 16:06:08.537 | INFO     | __main__:processar_oferta:137 - 🔎 Captado: AMAZON
2025-12-19 16:06:08.819 | ERROR    | src.core.ai_brain:gerar_legenda:69 - ⚠️ Erro na IA: 429 You exceeded your current quota, please check your plan and billing details. For more information on this error, head to: https://ai.google.dev/gemini-api/docs/rate-limits. To monitor your current usage, head to: https://ai.dev/usage?tab=rate-limit. 
* Quota exceeded for metric: generativelanguage.googleapis.com/generate_content_free_tier_requests, limit: 20, model: gemini-2.5-flash
Please retry in 51.183278286s. [links {
  description: "Learn more about Gemini API quotas"
  url: "https://ai.google.dev/gemini-api/docs/rate-limits"
}
, violations {
  quota_metric: "generativelanguage.googleapis.com/generate_content_free_tier_requests"
  quota_id: "GenerateRequestsPerDayPerProjectPerModel-FreeTier"
  quota_dimensions {
    key: "model"
    value: "gemini-2.5-flash"
  }
  quota_dimensions {
    key: "location"
    value: "global"
  }
  quota_value: 20
}
, retry_delay {
  seconds: 51
}
]
2025-12-19 16:06:09.653 | INFO     | __main__:processar_oferta:160 - 📥 Adicionado à fila. Posição: 11
2025-12-19 16:07:40.160 | INFO     | __main__:trabalhador_da_fila:74 - 🚀 Enviando da fila: SHOPEE
2025-12-19 16:07:40.831 | SUCCESS  | src.infrastructure.whatsapp_client:enviar_oferta:83 - 📱 Texto Simples enviado para 120363422860849054@g.us
2025-12-19 16:07:40.832 | SUCCESS  | __main__:trabalhador_da_fila:80 - 📱 WhatsApp OK! (Fila: 10 restantes)
2025-12-19 16:07:40.832 | INFO     | __main__:trabalhador_da_fila:104 - ⏳ Twitter em pausa (Cooldown 429).
2025-12-19 16:07:40.832 | INFO     | __main__:trabalhador_da_fila:115 - ⏳ Aguardando 3 minutos...
2025-12-19 16:07:47.301 | WARNING  | __main__:processar_oferta:134 - 🚫 Bloqueado: None
2025-12-19 16:09:34.265 | INFO     | __main__:processar_oferta:137 - 🔎 Captado: SHOPEE
2025-12-19 16:09:34.549 | ERROR    | src.core.ai_brain:gerar_legenda:69 - ⚠️ Erro na IA: 429 You exceeded your current quota, please check your plan and billing details. For more information on this error, head to: https://ai.google.dev/gemini-api/docs/rate-limits. To monitor your current usage, head to: https://ai.dev/usage?tab=rate-limit. 
* Quota exceeded for metric: generativelanguage.googleapis.com/generate_content_free_tier_requests, limit: 20, model: gemini-2.5-flash
Please retry in 25.453801332s. [links {
  description: "Learn more about Gemini API quotas"
  url: "https://ai.google.dev/gemini-api/docs/rate-limits"
}
, violations {
  quota_metric: "generativelanguage.googleapis.com/generate_content_free_tier_requests"
  quota_id: "GenerateRequestsPerDayPerProjectPerModel-FreeTier"
  quota_dimensions {
    key: "model"
    value: "gemini-2.5-flash"
  }
  quota_dimensions {
    key: "location"
    value: "global"
  }
  quota_value: 20
}
, retry_delay {
  seconds: 25
}
]
2025-12-19 16:09:35.156 | INFO     | __main__:processar_oferta:160 - 📥 Adicionado à fila. Posição: 11
2025-12-19 16:09:36.437 | INFO     | __main__:processar_oferta:137 - 🔎 Captado: AMAZON
2025-12-19 16:09:36.687 | ERROR    | src.core.ai_brain:gerar_legenda:69 - ⚠️ Erro na IA: 429 You exceeded your current quota, please check your plan and billing details. For more information on this error, head to: https://ai.google.dev/gemini-api/docs/rate-limits. To monitor your current usage, head to: https://ai.dev/usage?tab=rate-limit. 
* Quota exceeded for metric: generativelanguage.googleapis.com/generate_content_free_tier_requests, limit: 20, model: gemini-2.5-flash
Please retry in 23.313276328s. [links {
  description: "Learn more about Gemini API quotas"
  url: "https://ai.google.dev/gemini-api/docs/rate-limits"
}
, violations {
  quota_metric: "generativelanguage.googleapis.com/generate_content_free_tier_requests"
  quota_id: "GenerateRequestsPerDayPerProjectPerModel-FreeTier"
  quota_dimensions {
    key: "model"
    value: "gemini-2.5-flash"
  }
  quota_dimensions {
    key: "location"
    value: "global"
  }
  quota_value: 20
}
, retry_delay {
  seconds: 23
}
]
2025-12-19 16:09:38.999 | INFO     | __main__:processar_oferta:160 - 📥 Adicionado à fila. Posição: 12
2025-12-19 16:10:34.227 | INFO     | __main__:processar_oferta:137 - 🔎 Captado: AMAZON
2025-12-19 16:10:34.509 | ERROR    | src.core.ai_brain:gerar_legenda:69 - ⚠️ Erro na IA: 429 You exceeded your current quota, please check your plan and billing details. For more information on this error, head to: https://ai.google.dev/gemini-api/docs/rate-limits. To monitor your current usage, head to: https://ai.dev/usage?tab=rate-limit. 
* Quota exceeded for metric: generativelanguage.googleapis.com/generate_content_free_tier_requests, limit: 20, model: gemini-2.5-flash
Please retry in 25.493472811s. [links {
  description: "Learn more about Gemini API quotas"
  url: "https://ai.google.dev/gemini-api/docs/rate-limits"
}
, violations {
  quota_metric: "generativelanguage.googleapis.com/generate_content_free_tier_requests"
  quota_id: "GenerateRequestsPerDayPerProjectPerModel-FreeTier"
  quota_dimensions {
    key: "model"
    value: "gemini-2.5-flash"
  }
  quota_dimensions {
    key: "location"
    value: "global"
  }
  quota_value: 20
}
, retry_delay {
  seconds: 25
}
]
2025-12-19 16:10:34.701 | WARNING  | __main__:processar_oferta:134 - 🚫 Bloqueado: None
2025-12-19 16:10:34.826 | INFO     | __main__:processar_oferta:160 - 📥 Adicionado à fila. Posição: 13
2025-12-19 16:10:40.845 | INFO     | __main__:trabalhador_da_fila:74 - 🚀 Enviando da fila: SHOPEE
2025-12-19 16:10:41.510 | SUCCESS  | src.infrastructure.whatsapp_client:enviar_oferta:83 - 📱 Texto Simples enviado para 120363422860849054@g.us
2025-12-19 16:10:41.511 | SUCCESS  | __main__:trabalhador_da_fila:80 - 📱 WhatsApp OK! (Fila: 12 restantes)
2025-12-19 16:10:41.511 | INFO     | __main__:trabalhador_da_fila:104 - ⏳ Twitter em pausa (Cooldown 429).
2025-12-19 16:10:41.511 | INFO     | __main__:trabalhador_da_fila:115 - ⏳ Aguardando 3 minutos...
2025-12-19 16:12:34.380 | WARNING  | __main__:processar_oferta:134 - 🚫 Bloqueado: None
2025-12-19 16:13:41.519 | INFO     | __main__:trabalhador_da_fila:74 - 🚀 Enviando da fila: SHOPEE
2025-12-19 16:13:43.901 | SUCCESS  | src.infrastructure.whatsapp_client:enviar_oferta:53 - ✅ Mídia enviada (/send/media) para 120363422860849054@g.us
2025-12-19 16:13:43.902 | SUCCESS  | __main__:trabalhador_da_fila:80 - 📱 WhatsApp OK! (Fila: 11 restantes)
2025-12-19 16:13:43.902 | INFO     | __main__:trabalhador_da_fila:104 - ⏳ Twitter em pausa (Cooldown 429).
2025-12-19 16:13:44.909 | INFO     | __main__:trabalhador_da_fila:115 - ⏳ Aguardando 3 minutos...
2025-12-19 16:14:34.392 | WARNING  | __main__:processar_oferta:134 - 🚫 Bloqueado: None
2025-12-19 16:14:36.393 | INFO     | __main__:processar_oferta:137 - 🔎 Captado: AMAZON
2025-12-19 16:14:37.462 | ERROR    | src.core.ai_brain:gerar_legenda:69 - ⚠️ Erro na IA: 429 You exceeded your current quota, please check your plan and billing details. For more information on this error, head to: https://ai.google.dev/gemini-api/docs/rate-limits. To monitor your current usage, head to: https://ai.dev/usage?tab=rate-limit. 
* Quota exceeded for metric: generativelanguage.googleapis.com/generate_content_free_tier_requests, limit: 20, model: gemini-2.5-flash
Please retry in 22.533882401s. [links {
  description: "Learn more about Gemini API quotas"
  url: "https://ai.google.dev/gemini-api/docs/rate-limits"
}
, violations {
  quota_metric: "generativelanguage.googleapis.com/generate_content_free_tier_requests"
  quota_id: "GenerateRequestsPerDayPerProjectPerModel-FreeTier"
  quota_dimensions {
    key: "model"
    value: "gemini-2.5-flash"
  }
  quota_dimensions {
    key: "location"
    value: "global"
  }
  quota_value: 20
}
, retry_delay {
  seconds: 22
}
]
2025-12-19 16:14:38.084 | INFO     | __main__:processar_oferta:160 - 📥 Adicionado à fila. Posição: 12
2025-12-19 16:15:33.817 | WARNING  | __main__:processar_oferta:134 - 🚫 Bloqueado: None
2025-12-19 16:16:34.457 | INFO     | __main__:processar_oferta:137 - 🔎 Captado: SHOPEE
2025-12-19 16:16:34.595 | WARNING  | __main__:processar_oferta:134 - 🚫 Bloqueado: None
2025-12-19 16:16:34.752 | ERROR    | src.core.ai_brain:gerar_legenda:69 - ⚠️ Erro na IA: 429 You exceeded your current quota, please check your plan and billing details. For more information on this error, head to: https://ai.google.dev/gemini-api/docs/rate-limits. To monitor your current usage, head to: https://ai.dev/usage?tab=rate-limit. 
* Quota exceeded for metric: generativelanguage.googleapis.com/generate_content_free_tier_requests, limit: 20, model: gemini-2.5-flash
Please retry in 25.250736081s. [links {
  description: "Learn more about Gemini API quotas"
  url: "https://ai.google.dev/gemini-api/docs/rate-limits"
}
, violations {
  quota_metric: "generativelanguage.googleapis.com/generate_content_free_tier_requests"
  quota_id: "GenerateRequestsPerDayPerProjectPerModel-FreeTier"
  quota_dimensions {
    key: "model"
    value: "gemini-2.5-flash"
  }
  quota_dimensions {
    key: "location"
    value: "global"
  }
  quota_value: 20
}
, retry_delay {
  seconds: 25
}
]
2025-12-19 16:16:35.273 | INFO     | __main__:processar_oferta:160 - 📥 Adicionado à fila. Posição: 13
2025-12-19 16:16:35.929 | INFO     | __main__:processar_oferta:137 - 🔎 Captado: SHOPEE
2025-12-19 16:16:36.183 | ERROR    | src.core.ai_brain:gerar_legenda:69 - ⚠️ Erro na IA: 429 You exceeded your current quota, please check your plan and billing details. For more information on this error, head to: https://ai.google.dev/gemini-api/docs/rate-limits. To monitor your current usage, head to: https://ai.dev/usage?tab=rate-limit. 
* Quota exceeded for metric: generativelanguage.googleapis.com/generate_content_free_tier_requests, limit: 20, model: gemini-2.5-flash
Please retry in 23.819813316s. [links {
  description: "Learn more about Gemini API quotas"
  url: "https://ai.google.dev/gemini-api/docs/rate-limits"
}
, violations {
  quota_metric: "generativelanguage.googleapis.com/generate_content_free_tier_requests"
  quota_id: "GenerateRequestsPerDayPerProjectPerModel-FreeTier"
  quota_dimensions {
    key: "model"
    value: "gemini-2.5-flash"
  }
  quota_dimensions {
    key: "location"
    value: "global"
  }
  quota_value: 20
}
, retry_delay {
  seconds: 23
}
]
2025-12-19 16:16:36.694 | INFO     | __main__:processar_oferta:160 - 📥 Adicionado à fila. Posição: 14
2025-12-19 16:16:37.386 | INFO     | __main__:processar_oferta:137 - 🔎 Captado: SHOPEE
2025-12-19 16:16:37.636 | ERROR    | src.core.ai_brain:gerar_legenda:69 - ⚠️ Erro na IA: 429 You exceeded your current quota, please check your plan and billing details. For more information on this error, head to: https://ai.google.dev/gemini-api/docs/rate-limits. To monitor your current usage, head to: https://ai.dev/usage?tab=rate-limit. 
* Quota exceeded for metric: generativelanguage.googleapis.com/generate_content_free_tier_requests, limit: 20, model: gemini-2.5-flash
Please retry in 22.364232358s. [links {
  description: "Learn more about Gemini API quotas"
  url: "https://ai.google.dev/gemini-api/docs/rate-limits"
}
, violations {
  quota_metric: "generativelanguage.googleapis.com/generate_content_free_tier_requests"
  quota_id: "GenerateRequestsPerDayPerProjectPerModel-FreeTier"
  quota_dimensions {
    key: "model"
    value: "gemini-2.5-flash"
  }
  quota_dimensions {
    key: "location"
    value: "global"
  }
  quota_value: 20
}
, retry_delay {
  seconds: 22
}
]
2025-12-19 16:16:38.146 | INFO     | __main__:processar_oferta:160 - 📥 Adicionado à fila. Posição: 15
2025-12-19 16:16:38.835 | INFO     | __main__:processar_oferta:137 - 🔎 Captado: SHOPEE
2025-12-19 16:16:39.080 | ERROR    | src.core.ai_brain:gerar_legenda:69 - ⚠️ Erro na IA: 429 You exceeded your current quota, please check your plan and billing details. For more information on this error, head to: https://ai.google.dev/gemini-api/docs/rate-limits. To monitor your current usage, head to: https://ai.dev/usage?tab=rate-limit. 
* Quota exceeded for metric: generativelanguage.googleapis.com/generate_content_free_tier_requests, limit: 20, model: gemini-2.5-flash
Please retry in 20.917204431s. [links {
  description: "Learn more about Gemini API quotas"
  url: "https://ai.google.dev/gemini-api/docs/rate-limits"
}
, violations {
  quota_metric: "generativelanguage.googleapis.com/generate_content_free_tier_requests"
  quota_id: "GenerateRequestsPerDayPerProjectPerModel-FreeTier"
  quota_dimensions {
    key: "model"
    value: "gemini-2.5-flash"
  }
  quota_dimensions {
    key: "location"
    value: "global"
  }
  quota_value: 20
}
, retry_delay {
  seconds: 20
}
]
2025-12-19 16:16:39.599 | INFO     | __main__:processar_oferta:160 - 📥 Adicionado à fila. Posição: 16
2025-12-19 16:16:40.304 | INFO     | __main__:processar_oferta:137 - 🔎 Captado: SHOPEE
2025-12-19 16:16:40.594 | ERROR    | src.core.ai_brain:gerar_legenda:69 - ⚠️ Erro na IA: 429 You exceeded your current quota, please check your plan and billing details. For more information on this error, head to: https://ai.google.dev/gemini-api/docs/rate-limits. To monitor your current usage, head to: https://ai.dev/usage?tab=rate-limit. 
* Quota exceeded for metric: generativelanguage.googleapis.com/generate_content_free_tier_requests, limit: 20, model: gemini-2.5-flash
Please retry in 19.407875028s. [links {
  description: "Learn more about Gemini API quotas"
  url: "https://ai.google.dev/gemini-api/docs/rate-limits"
}
, violations {
  quota_metric: "generativelanguage.googleapis.com/generate_content_free_tier_requests"
  quota_id: "GenerateRequestsPerDayPerProjectPerModel-FreeTier"
  quota_dimensions {
    key: "model"
    value: "gemini-2.5-flash"
  }
  quota_dimensions {
    key: "location"
    value: "global"
  }
  quota_value: 20
}
, retry_delay {
  seconds: 19
}
]
2025-12-19 16:16:41.109 | INFO     | __main__:processar_oferta:160 - 📥 Adicionado à fila. Posição: 17
2025-12-19 16:16:41.818 | INFO     | __main__:processar_oferta:137 - 🔎 Captado: SHOPEE
2025-12-19 16:16:42.078 | ERROR    | src.core.ai_brain:gerar_legenda:69 - ⚠️ Erro na IA: 429 You exceeded your current quota, please check your plan and billing details. For more information on this error, head to: https://ai.google.dev/gemini-api/docs/rate-limits. To monitor your current usage, head to: https://ai.dev/usage?tab=rate-limit. 
* Quota exceeded for metric: generativelanguage.googleapis.com/generate_content_free_tier_requests, limit: 20, model: gemini-2.5-flash
Please retry in 17.922486349s. [links {
  description: "Learn more about Gemini API quotas"
  url: "https://ai.google.dev/gemini-api/docs/rate-limits"
}
, violations {
  quota_metric: "generativelanguage.googleapis.com/generate_content_free_tier_requests"
  quota_id: "GenerateRequestsPerDayPerProjectPerModel-FreeTier"
  quota_dimensions {
    key: "model"
    value: "gemini-2.5-flash"
  }
  quota_dimensions {
    key: "location"
    value: "global"
  }
  quota_value: 20
}
, retry_delay {
  seconds: 17
}
]
2025-12-19 16:16:42.590 | INFO     | __main__:processar_oferta:160 - 📥 Adicionado à fila. Posição: 18
2025-12-19 16:16:44.923 | INFO     | __main__:trabalhador_da_fila:74 - 🚀 Enviando da fila: NETSHOES
2025-12-19 16:16:48.096 | SUCCESS  | src.infrastructure.whatsapp_client:enviar_oferta:53 - ✅ Mídia enviada (/send/media) para 120363422860849054@g.us
2025-12-19 16:16:48.096 | SUCCESS  | __main__:trabalhador_da_fila:80 - 📱 WhatsApp OK! (Fila: 17 restantes)
2025-12-19 16:16:48.096 | INFO     | __main__:trabalhador_da_fila:104 - ⏳ Twitter em pausa (Cooldown 429).
2025-12-19 16:16:49.109 | INFO     | __main__:trabalhador_da_fila:115 - ⏳ Aguardando 3 minutos...
2025-12-19 16:17:24.264 | WARNING  | __main__:processar_oferta:134 - 🚫 Bloqueado: None
2025-12-19 16:19:49.111 | INFO     | __main__:trabalhador_da_fila:74 - 🚀 Enviando da fila: SHOPEE
2025-12-19 16:19:51.209 | SUCCESS  | src.infrastructure.whatsapp_client:enviar_oferta:83 - 📱 Texto Simples enviado para 120363422860849054@g.us
2025-12-19 16:19:51.210 | SUCCESS  | __main__:trabalhador_da_fila:80 - 📱 WhatsApp OK! (Fila: 16 restantes)
2025-12-19 16:19:51.210 | INFO     | __main__:trabalhador_da_fila:104 - ⏳ Twitter em pausa (Cooldown 429).
2025-12-19 16:19:51.211 | INFO     | __main__:trabalhador_da_fila:115 - ⏳ Aguardando 3 minutos...
2025-12-19 16:20:34.626 | INFO     | __main__:processar_oferta:137 - 🔎 Captado: SHOPEE
2025-12-19 16:20:34.807 | INFO     | __main__:processar_oferta:137 - 🔎 Captado: AMAZON
2025-12-19 16:20:34.910 | ERROR    | src.core.ai_brain:gerar_legenda:69 - ⚠️ Erro na IA: 429 You exceeded your current quota, please check your plan and billing details. For more information on this error, head to: https://ai.google.dev/gemini-api/docs/rate-limits. To monitor your current usage, head to: https://ai.dev/usage?tab=rate-limit. 
* Quota exceeded for metric: generativelanguage.googleapis.com/generate_content_free_tier_requests, limit: 20, model: gemini-2.5-flash
Please retry in 25.086803149s. [links {
  description: "Learn more about Gemini API quotas"
  url: "https://ai.google.dev/gemini-api/docs/rate-limits"
}
, violations {
  quota_metric: "generativelanguage.googleapis.com/generate_content_free_tier_requests"
  quota_id: "GenerateRequestsPerDayPerProjectPerModel-FreeTier"
  quota_dimensions {
    key: "model"
    value: "gemini-2.5-flash"
  }
  quota_dimensions {
    key: "location"
    value: "global"
  }
  quota_value: 20
}
, retry_delay {
  seconds: 25
}
]
2025-12-19 16:20:35.222 | INFO     | __main__:processar_oferta:160 - 📥 Adicionado à fila. Posição: 17
2025-12-19 16:20:35.559 | ERROR    | src.core.ai_brain:gerar_legenda:69 - ⚠️ Erro na IA: 429 You exceeded your current quota, please check your plan and billing details. For more information on this error, head to: https://ai.google.dev/gemini-api/docs/rate-limits. To monitor your current usage, head to: https://ai.dev/usage?tab=rate-limit. 
* Quota exceeded for metric: generativelanguage.googleapis.com/generate_content_free_tier_requests, limit: 20, model: gemini-2.5-flash
Please retry in 24.439635511s. [links {
  description: "Learn more about Gemini API quotas"
  url: "https://ai.google.dev/gemini-api/docs/rate-limits"
}
, violations {
  quota_metric: "generativelanguage.googleapis.com/generate_content_free_tier_requests"
  quota_id: "GenerateRequestsPerDayPerProjectPerModel-FreeTier"
  quota_dimensions {
    key: "model"
    value: "gemini-2.5-flash"
  }
  quota_dimensions {
    key: "location"
    value: "global"
  }
  quota_value: 20
}
, retry_delay {
  seconds: 24
}
]
2025-12-19 16:20:36.408 | INFO     | __main__:processar_oferta:160 - 📥 Adicionado à fila. Posição: 18
2025-12-19 16:21:34.041 | WARNING  | __main__:processar_oferta:134 - 🚫 Bloqueado: None
2025-12-19 16:21:34.126 | WARNING  | __main__:processar_oferta:134 - 🚫 Bloqueado: None
2025-12-19 16:22:51.214 | INFO     | __main__:trabalhador_da_fila:74 - 🚀 Enviando da fila: AMAZON
2025-12-19 16:22:53.692 | SUCCESS  | src.infrastructure.whatsapp_client:enviar_oferta:53 - ✅ Mídia enviada (/send/media) para 120363422860849054@g.us
2025-12-19 16:22:53.693 | SUCCESS  | __main__:trabalhador_da_fila:80 - 📱 WhatsApp OK! (Fila: 17 restantes)
2025-12-19 16:22:53.693 | INFO     | __main__:trabalhador_da_fila:104 - ⏳ Twitter em pausa (Cooldown 429).
2025-12-19 16:22:54.700 | INFO     | __main__:trabalhador_da_fila:115 - ⏳ Aguardando 3 minutos...
2025-12-19 16:24:35.105 | WARNING  | __main__:processar_oferta:134 - 🚫 Bloqueado: None
2025-12-19 16:25:34.622 | INFO     | __main__:processar_oferta:137 - 🔎 Captado: AMAZON
2025-12-19 16:25:35.698 | ERROR    | src.core.ai_brain:gerar_legenda:69 - ⚠️ Erro na IA: 429 You exceeded your current quota, please check your plan and billing details. For more information on this error, head to: https://ai.google.dev/gemini-api/docs/rate-limits. To monitor your current usage, head to: https://ai.dev/usage?tab=rate-limit. 
* Quota exceeded for metric: generativelanguage.googleapis.com/generate_content_free_tier_requests, limit: 20, model: gemini-2.5-flash
Please retry in 24.302139133s. [links {
  description: "Learn more about Gemini API quotas"
  url: "https://ai.google.dev/gemini-api/docs/rate-limits"
}
, violations {
  quota_metric: "generativelanguage.googleapis.com/generate_content_free_tier_requests"
  quota_id: "GenerateRequestsPerDayPerProjectPerModel-FreeTier"
  quota_dimensions {
    key: "model"
    value: "gemini-2.5-flash"
  }
  quota_dimensions {
    key: "location"
    value: "global"
  }
  quota_value: 20
}
, retry_delay {
  seconds: 24
}
]
2025-12-19 16:25:36.785 | INFO     | __main__:processar_oferta:160 - 📥 Adicionado à fila. Posição: 18
2025-12-19 16:25:54.705 | INFO     | __main__:trabalhador_da_fila:74 - 🚀 Enviando da fila: SHOPEE
2025-12-19 16:25:55.379 | SUCCESS  | src.infrastructure.whatsapp_client:enviar_oferta:83 - 📱 Texto Simples enviado para 120363422860849054@g.us
2025-12-19 16:25:55.380 | SUCCESS  | __main__:trabalhador_da_fila:80 - 📱 WhatsApp OK! (Fila: 17 restantes)
2025-12-19 16:25:55.380 | INFO     | __main__:trabalhador_da_fila:104 - ⏳ Twitter em pausa (Cooldown 429).
2025-12-19 16:25:55.380 | INFO     | __main__:trabalhador_da_fila:115 - ⏳ Aguardando 3 minutos...
2025-12-19 16:26:34.859 | INFO     | __main__:processar_oferta:137 - 🔎 Captado: AMAZON
2025-12-19 16:26:35.827 | ERROR    | src.core.ai_brain:gerar_legenda:69 - ⚠️ Erro na IA: 429 You exceeded your current quota, please check your plan and billing details. For more information on this error, head to: https://ai.google.dev/gemini-api/docs/rate-limits. To monitor your current usage, head to: https://ai.dev/usage?tab=rate-limit. 
* Quota exceeded for metric: generativelanguage.googleapis.com/generate_content_free_tier_requests, limit: 20, model: gemini-2.5-flash
Please retry in 24.171091638s. [links {
  description: "Learn more about Gemini API quotas"
  url: "https://ai.google.dev/gemini-api/docs/rate-limits"
}
, violations {
  quota_metric: "generativelanguage.googleapis.com/generate_content_free_tier_requests"
  quota_id: "GenerateRequestsPerDayPerProjectPerModel-FreeTier"
  quota_dimensions {
    key: "model"
    value: "gemini-2.5-flash"
  }
  quota_dimensions {
    key: "location"
    value: "global"
  }
  quota_value: 20
}
, retry_delay {
  seconds: 24
}
]
2025-12-19 16:26:36.578 | INFO     | __main__:processar_oferta:160 - 📥 Adicionado à fila. Posição: 18
2025-12-19 16:28:34.259 | WARNING  | __main__:processar_oferta:134 - 🚫 Bloqueado: None
2025-12-19 16:28:55.386 | INFO     | __main__:trabalhador_da_fila:74 - 🚀 Enviando da fila: AMAZON
2025-12-19 16:28:58.689 | SUCCESS  | src.infrastructure.whatsapp_client:enviar_oferta:53 - ✅ Mídia enviada (/send/media) para 120363422860849054@g.us
2025-12-19 16:28:58.690 | SUCCESS  | __main__:trabalhador_da_fila:80 - 📱 WhatsApp OK! (Fila: 17 restantes)
2025-12-19 16:29:20.270 | WARNING  | __main__:trabalhador_da_fila:102 - 🐦 Erro Twitter: HTTPSConnectionPool(host='api.twitter.com', port=443): Read timed out. (read timeout=None)
2025-12-19 16:29:20.277 | INFO     | __main__:trabalhador_da_fila:115 - ⏳ Aguardando 3 minutos...
2025-12-19 16:30:57.837 | INFO     | __main__:<module>:21 - 🐭 RATO GARIMPEIRO (MODO AGRESSIVO) ATIVADO!
2025-12-19 16:30:57.839 | SUCCESS  | __main__:<module>:29 - ✅ Core OK!
2025-12-19 16:30:57.839 | SUCCESS  | __main__:<module>:44 - 🐦 X OK!
2025-12-19 16:30:59.688 | SUCCESS  | __main__:main:190 - 🚀 Rodando em 34 fontes.
2025-12-19 16:32:33.353 | INFO     | __main__:processar_oferta:153 - 🔎 Captado: AMAZON
2025-12-19 16:32:33.760 | INFO     | __main__:processar_oferta:153 - 🔎 Captado: AMAZON
2025-12-19 16:32:33.978 | INFO     | __main__:processar_oferta:171 - 📥 Adicionado à fila. Posição: 1
2025-12-19 16:32:33.978 | INFO     | __main__:trabalhador_da_fila:81 - 🤖 Gerando legenda 'Vendedor Agressivo' para: AMAZON...
2025-12-19 16:32:34.088 | INFO     | __main__:processar_oferta:153 - 🔎 Captado: AMAZON
2025-12-19 16:32:34.349 | WARNING  | __main__:processar_oferta:150 - 🚫 Bloqueado: MERCADO LIVRE
2025-12-19 16:32:34.404 | WARNING  | src.core.ai_brain:gerar_legenda:61 - ⏳ Cota IA cheia. Esperando 30s... (Tentativa 1/3)
2025-12-19 16:32:34.904 | INFO     | src.core.amazon_image:baixar_imagem_amazon:42 - 📸 Baixando imagem HD: https://m.media-amazon.com/images/I/61KecCIiU3L.jpg
2025-12-19 16:32:35.300 | SUCCESS  | src.core.amazon_image:baixar_imagem_amazon:53 - 🖼️ Imagem Amazon HD capturada!
2025-12-19 16:32:35.300 | INFO     | __main__:processar_oferta:171 - 📥 Adicionado à fila. Posição: 1
2025-12-19 16:32:37.747 | INFO     | __main__:processar_oferta:171 - 📥 Adicionado à fila. Posição: 2
2025-12-19 16:32:43.696 | INFO     | __main__:processar_oferta:153 - 🔎 Captado: AMAZON
2025-12-19 16:32:44.284 | INFO     | __main__:processar_oferta:171 - 📥 Adicionado à fila. Posição: 3
2025-12-19 16:33:04.679 | WARNING  | src.core.ai_brain:gerar_legenda:61 - ⏳ Cota IA cheia. Esperando 30s... (Tentativa 2/3)
2025-12-19 16:33:18.874 | INFO     | __main__:processar_oferta:153 - 🔎 Captado: SHOPEE
2025-12-19 16:33:19.257 | INFO     | __main__:processar_oferta:171 - 📥 Adicionado à fila. Posição: 4
2025-12-19 16:33:19.959 | INFO     | __main__:processar_oferta:153 - 🔎 Captado: SHOPEE
2025-12-19 16:33:20.433 | INFO     | __main__:processar_oferta:171 - 📥 Adicionado à fila. Posição: 5
2025-12-19 16:33:34.951 | WARNING  | src.core.ai_brain:gerar_legenda:61 - ⏳ Cota IA cheia. Esperando 30s... (Tentativa 3/3)
2025-12-19 16:34:04.955 | INFO     | __main__:trabalhador_da_fila:88 - 🚀 Enviando oferta processada: AMAZON
2025-12-19 16:34:07.662 | SUCCESS  | src.infrastructure.whatsapp_client:enviar_oferta:53 - ✅ Mídia enviada (/send/media) para 120363422860849054@g.us
2025-12-19 16:34:07.663 | SUCCESS  | __main__:trabalhador_da_fila:94 - 📱 WhatsApp OK! (Fila: 5 restantes)
2025-12-19 16:34:08.175 | WARNING  | __main__:trabalhador_da_fila:112 - ⛔ Twitter 429 (Muitas requisições). Pausando X por 30min.
2025-12-19 16:34:09.191 | INFO     | __main__:trabalhador_da_fila:131 - ⏳ Aguardando 3 minutos para a próxima...
2025-12-19 16:36:01.841 | INFO     | __main__:<module>:21 - 🐭 RATO GARIMPEIRO (MODO AGRESSIVO) ATIVADO!
2025-12-19 16:36:02.160 | SUCCESS  | src.core.ai_brain:__init__:25 - 🤖 Cérebro Híbrido: Gemini + Groq Ativados!
2025-12-19 16:36:02.160 | SUCCESS  | __main__:<module>:29 - ✅ Core OK!
2025-12-19 16:36:02.161 | SUCCESS  | __main__:<module>:44 - 🐦 X OK!
2025-12-19 16:36:03.862 | SUCCESS  | __main__:main:190 - 🚀 Rodando em 34 fontes.
2025-12-19 16:36:11.013 | INFO     | __main__:<module>:21 - 🐭 RATO GARIMPEIRO (MODO AGRESSIVO) ATIVADO!
2025-12-19 16:36:11.336 | SUCCESS  | src.core.ai_brain:__init__:25 - 🤖 Cérebro Híbrido: Gemini + Groq Ativados!
2025-12-19 16:36:11.336 | SUCCESS  | __main__:<module>:29 - ✅ Core OK!
2025-12-19 16:36:11.336 | SUCCESS  | __main__:<module>:44 - 🐦 X OK!
2025-12-19 16:36:13.111 | SUCCESS  | __main__:main:190 - 🚀 Rodando em 34 fontes.
2025-12-19 16:37:13.339 | WARNING  | __main__:processar_oferta:150 - 🚫 Bloqueado: None
2025-12-19 16:38:15.246 | INFO     | __main__:processar_oferta:153 - 🔎 Captado: AMAZON
2025-12-19 16:38:16.415 | INFO     | __main__:processar_oferta:171 - 📥 Adicionado à fila. Posição: 1
2025-12-19 16:38:16.416 | INFO     | __main__:trabalhador_da_fila:81 - 🤖 Gerando legenda 'Vendedor Agressivo' para: AMAZON...
2025-12-19 16:38:16.890 | WARNING  | src.core.ai_brain:gerar_legenda:42 - ⚠️ Gemini falhou (429 You exceeded your current quota, please check your plan and billing details. For more information on this error, head to: https://ai.google.dev/gemini-api/docs/rate-limits. To monitor your current usage, head to: https://ai.dev/usage?tab=rate-limit. 
* Quota exceeded for metric: generativelanguage.googleapis.com/generate_content_free_tier_requests, limit: 20, model: gemini-2.5-flash
Please retry in 43.106829838s. [links {
  description: "Learn more about Gemini API quotas"
  url: "https://ai.google.dev/gemini-api/docs/rate-limits"
}
, violations {
  quota_metric: "generativelanguage.googleapis.com/generate_content_free_tier_requests"
  quota_id: "GenerateRequestsPerDayPerProjectPerModel-FreeTier"
  quota_dimensions {
    key: "model"
    value: "gemini-2.5-flash"
  }
  quota_dimensions {
    key: "location"
    value: "global"
  }
  quota_value: 20
}
, retry_delay {
  seconds: 43
}
]). Tentando Groq...
2025-12-19 16:38:17.084 | ERROR    | src.core.ai_brain:gerar_legenda:63 - ❌ Groq também falhou: Error code: 400 - {'error': {'message': 'The model `llama3-70b-8192` has been decommissioned and is no longer supported. Please refer to https://console.groq.com/docs/deprecations for a recommendation on which model to use instead.', 'type': 'invalid_request_error', 'code': 'model_decommissioned'}}
2025-12-19 16:38:17.084 | INFO     | __main__:trabalhador_da_fila:88 - 🚀 Enviando oferta processada: AMAZON
2025-12-19 16:38:19.852 | SUCCESS  | src.infrastructure.whatsapp_client:enviar_oferta:53 - ✅ Mídia enviada (/send/media) para 120363422860849054@g.us
2025-12-19 16:38:19.852 | SUCCESS  | __main__:trabalhador_da_fila:94 - 📱 WhatsApp OK! (Fila: 0 restantes)
2025-12-19 16:38:20.397 | WARNING  | __main__:trabalhador_da_fila:112 - ⛔ Twitter 429 (Muitas requisições). Pausando X por 30min.
2025-12-19 16:38:21.409 | INFO     | __main__:trabalhador_da_fila:131 - ⏳ Aguardando 3 minutos para a próxima...
2025-12-19 16:39:43.998 | WARNING  | __main__:processar_oferta:150 - 🚫 Bloqueado: None
2025-12-19 16:39:44.030 | INFO     | __main__:processar_oferta:153 - 🔎 Captado: AMAZON
2025-12-19 16:39:44.576 | INFO     | __main__:processar_oferta:171 - 📥 Adicionado à fila. Posição: 1
2025-12-19 16:39:44.769 | WARNING  | __main__:processar_oferta:150 - 🚫 Bloqueado: None
2025-12-19 16:40:04.843 | INFO     | __main__:<module>:21 - 🐭 RATO GARIMPEIRO (MODO AGRESSIVO) ATIVADO!
2025-12-19 16:40:05.208 | SUCCESS  | src.core.ai_brain:__init__:26 - 🤖 Cérebro Híbrido: Gemini + Groq (Backup) Ativados!
2025-12-19 16:40:05.208 | SUCCESS  | __main__:<module>:29 - ✅ Core OK!
2025-12-19 16:40:05.208 | SUCCESS  | __main__:<module>:44 - 🐦 X OK!
2025-12-19 16:40:06.857 | SUCCESS  | __main__:main:190 - 🚀 Rodando em 34 fontes.
2025-12-19 16:40:23.000 | WARNING  | __main__:processar_oferta:150 - 🚫 Bloqueado: None
2025-12-19 16:40:23.409 | WARNING  | __main__:processar_oferta:150 - 🚫 Bloqueado: None
2025-12-19 16:43:06.881 | INFO     | __main__:processar_oferta:153 - 🔎 Captado: AMAZON
2025-12-19 16:43:07.669 | INFO     | __main__:processar_oferta:171 - 📥 Adicionado à fila. Posição: 1
2025-12-19 16:43:07.669 | INFO     | __main__:trabalhador_da_fila:81 - 🤖 Gerando legenda 'Vendedor Agressivo' para: AMAZON...
2025-12-19 16:43:08.103 | WARNING  | src.core.ai_brain:gerar_legenda:43 - ⚠️ Gemini falhou/cota cheia (429 You exceeded your current quota, please check your plan and billing details. For more information on this error, head to: https://ai.google.dev/gemini-api/docs/rate-limits. To monitor your current usage, head to: https://ai.dev/usage?tab=rate-limit. 
* Quota exceeded for metric: generativelanguage.googleapis.com/generate_content_free_tier_requests, limit: 20, model: gemini-2.5-flash
Please retry in 51.890670631s. [links {
  description: "Learn more about Gemini API quotas"
  url: "https://ai.google.dev/gemini-api/docs/rate-limits"
}
, violations {
  quota_metric: "generativelanguage.googleapis.com/generate_content_free_tier_requests"
  quota_id: "GenerateRequestsPerDayPerProjectPerModel-FreeTier"
  quota_dimensions {
    key: "model"
    value: "gemini-2.5-flash"
  }
  quota_dimensions {
    key: "location"
    value: "global"
  }
  quota_value: 20
}
, retry_delay {
  seconds: 51
}
]). Acionando Groq...
2025-12-19 16:43:08.952 | INFO     | __main__:trabalhador_da_fila:88 - 🚀 Enviando oferta processada: AMAZON
2025-12-19 16:43:11.471 | SUCCESS  | src.infrastructure.whatsapp_client:enviar_oferta:53 - ✅ Mídia enviada (/send/media) para 120363422860849054@g.us
2025-12-19 16:43:11.472 | SUCCESS  | __main__:trabalhador_da_fila:94 - 📱 WhatsApp OK! (Fila: 0 restantes)
2025-12-19 16:43:12.088 | WARNING  | __main__:trabalhador_da_fila:112 - ⛔ Twitter 429 (Muitas requisições). Pausando X por 30min.
2025-12-19 16:43:13.090 | INFO     | __main__:trabalhador_da_fila:131 - ⏳ Aguardando 3 minutos para a próxima...
2025-12-19 16:45:23.969 | WARNING  | __main__:processar_oferta:150 - 🚫 Bloqueado: MERCADO LIVRE
2025-12-19 16:46:07.107 | INFO     | __main__:processar_oferta:153 - 🔎 Captado: AMAZON
2025-12-19 16:46:07.677 | INFO     | __main__:processar_oferta:171 - 📥 Adicionado à fila. Posição: 1
2025-12-19 16:46:13.105 | INFO     | __main__:trabalhador_da_fila:81 - 🤖 Gerando legenda 'Vendedor Agressivo' para: AMAZON...
2025-12-19 16:46:13.391 | WARNING  | src.core.ai_brain:gerar_legenda:43 - ⚠️ Gemini falhou/cota cheia (429 You exceeded your current quota, please check your plan and billing details. For more information on this error, head to: https://ai.google.dev/gemini-api/docs/rate-limits. To monitor your current usage, head to: https://ai.dev/usage?tab=rate-limit. 
* Quota exceeded for metric: generativelanguage.googleapis.com/generate_content_free_tier_requests, limit: 20, model: gemini-2.5-flash
Please retry in 46.604703412s. [links {
  description: "Learn more about Gemini API quotas"
  url: "https://ai.google.dev/gemini-api/docs/rate-limits"
}
, violations {
  quota_metric: "generativelanguage.googleapis.com/generate_content_free_tier_requests"
  quota_id: "GenerateRequestsPerDayPerProjectPerModel-FreeTier"
  quota_dimensions {
    key: "model"
    value: "gemini-2.5-flash"
  }
  quota_dimensions {
    key: "location"
    value: "global"
  }
  quota_value: 20
}
, retry_delay {
  seconds: 46
}
]). Acionando Groq...
2025-12-19 16:46:13.968 | INFO     | __main__:trabalhador_da_fila:88 - 🚀 Enviando oferta processada: AMAZON
2025-12-19 16:46:16.379 | SUCCESS  | src.infrastructure.whatsapp_client:enviar_oferta:53 - ✅ Mídia enviada (/send/media) para 120363422860849054@g.us
2025-12-19 16:46:16.379 | SUCCESS  | __main__:trabalhador_da_fila:94 - 📱 WhatsApp OK! (Fila: 0 restantes)
2025-12-19 16:46:16.380 | INFO     | __main__:trabalhador_da_fila:117 - ⏳ Twitter em cooldown (429). Pulando envio.
2025-12-19 16:46:17.390 | INFO     | __main__:trabalhador_da_fila:131 - ⏳ Aguardando 3 minutos para a próxima...
2025-12-19 16:47:08.075 | WARNING  | src.core.link_router:resolver_link_real:28 - ⚠️ Erro ao resolver link https://tidd.ly/3LdgYeV: Request URL has an unsupported protocol 'itms-appss://'.
2025-12-19 16:47:08.076 | WARNING  | __main__:processar_oferta:150 - 🚫 Bloqueado: None
2025-12-19 16:48:06.969 | INFO     | __main__:processar_oferta:153 - 🔎 Captado: AMAZON
2025-12-19 16:48:07.448 | INFO     | __main__:processar_oferta:171 - 📥 Adicionado à fila. Posição: 1
2025-12-19 16:48:08.999 | INFO     | __main__:processar_oferta:153 - 🔎 Captado: AMAZON
2025-12-19 16:48:10.094 | INFO     | __main__:processar_oferta:171 - 📥 Adicionado à fila. Posição: 2
2025-12-19 16:49:07.401 | INFO     | __main__:processar_oferta:153 - 🔎 Captado: AMAZON
2025-12-19 16:49:07.689 | WARNING  | __main__:processar_oferta:150 - 🚫 Bloqueado: None
2025-12-19 16:49:07.951 | INFO     | __main__:processar_oferta:171 - 📥 Adicionado à fila. Posição: 3
2025-12-19 16:49:09.963 | INFO     | __main__:processar_oferta:153 - 🔎 Captado: AMAZON
2025-12-19 16:49:10.570 | INFO     | __main__:processar_oferta:171 - 📥 Adicionado à fila. Posição: 4
2025-12-19 16:49:17.392 | INFO     | __main__:trabalhador_da_fila:81 - 🤖 Gerando legenda 'Vendedor Agressivo' para: AMAZON...
2025-12-19 16:49:17.902 | WARNING  | src.core.ai_brain:gerar_legenda:43 - ⚠️ Gemini falhou/cota cheia (429 You exceeded your current quota, please check your plan and billing details. For more information on this error, head to: https://ai.google.dev/gemini-api/docs/rate-limits. To monitor your current usage, head to: https://ai.dev/usage?tab=rate-limit. 
* Quota exceeded for metric: generativelanguage.googleapis.com/generate_content_free_tier_requests, limit: 20, model: gemini-2.5-flash
Please retry in 42.084747966s. [links {
  description: "Learn more about Gemini API quotas"
  url: "https://ai.google.dev/gemini-api/docs/rate-limits"
}
, violations {
  quota_metric: "generativelanguage.googleapis.com/generate_content_free_tier_requests"
  quota_id: "GenerateRequestsPerDayPerProjectPerModel-FreeTier"
  quota_dimensions {
    key: "model"
    value: "gemini-2.5-flash"
  }
  quota_dimensions {
    key: "location"
    value: "global"
  }
  quota_value: 20
}
, retry_delay {
  seconds: 42
}
]). Acionando Groq...
2025-12-19 16:49:18.514 | INFO     | __main__:trabalhador_da_fila:88 - 🚀 Enviando oferta processada: AMAZON
2025-12-19 16:49:20.850 | SUCCESS  | src.infrastructure.whatsapp_client:enviar_oferta:53 - ✅ Mídia enviada (/send/media) para 120363422860849054@g.us
2025-12-19 16:49:20.851 | SUCCESS  | __main__:trabalhador_da_fila:94 - 📱 WhatsApp OK! (Fila: 3 restantes)
2025-12-19 16:49:20.851 | INFO     | __main__:trabalhador_da_fila:117 - ⏳ Twitter em cooldown (429). Pulando envio.
2025-12-19 16:49:21.874 | INFO     | __main__:trabalhador_da_fila:131 - ⏳ Aguardando 3 minutos para a próxima...
2025-12-19 16:50:06.860 | WARNING  | __main__:processar_oferta:150 - 🚫 Bloqueado: None
2025-12-19 16:50:07.386 | WARNING  | __main__:processar_oferta:150 - 🚫 Bloqueado: None
2025-12-19 16:50:07.554 | WARNING  | __main__:processar_oferta:150 - 🚫 Bloqueado: None
2025-12-19 16:52:07.193 | INFO     | __main__:processar_oferta:153 - 🔎 Captado: AMAZON
2025-12-19 16:52:08.365 | INFO     | __main__:processar_oferta:171 - 📥 Adicionado à fila. Posição: 4
2025-12-19 16:52:21.889 | INFO     | __main__:trabalhador_da_fila:81 - 🤖 Gerando legenda 'Vendedor Agressivo' para: AMAZON...
2025-12-19 16:52:22.167 | WARNING  | src.core.ai_brain:gerar_legenda:43 - ⚠️ Gemini falhou/cota cheia (429 You exceeded your current quota, please check your plan and billing details. For more information on this error, head to: https://ai.google.dev/gemini-api/docs/rate-limits. To monitor your current usage, head to: https://ai.dev/usage?tab=rate-limit. 
* Quota exceeded for metric: generativelanguage.googleapis.com/generate_content_free_tier_requests, limit: 20, model: gemini-2.5-flash
Please retry in 37.825308147s. [links {
  description: "Learn more about Gemini API quotas"
  url: "https://ai.google.dev/gemini-api/docs/rate-limits"
}
, violations {
  quota_metric: "generativelanguage.googleapis.com/generate_content_free_tier_requests"
  quota_id: "GenerateRequestsPerDayPerProjectPerModel-FreeTier"
  quota_dimensions {
    key: "model"
    value: "gemini-2.5-flash"
  }
  quota_dimensions {
    key: "location"
    value: "global"
  }
  quota_value: 20
}
, retry_delay {
  seconds: 37
}
]). Acionando Groq...
2025-12-19 16:52:22.701 | INFO     | __main__:trabalhador_da_fila:88 - 🚀 Enviando oferta processada: AMAZON
2025-12-19 16:52:26.407 | SUCCESS  | src.infrastructure.whatsapp_client:enviar_oferta:53 - ✅ Mídia enviada (/send/media) para 120363422860849054@g.us
2025-12-19 16:52:26.407 | SUCCESS  | __main__:trabalhador_da_fila:94 - 📱 WhatsApp OK! (Fila: 3 restantes)
2025-12-19 16:52:26.408 | INFO     | __main__:trabalhador_da_fila:117 - ⏳ Twitter em cooldown (429). Pulando envio.
2025-12-19 16:52:27.414 | INFO     | __main__:trabalhador_da_fila:131 - ⏳ Aguardando 3 minutos para a próxima...
2025-12-19 16:53:07.180 | WARNING  | __main__:processar_oferta:150 - 🚫 Bloqueado: None
2025-12-19 16:55:07.215 | INFO     | __main__:processar_oferta:153 - 🔎 Captado: AMAZON
2025-12-19 16:55:08.575 | INFO     | __main__:processar_oferta:171 - 📥 Adicionado à fila. Posição: 4
2025-12-19 16:55:27.424 | INFO     | __main__:trabalhador_da_fila:81 - 🤖 Gerando legenda 'Vendedor Agressivo' para: AMAZON...
2025-12-19 16:55:27.695 | WARNING  | src.core.ai_brain:gerar_legenda:43 - ⚠️ Gemini falhou/cota cheia (429 You exceeded your current quota, please check your plan and billing details. For more information on this error, head to: https://ai.google.dev/gemini-api/docs/rate-limits. To monitor your current usage, head to: https://ai.dev/usage?tab=rate-limit. 
* Quota exceeded for metric: generativelanguage.googleapis.com/generate_content_free_tier_requests, limit: 20, model: gemini-2.5-flash
Please retry in 32.292384343s. [links {
  description: "Learn more about Gemini API quotas"
  url: "https://ai.google.dev/gemini-api/docs/rate-limits"
}
, violations {
  quota_metric: "generativelanguage.googleapis.com/generate_content_free_tier_requests"
  quota_id: "GenerateRequestsPerDayPerProjectPerModel-FreeTier"
  quota_dimensions {
    key: "model"
    value: "gemini-2.5-flash"
  }
  quota_dimensions {
    key: "location"
    value: "global"
  }
  quota_value: 20
}
, retry_delay {
  seconds: 32
}
]). Acionando Groq...
2025-12-19 16:55:28.295 | INFO     | __main__:trabalhador_da_fila:88 - 🚀 Enviando oferta processada: AMAZON
2025-12-19 16:55:30.609 | SUCCESS  | src.infrastructure.whatsapp_client:enviar_oferta:53 - ✅ Mídia enviada (/send/media) para 120363422860849054@g.us
2025-12-19 16:55:30.609 | SUCCESS  | __main__:trabalhador_da_fila:94 - 📱 WhatsApp OK! (Fila: 3 restantes)
2025-12-19 16:55:30.610 | INFO     | __main__:trabalhador_da_fila:117 - ⏳ Twitter em cooldown (429). Pulando envio.
2025-12-19 16:55:31.617 | INFO     | __main__:trabalhador_da_fila:131 - ⏳ Aguardando 3 minutos para a próxima...
2025-12-19 16:58:07.258 | INFO     | __main__:processar_oferta:153 - 🔎 Captado: ALIEXPRESS
2025-12-19 16:58:08.066 | INFO     | __main__:processar_oferta:171 - 📥 Adicionado à fila. Posição: 4
2025-12-19 16:58:31.629 | INFO     | __main__:trabalhador_da_fila:81 - 🤖 Gerando legenda 'Vendedor Agressivo' para: AMAZON...
2025-12-19 16:58:31.917 | WARNING  | src.core.ai_brain:gerar_legenda:43 - ⚠️ Gemini falhou/cota cheia (429 You exceeded your current quota, please check your plan and billing details. For more information on this error, head to: https://ai.google.dev/gemini-api/docs/rate-limits. To monitor your current usage, head to: https://ai.dev/usage?tab=rate-limit. 
* Quota exceeded for metric: generativelanguage.googleapis.com/generate_content_free_tier_requests, limit: 20, model: gemini-2.5-flash
Please retry in 28.076992144s. [links {
  description: "Learn more about Gemini API quotas"
  url: "https://ai.google.dev/gemini-api/docs/rate-limits"
}
, violations {
  quota_metric: "generativelanguage.googleapis.com/generate_content_free_tier_requests"
  quota_id: "GenerateRequestsPerDayPerProjectPerModel-FreeTier"
  quota_dimensions {
    key: "model"
    value: "gemini-2.5-flash"
  }
  quota_dimensions {
    key: "location"
    value: "global"
  }
  quota_value: 20
}
, retry_delay {
  seconds: 28
}
]). Acionando Groq...
2025-12-19 16:58:32.348 | INFO     | __main__:trabalhador_da_fila:88 - 🚀 Enviando oferta processada: AMAZON
2025-12-19 16:58:35.046 | SUCCESS  | src.infrastructure.whatsapp_client:enviar_oferta:53 - ✅ Mídia enviada (/send/media) para 120363422860849054@g.us
2025-12-19 16:58:35.047 | SUCCESS  | __main__:trabalhador_da_fila:94 - 📱 WhatsApp OK! (Fila: 3 restantes)
2025-12-19 16:58:35.047 | INFO     | __main__:trabalhador_da_fila:117 - ⏳ Twitter em cooldown (429). Pulando envio.
2025-12-19 16:58:36.055 | INFO     | __main__:trabalhador_da_fila:131 - ⏳ Aguardando 3 minutos para a próxima...
2025-12-19 16:59:19.381 | WARNING  | __main__:processar_oferta:150 - 🚫 Bloqueado: None
2025-12-19 17:00:07.481 | WARNING  | __main__:processar_oferta:150 - 🚫 Bloqueado: MERCADO LIVRE
2025-12-19 17:01:07.293 | WARNING  | __main__:processar_oferta:150 - 🚫 Bloqueado: None
2025-12-19 17:01:07.471 | INFO     | __main__:processar_oferta:153 - 🔎 Captado: AMAZON
2025-12-19 17:01:08.910 | INFO     | __main__:processar_oferta:171 - 📥 Adicionado à fila. Posição: 4
2025-12-19 17:01:36.068 | INFO     | __main__:trabalhador_da_fila:81 - 🤖 Gerando legenda 'Vendedor Agressivo' para: AMAZON...
2025-12-19 17:01:36.361 | WARNING  | src.core.ai_brain:gerar_legenda:43 - ⚠️ Gemini falhou/cota cheia (429 You exceeded your current quota, please check your plan and billing details. For more information on this error, head to: https://ai.google.dev/gemini-api/docs/rate-limits. To monitor your current usage, head to: https://ai.dev/usage?tab=rate-limit. 
* Quota exceeded for metric: generativelanguage.googleapis.com/generate_content_free_tier_requests, limit: 20, model: gemini-2.5-flash
Please retry in 23.629276955s. [links {
  description: "Learn more about Gemini API quotas"
  url: "https://ai.google.dev/gemini-api/docs/rate-limits"
}
, violations {
  quota_metric: "generativelanguage.googleapis.com/generate_content_free_tier_requests"
  quota_id: "GenerateRequestsPerDayPerProjectPerModel-FreeTier"
  quota_dimensions {
    key: "model"
    value: "gemini-2.5-flash"
  }
  quota_dimensions {
    key: "location"
    value: "global"
  }
  quota_value: 20
}
, retry_delay {
  seconds: 23
}
]). Acionando Groq...
2025-12-19 17:01:37.064 | INFO     | __main__:trabalhador_da_fila:88 - 🚀 Enviando oferta processada: AMAZON
2025-12-19 17:01:39.607 | SUCCESS  | src.infrastructure.whatsapp_client:enviar_oferta:53 - ✅ Mídia enviada (/send/media) para 120363422860849054@g.us
2025-12-19 17:01:39.607 | SUCCESS  | __main__:trabalhador_da_fila:94 - 📱 WhatsApp OK! (Fila: 3 restantes)
2025-12-19 17:01:39.608 | INFO     | __main__:trabalhador_da_fila:117 - ⏳ Twitter em cooldown (429). Pulando envio.
2025-12-19 17:01:40.617 | INFO     | __main__:trabalhador_da_fila:131 - ⏳ Aguardando 3 minutos para a próxima...
2025-12-19 17:04:07.375 | INFO     | __main__:processar_oferta:153 - 🔎 Captado: AMAZON
2025-12-19 17:04:08.209 | INFO     | __main__:processar_oferta:171 - 📥 Adicionado à fila. Posição: 4
2025-12-19 17:04:40.630 | INFO     | __main__:trabalhador_da_fila:81 - 🤖 Gerando legenda 'Vendedor Agressivo' para: AMAZON...
2025-12-19 17:04:40.912 | WARNING  | src.core.ai_brain:gerar_legenda:43 - ⚠️ Gemini falhou/cota cheia (429 You exceeded your current quota, please check your plan and billing details. For more information on this error, head to: https://ai.google.dev/gemini-api/docs/rate-limits. To monitor your current usage, head to: https://ai.dev/usage?tab=rate-limit. 
* Quota exceeded for metric: generativelanguage.googleapis.com/generate_content_free_tier_requests, limit: 20, model: gemini-2.5-flash
Please retry in 19.074616586s. [links {
  description: "Learn more about Gemini API quotas"
  url: "https://ai.google.dev/gemini-api/docs/rate-limits"
}
, violations {
  quota_metric: "generativelanguage.googleapis.com/generate_content_free_tier_requests"
  quota_id: "GenerateRequestsPerDayPerProjectPerModel-FreeTier"
  quota_dimensions {
    key: "model"
    value: "gemini-2.5-flash"
  }
  quota_dimensions {
    key: "location"
    value: "global"
  }
  quota_value: 20
}
, retry_delay {
  seconds: 19
}
]). Acionando Groq...
2025-12-19 17:04:41.457 | INFO     | __main__:trabalhador_da_fila:88 - 🚀 Enviando oferta processada: AMAZON
2025-12-19 17:04:43.857 | SUCCESS  | src.infrastructure.whatsapp_client:enviar_oferta:53 - ✅ Mídia enviada (/send/media) para 120363422860849054@g.us
2025-12-19 17:04:43.858 | SUCCESS  | __main__:trabalhador_da_fila:94 - 📱 WhatsApp OK! (Fila: 3 restantes)
2025-12-19 17:04:43.858 | INFO     | __main__:trabalhador_da_fila:117 - ⏳ Twitter em cooldown (429). Pulando envio.
2025-12-19 17:04:44.864 | INFO     | __main__:trabalhador_da_fila:131 - ⏳ Aguardando 3 minutos para a próxima...
2025-12-19 17:06:07.350 | INFO     | __main__:processar_oferta:153 - 🔎 Captado: AMAZON
2025-12-19 17:06:07.709 | INFO     | __main__:processar_oferta:171 - 📥 Adicionado à fila. Posição: 4
2025-12-19 17:06:07.717 | WARNING  | __main__:processar_oferta:150 - 🚫 Bloqueado: MERCADO LIVRE
2025-12-19 17:07:09.027 | INFO     | __main__:processar_oferta:153 - 🔎 Captado: AMAZON
2025-12-19 17:07:10.121 | INFO     | __main__:processar_oferta:171 - 📥 Adicionado à fila. Posição: 5
2025-12-19 17:07:10.319 | WARNING  | __main__:processar_oferta:150 - 🚫 Bloqueado: None
2025-12-19 17:07:44.874 | INFO     | __main__:trabalhador_da_fila:81 - 🤖 Gerando legenda 'Vendedor Agressivo' para: ALIEXPRESS...
2025-12-19 17:07:45.164 | WARNING  | src.core.ai_brain:gerar_legenda:43 - ⚠️ Gemini falhou/cota cheia (429 You exceeded your current quota, please check your plan and billing details. For more information on this error, head to: https://ai.google.dev/gemini-api/docs/rate-limits. To monitor your current usage, head to: https://ai.dev/usage?tab=rate-limit. 
* Quota exceeded for metric: generativelanguage.googleapis.com/generate_content_free_tier_requests, limit: 20, model: gemini-2.5-flash
Please retry in 14.827501338s. [links {
  description: "Learn more about Gemini API quotas"
  url: "https://ai.google.dev/gemini-api/docs/rate-limits"
}
, violations {
  quota_metric: "generativelanguage.googleapis.com/generate_content_free_tier_requests"
  quota_id: "GenerateRequestsPerDayPerProjectPerModel-FreeTier"
  quota_dimensions {
    key: "model"
    value: "gemini-2.5-flash"
  }
  quota_dimensions {
    key: "location"
    value: "global"
  }
  quota_value: 20
}
, retry_delay {
  seconds: 14
}
]). Acionando Groq...
2025-12-19 17:07:45.631 | INFO     | __main__:trabalhador_da_fila:88 - 🚀 Enviando oferta processada: ALIEXPRESS
2025-12-19 17:07:49.453 | SUCCESS  | src.infrastructure.whatsapp_client:enviar_oferta:53 - ✅ Mídia enviada (/send/media) para 120363422860849054@g.us
2025-12-19 17:07:49.454 | SUCCESS  | __main__:trabalhador_da_fila:94 - 📱 WhatsApp OK! (Fila: 4 restantes)
2025-12-19 17:07:49.455 | INFO     | __main__:trabalhador_da_fila:117 - ⏳ Twitter em cooldown (429). Pulando envio.
2025-12-19 17:07:50.468 | INFO     | __main__:trabalhador_da_fila:131 - ⏳ Aguardando 3 minutos para a próxima...
2025-12-19 17:08:06.967 | WARNING  | __main__:processar_oferta:150 - 🚫 Bloqueado: None
2025-12-19 17:10:50.472 | INFO     | __main__:trabalhador_da_fila:81 - 🤖 Gerando legenda 'Vendedor Agressivo' para: AMAZON...
2025-12-19 17:10:50.757 | WARNING  | src.core.ai_brain:gerar_legenda:43 - ⚠️ Gemini falhou/cota cheia (429 You exceeded your current quota, please check your plan and billing details. For more information on this error, head to: https://ai.google.dev/gemini-api/docs/rate-limits. To monitor your current usage, head to: https://ai.dev/usage?tab=rate-limit. 
* Quota exceeded for metric: generativelanguage.googleapis.com/generate_content_free_tier_requests, limit: 20, model: gemini-2.5-flash
Please retry in 9.225295202s. [links {
  description: "Learn more about Gemini API quotas"
  url: "https://ai.google.dev/gemini-api/docs/rate-limits"
}
, violations {
  quota_metric: "generativelanguage.googleapis.com/generate_content_free_tier_requests"
  quota_id: "GenerateRequestsPerDayPerProjectPerModel-FreeTier"
  quota_dimensions {
    key: "model"
    value: "gemini-2.5-flash"
  }
  quota_dimensions {
    key: "location"
    value: "global"
  }
  quota_value: 20
}
, retry_delay {
  seconds: 9
}
]). Acionando Groq...
2025-12-19 17:10:51.334 | INFO     | __main__:trabalhador_da_fila:88 - 🚀 Enviando oferta processada: AMAZON
2025-12-19 17:10:58.235 | SUCCESS  | src.infrastructure.whatsapp_client:enviar_oferta:53 - ✅ Mídia enviada (/send/media) para 120363422860849054@g.us
2025-12-19 17:10:58.235 | SUCCESS  | __main__:trabalhador_da_fila:94 - 📱 WhatsApp OK! (Fila: 3 restantes)
2025-12-19 17:10:58.235 | INFO     | __main__:trabalhador_da_fila:117 - ⏳ Twitter em cooldown (429). Pulando envio.
2025-12-19 17:10:59.246 | INFO     | __main__:trabalhador_da_fila:131 - ⏳ Aguardando 3 minutos para a próxima...
2025-12-19 17:13:07.631 | INFO     | __main__:processar_oferta:153 - 🔎 Captado: SHOPEE
2025-12-19 17:13:08.144 | INFO     | __main__:processar_oferta:171 - 📥 Adicionado à fila. Posição: 4
2025-12-19 17:13:08.367 | WARNING  | __main__:processar_oferta:150 - 🚫 Bloqueado: None
2025-12-19 17:13:59.255 | INFO     | __main__:trabalhador_da_fila:81 - 🤖 Gerando legenda 'Vendedor Agressivo' para: AMAZON...
2025-12-19 17:13:59.535 | WARNING  | src.core.ai_brain:gerar_legenda:43 - ⚠️ Gemini falhou/cota cheia (429 You exceeded your current quota, please check your plan and billing details. For more information on this error, head to: https://ai.google.dev/gemini-api/docs/rate-limits. To monitor your current usage, head to: https://ai.dev/usage?tab=rate-limit. 
* Quota exceeded for metric: generativelanguage.googleapis.com/generate_content_free_tier_requests, limit: 20, model: gemini-2.5-flash
Please retry in 450.920274ms. [links {
  description: "Learn more about Gemini API quotas"
  url: "https://ai.google.dev/gemini-api/docs/rate-limits"
}
, violations {
  quota_metric: "generativelanguage.googleapis.com/generate_content_free_tier_requests"
  quota_id: "GenerateRequestsPerDayPerProjectPerModel-FreeTier"
  quota_dimensions {
    key: "model"
    value: "gemini-2.5-flash"
  }
  quota_dimensions {
    key: "location"
    value: "global"
  }
  quota_value: 20
}
, retry_delay {
}
]). Acionando Groq...
2025-12-19 17:14:00.001 | INFO     | __main__:trabalhador_da_fila:88 - 🚀 Enviando oferta processada: AMAZON
2025-12-19 17:14:02.524 | SUCCESS  | src.infrastructure.whatsapp_client:enviar_oferta:53 - ✅ Mídia enviada (/send/media) para 120363422860849054@g.us
2025-12-19 17:14:02.524 | SUCCESS  | __main__:trabalhador_da_fila:94 - 📱 WhatsApp OK! (Fila: 3 restantes)
2025-12-19 17:14:21.700 | WARNING  | __main__:trabalhador_da_fila:115 - 🐦 Erro Twitter: HTTPSConnectionPool(host='api.twitter.com', port=443): Read timed out. (read timeout=None)
2025-12-19 17:14:22.706 | INFO     | __main__:trabalhador_da_fila:131 - ⏳ Aguardando 3 minutos para a próxima...
2025-12-19 17:15:22.715 | WARNING  | __main__:processar_oferta:150 - 🚫 Bloqueado: None
2025-12-19 17:17:22.542 | WARNING  | __main__:processar_oferta:150 - 🚫 Bloqueado: None
2025-12-19 17:17:22.701 | INFO     | __main__:processar_oferta:153 - 🔎 Captado: AMAZON
2025-12-19 17:17:22.716 | INFO     | __main__:trabalhador_da_fila:81 - 🤖 Gerando legenda 'Vendedor Agressivo' para: AMAZON...
2025-12-19 17:17:22.997 | WARNING  | src.core.ai_brain:gerar_legenda:43 - ⚠️ Gemini falhou/cota cheia (429 You exceeded your current quota, please check your plan and billing details. For more information on this error, head to: https://ai.google.dev/gemini-api/docs/rate-limits. To monitor your current usage, head to: https://ai.dev/usage?tab=rate-limit. 
* Quota exceeded for metric: generativelanguage.googleapis.com/generate_content_free_tier_requests, limit: 20, model: gemini-2.5-flash
Please retry in 36.989578753s. [links {
  description: "Learn more about Gemini API quotas"
  url: "https://ai.google.dev/gemini-api/docs/rate-limits"
}
, violations {
  quota_metric: "generativelanguage.googleapis.com/generate_content_free_tier_requests"
  quota_id: "GenerateRequestsPerDayPerProjectPerModel-FreeTier"
  quota_dimensions {
    key: "model"
    value: "gemini-2.5-flash"
  }
  quota_dimensions {
    key: "location"
    value: "global"
  }
  quota_value: 20
}
, retry_delay {
  seconds: 36
}
]). Acionando Groq...
2025-12-19 17:17:23.620 | INFO     | __main__:trabalhador_da_fila:88 - 🚀 Enviando oferta processada: AMAZON
2025-12-19 17:17:24.543 | INFO     | __main__:processar_oferta:171 - 📥 Adicionado à fila. Posição: 3
2025-12-19 17:17:24.569 | WARNING  | src.infrastructure.whatsapp_client:enviar_oferta:56 - ⚠️ Falha Mídia (503): {"error":true,"message":"WhatsApp disconnected"}

2025-12-19 17:17:25.205 | ERROR    | src.infrastructure.whatsapp_client:enviar_oferta:86 - ❌ Erro UAZAPI (503): {"error":true,"message":"WhatsApp disconnected"}

2025-12-19 17:17:25.205 | ERROR    | __main__:trabalhador_da_fila:96 - ❌ Erro WA (Status: 503)
2025-12-19 17:17:25.683 | WARNING  | __main__:trabalhador_da_fila:112 - ⛔ Twitter 429 (Muitas requisições). Pausando X por 30min.
2025-12-19 17:17:26.699 | INFO     | __main__:trabalhador_da_fila:131 - ⏳ Aguardando 3 minutos para a próxima...
2025-12-19 17:18:22.029 | WARNING  | __main__:processar_oferta:150 - 🚫 Bloqueado: None
2025-12-19 17:19:22.496 | WARNING  | __main__:processar_oferta:150 - 🚫 Bloqueado: None
2025-12-19 17:19:22.735 | INFO     | __main__:processar_oferta:153 - 🔎 Captado: SHOPEE
2025-12-19 17:19:22.903 | INFO     | __main__:processar_oferta:171 - 📥 Adicionado à fila. Posição: 4
2025-12-19 17:20:22.767 | INFO     | __main__:processar_oferta:153 - 🔎 Captado: SHOPEE
2025-12-19 17:20:23.073 | WARNING  | __main__:processar_oferta:150 - 🚫 Bloqueado: None
2025-12-19 17:20:23.313 | INFO     | __main__:processar_oferta:171 - 📥 Adicionado à fila. Posição: 5
2025-12-19 17:20:26.706 | INFO     | __main__:trabalhador_da_fila:81 - 🤖 Gerando legenda 'Vendedor Agressivo' para: AMAZON...
2025-12-19 17:20:26.990 | WARNING  | src.core.ai_brain:gerar_legenda:43 - ⚠️ Gemini falhou/cota cheia (429 You exceeded your current quota, please check your plan and billing details. For more information on this error, head to: https://ai.google.dev/gemini-api/docs/rate-limits. To monitor your current usage, head to: https://ai.dev/usage?tab=rate-limit. 
* Quota exceeded for metric: generativelanguage.googleapis.com/generate_content_free_tier_requests, limit: 20, model: gemini-2.5-flash
Please retry in 32.995393731s. [links {
  description: "Learn more about Gemini API quotas"
  url: "https://ai.google.dev/gemini-api/docs/rate-limits"
}
, violations {
  quota_metric: "generativelanguage.googleapis.com/generate_content_free_tier_requests"
  quota_id: "GenerateRequestsPerDayPerProjectPerModel-FreeTier"
  quota_dimensions {
    key: "model"
    value: "gemini-2.5-flash"
  }
  quota_dimensions {
    key: "location"
    value: "global"
  }
  quota_value: 20
}
, retry_delay {
  seconds: 32
}
]). Acionando Groq...
2025-12-19 17:20:27.444 | INFO     | __main__:trabalhador_da_fila:88 - 🚀 Enviando oferta processada: AMAZON
2025-12-19 17:20:28.380 | WARNING  | src.infrastructure.whatsapp_client:enviar_oferta:56 - ⚠️ Falha Mídia (503): {"error":true,"message":"WhatsApp disconnected"}

2025-12-19 17:20:29.126 | ERROR    | src.infrastructure.whatsapp_client:enviar_oferta:86 - ❌ Erro UAZAPI (503): {"error":true,"message":"WhatsApp disconnected"}

2025-12-19 17:20:29.127 | ERROR    | __main__:trabalhador_da_fila:96 - ❌ Erro WA (Status: 503)
2025-12-19 17:20:29.127 | INFO     | __main__:trabalhador_da_fila:117 - ⏳ Twitter em cooldown (429). Pulando envio.
2025-12-19 17:20:30.128 | INFO     | __main__:trabalhador_da_fila:131 - ⏳ Aguardando 3 minutos para a próxima...
2025-12-19 17:22:23.590 | WARNING  | __main__:processar_oferta:150 - 🚫 Bloqueado: MERCADO LIVRE
2025-12-19 17:23:22.159 | WARNING  | __main__:processar_oferta:150 - 🚫 Bloqueado: None
2025-12-19 17:23:30.136 | INFO     | __main__:trabalhador_da_fila:81 - 🤖 Gerando legenda 'Vendedor Agressivo' para: SHOPEE...
2025-12-19 17:23:30.418 | WARNING  | src.core.ai_brain:gerar_legenda:43 - ⚠️ Gemini falhou/cota cheia (429 You exceeded your current quota, please check your plan and billing details. For more information on this error, head to: https://ai.google.dev/gemini-api/docs/rate-limits. To monitor your current usage, head to: https://ai.dev/usage?tab=rate-limit. 
* Quota exceeded for metric: generativelanguage.googleapis.com/generate_content_free_tier_requests, limit: 20, model: gemini-2.5-flash
Please retry in 29.569514057s. [links {
  description: "Learn more about Gemini API quotas"
  url: "https://ai.google.dev/gemini-api/docs/rate-limits"
}
, violations {
  quota_metric: "generativelanguage.googleapis.com/generate_content_free_tier_requests"
  quota_id: "GenerateRequestsPerDayPerProjectPerModel-FreeTier"
  quota_dimensions {
    key: "model"
    value: "gemini-2.5-flash"
  }
  quota_dimensions {
    key: "location"
    value: "global"
  }
  quota_value: 20
}
, retry_delay {
  seconds: 29
}
]). Acionando Groq...
2025-12-19 17:23:31.138 | INFO     | __main__:trabalhador_da_fila:88 - 🚀 Enviando oferta processada: SHOPEE
2025-12-19 17:23:31.820 | WARNING  | src.infrastructure.whatsapp_client:enviar_oferta:56 - ⚠️ Falha Mídia (503): {"error":true,"message":"WhatsApp disconnected"}

2025-12-19 17:23:32.424 | ERROR    | src.infrastructure.whatsapp_client:enviar_oferta:86 - ❌ Erro UAZAPI (503): {"error":true,"message":"WhatsApp disconnected"}

2025-12-19 17:23:32.425 | ERROR    | __main__:trabalhador_da_fila:96 - ❌ Erro WA (Status: 503)
2025-12-19 17:23:32.425 | INFO     | __main__:trabalhador_da_fila:117 - ⏳ Twitter em cooldown (429). Pulando envio.
2025-12-19 17:23:33.432 | INFO     | __main__:trabalhador_da_fila:131 - ⏳ Aguardando 3 minutos para a próxima...
2025-12-19 17:24:22.809 | INFO     | __main__:processar_oferta:153 - 🔎 Captado: SHOPEE
2025-12-19 17:24:22.974 | WARNING  | __main__:processar_oferta:150 - 🚫 Bloqueado: None
2025-12-19 17:24:23.340 | INFO     | __main__:processar_oferta:171 - 📥 Adicionado à fila. Posição: 4
2025-12-19 17:24:24.064 | INFO     | __main__:processar_oferta:153 - 🔎 Captado: SHOPEE
2025-12-19 17:24:24.586 | INFO     | __main__:processar_oferta:171 - 📥 Adicionado à fila. Posição: 5
2025-12-19 17:25:22.787 | INFO     | __main__:processar_oferta:153 - 🔎 Captado: SHOPEE
2025-12-19 17:25:22.953 | INFO     | __main__:processar_oferta:171 - 📥 Adicionado à fila. Posição: 6
2025-12-19 17:26:22.760 | WARNING  | __main__:processar_oferta:150 - 🚫 Bloqueado: None
2025-12-19 17:26:33.434 | INFO     | __main__:trabalhador_da_fila:81 - 🤖 Gerando legenda 'Vendedor Agressivo' para: AMAZON...
2025-12-19 17:26:33.712 | WARNING  | src.core.ai_brain:gerar_legenda:43 - ⚠️ Gemini falhou/cota cheia (429 You exceeded your current quota, please check your plan and billing details. For more information on this error, head to: https://ai.google.dev/gemini-api/docs/rate-limits. To monitor your current usage, head to: https://ai.dev/usage?tab=rate-limit. 
* Quota exceeded for metric: generativelanguage.googleapis.com/generate_content_free_tier_requests, limit: 20, model: gemini-2.5-flash
Please retry in 26.272496882s. [links {
  description: "Learn more about Gemini API quotas"
  url: "https://ai.google.dev/gemini-api/docs/rate-limits"
}
, violations {
  quota_metric: "generativelanguage.googleapis.com/generate_content_free_tier_requests"
  quota_id: "GenerateRequestsPerDayPerProjectPerModel-FreeTier"
  quota_dimensions {
    key: "model"
    value: "gemini-2.5-flash"
  }
  quota_dimensions {
    key: "location"
    value: "global"
  }
  quota_value: 20
}
, retry_delay {
  seconds: 26
}
]). Acionando Groq...
2025-12-19 17:26:34.242 | INFO     | __main__:trabalhador_da_fila:88 - 🚀 Enviando oferta processada: AMAZON
2025-12-19 17:26:35.001 | WARNING  | src.infrastructure.whatsapp_client:enviar_oferta:56 - ⚠️ Falha Mídia (503): {"error":true,"message":"WhatsApp disconnected"}

2025-12-19 17:26:35.747 | ERROR    | src.infrastructure.whatsapp_client:enviar_oferta:86 - ❌ Erro UAZAPI (503): {"error":true,"message":"WhatsApp disconnected"}

2025-12-19 17:26:35.747 | ERROR    | __main__:trabalhador_da_fila:96 - ❌ Erro WA (Status: 503)
2025-12-19 17:26:35.747 | INFO     | __main__:trabalhador_da_fila:117 - ⏳ Twitter em cooldown (429). Pulando envio.
2025-12-19 17:26:36.761 | INFO     | __main__:trabalhador_da_fila:131 - ⏳ Aguardando 3 minutos para a próxima...
2025-12-19 17:27:22.829 | INFO     | __main__:processar_oferta:153 - 🔎 Captado: AMAZON
2025-12-19 17:27:23.201 | INFO     | __main__:processar_oferta:171 - 📥 Adicionado à fila. Posição: 6
2025-12-19 17:28:08.760 | WARNING  | __main__:processar_oferta:150 - 🚫 Bloqueado: MERCADO LIVRE
2025-12-19 17:29:22.804 | WARNING  | __main__:processar_oferta:150 - 🚫 Bloqueado: None
2025-12-19 17:29:36.774 | INFO     | __main__:trabalhador_da_fila:81 - 🤖 Gerando legenda 'Vendedor Agressivo' para: SHOPEE...
2025-12-19 17:29:37.053 | WARNING  | src.core.ai_brain:gerar_legenda:43 - ⚠️ Gemini falhou/cota cheia (429 You exceeded your current quota, please check your plan and billing details. For more information on this error, head to: https://ai.google.dev/gemini-api/docs/rate-limits. To monitor your current usage, head to: https://ai.dev/usage?tab=rate-limit. 
* Quota exceeded for metric: generativelanguage.googleapis.com/generate_content_free_tier_requests, limit: 20, model: gemini-2.5-flash
Please retry in 22.934307336s. [links {
  description: "Learn more about Gemini API quotas"
  url: "https://ai.google.dev/gemini-api/docs/rate-limits"
}
, violations {
  quota_metric: "generativelanguage.googleapis.com/generate_content_free_tier_requests"
  quota_id: "GenerateRequestsPerDayPerProjectPerModel-FreeTier"
  quota_dimensions {
    key: "model"
    value: "gemini-2.5-flash"
  }
  quota_dimensions {
    key: "location"
    value: "global"
  }
  quota_value: 20
}
, retry_delay {
  seconds: 22
}
]). Acionando Groq...
2025-12-19 17:29:37.585 | INFO     | __main__:trabalhador_da_fila:88 - 🚀 Enviando oferta processada: SHOPEE
2025-12-19 17:29:38.139 | WARNING  | src.infrastructure.whatsapp_client:enviar_oferta:56 - ⚠️ Falha Mídia (503): {"error":true,"message":"WhatsApp disconnected"}

2025-12-19 17:29:38.670 | ERROR    | src.infrastructure.whatsapp_client:enviar_oferta:86 - ❌ Erro UAZAPI (503): {"error":true,"message":"WhatsApp disconnected"}

2025-12-19 17:29:38.670 | ERROR    | __main__:trabalhador_da_fila:96 - ❌ Erro WA (Status: 503)
2025-12-19 17:29:38.670 | INFO     | __main__:trabalhador_da_fila:117 - ⏳ Twitter em cooldown (429). Pulando envio.
2025-12-19 17:29:39.680 | INFO     | __main__:trabalhador_da_fila:131 - ⏳ Aguardando 3 minutos para a próxima...
2025-12-19 17:29:40.077 | WARNING  | __main__:processar_oferta:150 - 🚫 Bloqueado: MERCADO LIVRE
2025-12-19 17:31:22.669 | WARNING  | __main__:processar_oferta:150 - 🚫 Bloqueado: None
2025-12-19 17:32:24.893 | INFO     | __main__:processar_oferta:153 - 🔎 Captado: AMAZON
2025-12-19 17:32:25.965 | INFO     | __main__:processar_oferta:171 - 📥 Adicionado à fila. Posição: 6
2025-12-19 17:32:39.680 | INFO     | __main__:trabalhador_da_fila:81 - 🤖 Gerando legenda 'Vendedor Agressivo' para: SHOPEE...
2025-12-19 17:32:39.961 | WARNING  | src.core.ai_brain:gerar_legenda:43 - ⚠️ Gemini falhou/cota cheia (429 You exceeded your current quota, please check your plan and billing details. For more information on this error, head to: https://ai.google.dev/gemini-api/docs/rate-limits. To monitor your current usage, head to: https://ai.dev/usage?tab=rate-limit. 
* Quota exceeded for metric: generativelanguage.googleapis.com/generate_content_free_tier_requests, limit: 20, model: gemini-2.5-flash
Please retry in 20.023860728s. [links {
  description: "Learn more about Gemini API quotas"
  url: "https://ai.google.dev/gemini-api/docs/rate-limits"
}
, violations {
  quota_metric: "generativelanguage.googleapis.com/generate_content_free_tier_requests"
  quota_id: "GenerateRequestsPerDayPerProjectPerModel-FreeTier"
  quota_dimensions {
    key: "model"
    value: "gemini-2.5-flash"
  }
  quota_dimensions {
    key: "location"
    value: "global"
  }
  quota_value: 20
}
, retry_delay {
  seconds: 20
}
]). Acionando Groq...
2025-12-19 17:32:40.474 | INFO     | __main__:trabalhador_da_fila:88 - 🚀 Enviando oferta processada: SHOPEE
2025-12-19 17:32:41.160 | WARNING  | src.infrastructure.whatsapp_client:enviar_oferta:56 - ⚠️ Falha Mídia (503): {"error":true,"message":"WhatsApp disconnected"}

2025-12-19 17:32:41.805 | ERROR    | src.infrastructure.whatsapp_client:enviar_oferta:86 - ❌ Erro UAZAPI (503): {"error":true,"message":"WhatsApp disconnected"}

2025-12-19 17:32:41.805 | ERROR    | __main__:trabalhador_da_fila:96 - ❌ Erro WA (Status: 503)
2025-12-19 17:32:41.806 | INFO     | __main__:trabalhador_da_fila:117 - ⏳ Twitter em cooldown (429). Pulando envio.
2025-12-19 17:32:42.807 | INFO     | __main__:trabalhador_da_fila:131 - ⏳ Aguardando 3 minutos para a próxima...
2025-12-19 17:33:22.667 | WARNING  | __main__:processar_oferta:150 - 🚫 Bloqueado: None
2025-12-19 17:35:42.812 | INFO     | __main__:trabalhador_da_fila:81 - 🤖 Gerando legenda 'Vendedor Agressivo' para: SHOPEE...
2025-12-19 17:35:43.095 | WARNING  | src.core.ai_brain:gerar_legenda:43 - ⚠️ Gemini falhou/cota cheia (429 You exceeded your current quota, please check your plan and billing details. For more information on this error, head to: https://ai.google.dev/gemini-api/docs/rate-limits. To monitor your current usage, head to: https://ai.dev/usage?tab=rate-limit. 
* Quota exceeded for metric: generativelanguage.googleapis.com/generate_content_free_tier_requests, limit: 20, model: gemini-2.5-flash
Please retry in 16.887446082s. [links {
  description: "Learn more about Gemini API quotas"
  url: "https://ai.google.dev/gemini-api/docs/rate-limits"
}
, violations {
  quota_metric: "generativelanguage.googleapis.com/generate_content_free_tier_requests"
  quota_id: "GenerateRequestsPerDayPerProjectPerModel-FreeTier"
  quota_dimensions {
    key: "model"
    value: "gemini-2.5-flash"
  }
  quota_dimensions {
    key: "location"
    value: "global"
  }
  quota_value: 20
}
, retry_delay {
  seconds: 16
}
]). Acionando Groq...
2025-12-19 17:35:43.735 | INFO     | __main__:trabalhador_da_fila:88 - 🚀 Enviando oferta processada: SHOPEE
2025-12-19 17:35:44.389 | WARNING  | src.infrastructure.whatsapp_client:enviar_oferta:56 - ⚠️ Falha Mídia (503): {"error":true,"message":"WhatsApp disconnected"}

2025-12-19 17:35:44.997 | ERROR    | src.infrastructure.whatsapp_client:enviar_oferta:86 - ❌ Erro UAZAPI (503): {"error":true,"message":"WhatsApp disconnected"}

2025-12-19 17:35:44.997 | ERROR    | __main__:trabalhador_da_fila:96 - ❌ Erro WA (Status: 503)
2025-12-19 17:35:44.997 | INFO     | __main__:trabalhador_da_fila:117 - ⏳ Twitter em cooldown (429). Pulando envio.
2025-12-19 17:35:45.999 | INFO     | __main__:trabalhador_da_fila:131 - ⏳ Aguardando 3 minutos para a próxima...
2025-12-19 17:36:22.863 | WARNING  | __main__:processar_oferta:150 - 🚫 Bloqueado: None
2025-12-19 17:36:23.238 | WARNING  | __main__:processar_oferta:150 - 🚫 Bloqueado: MERCADO LIVRE
2025-12-19 17:37:23.754 | WARNING  | __main__:processar_oferta:150 - 🚫 Bloqueado: None
2025-12-19 17:38:46.000 | INFO     | __main__:trabalhador_da_fila:81 - 🤖 Gerando legenda 'Vendedor Agressivo' para: SHOPEE...
2025-12-19 17:38:46.286 | WARNING  | src.core.ai_brain:gerar_legenda:43 - ⚠️ Gemini falhou/cota cheia (429 You exceeded your current quota, please check your plan and billing details. For more information on this error, head to: https://ai.google.dev/gemini-api/docs/rate-limits. To monitor your current usage, head to: https://ai.dev/usage?tab=rate-limit. 
* Quota exceeded for metric: generativelanguage.googleapis.com/generate_content_free_tier_requests, limit: 20, model: gemini-2.5-flash
Please retry in 13.698521329s. [links {
  description: "Learn more about Gemini API quotas"
  url: "https://ai.google.dev/gemini-api/docs/rate-limits"
}
, violations {
  quota_metric: "generativelanguage.googleapis.com/generate_content_free_tier_requests"
  quota_id: "GenerateRequestsPerDayPerProjectPerModel-FreeTier"
  quota_dimensions {
    key: "model"
    value: "gemini-2.5-flash"
  }
  quota_dimensions {
    key: "location"
    value: "global"
  }
  quota_value: 20
}
, retry_delay {
  seconds: 13
}
]). Acionando Groq...
2025-12-19 17:38:46.959 | INFO     | __main__:trabalhador_da_fila:88 - 🚀 Enviando oferta processada: SHOPEE
2025-12-19 17:38:47.436 | ERROR    | src.infrastructure.whatsapp_client:enviar_oferta:86 - ❌ Erro UAZAPI (503): {"error":true,"message":"WhatsApp disconnected"}

2025-12-19 17:38:47.436 | ERROR    | __main__:trabalhador_da_fila:96 - ❌ Erro WA (Status: 503)
2025-12-19 17:38:47.436 | INFO     | __main__:trabalhador_da_fila:117 - ⏳ Twitter em cooldown (429). Pulando envio.
2025-12-19 17:38:47.437 | INFO     | __main__:trabalhador_da_fila:131 - ⏳ Aguardando 3 minutos para a próxima...
2025-12-19 17:39:22.756 | WARNING  | __main__:processar_oferta:150 - 🚫 Bloqueado: None
2025-12-19 17:40:07.535 | INFO     | __main__:processar_oferta:153 - 🔎 Captado: SHOPEE
2025-12-19 17:40:08.100 | INFO     | __main__:processar_oferta:171 - 📥 Adicionado à fila. Posição: 4
2025-12-19 17:40:23.547 | WARNING  | __main__:processar_oferta:150 - 🚫 Bloqueado: None
2025-12-19 17:41:22.870 | WARNING  | __main__:processar_oferta:150 - 🚫 Bloqueado: None
2025-12-19 17:41:22.950 | INFO     | __main__:processar_oferta:153 - 🔎 Captado: SHOPEE
2025-12-19 17:41:23.515 | INFO     | __main__:processar_oferta:171 - 📥 Adicionado à fila. Posição: 5
2025-12-19 17:41:47.446 | INFO     | __main__:trabalhador_da_fila:81 - 🤖 Gerando legenda 'Vendedor Agressivo' para: SHOPEE...
2025-12-19 17:41:47.729 | WARNING  | src.core.ai_brain:gerar_legenda:43 - ⚠️ Gemini falhou/cota cheia (429 You exceeded your current quota, please check your plan and billing details. For more information on this error, head to: https://ai.google.dev/gemini-api/docs/rate-limits. To monitor your current usage, head to: https://ai.dev/usage?tab=rate-limit. 
* Quota exceeded for metric: generativelanguage.googleapis.com/generate_content_free_tier_requests, limit: 20, model: gemini-2.5-flash
Please retry in 12.252593757s. [links {
  description: "Learn more about Gemini API quotas"
  url: "https://ai.google.dev/gemini-api/docs/rate-limits"
}
, violations {
  quota_metric: "generativelanguage.googleapis.com/generate_content_free_tier_requests"
  quota_id: "GenerateRequestsPerDayPerProjectPerModel-FreeTier"
  quota_dimensions {
    key: "model"
    value: "gemini-2.5-flash"
  }
  quota_dimensions {
    key: "location"
    value: "global"
  }
  quota_value: 20
}
, retry_delay {
  seconds: 12
}
]). Acionando Groq...
2025-12-19 17:41:48.271 | INFO     | __main__:trabalhador_da_fila:88 - 🚀 Enviando oferta processada: SHOPEE
2025-12-19 17:41:48.776 | WARNING  | src.infrastructure.whatsapp_client:enviar_oferta:56 - ⚠️ Falha Mídia (503): {"error":true,"message":"WhatsApp disconnected"}

2025-12-19 17:41:49.270 | ERROR    | src.infrastructure.whatsapp_client:enviar_oferta:86 - ❌ Erro UAZAPI (503): {"error":true,"message":"WhatsApp disconnected"}

2025-12-19 17:41:49.270 | ERROR    | __main__:trabalhador_da_fila:96 - ❌ Erro WA (Status: 503)
2025-12-19 17:41:49.270 | INFO     | __main__:trabalhador_da_fila:117 - ⏳ Twitter em cooldown (429). Pulando envio.
2025-12-19 17:41:50.274 | INFO     | __main__:trabalhador_da_fila:131 - ⏳ Aguardando 3 minutos para a próxima...
2025-12-19 17:43:02.105 | INFO     | __main__:processar_oferta:153 - 🔎 Captado: SHOPEE
2025-12-19 17:43:02.634 | INFO     | __main__:processar_oferta:171 - 📥 Adicionado à fila. Posição: 5
2025-12-19 17:43:23.330 | WARNING  | __main__:processar_oferta:150 - 🚫 Bloqueado: None
2025-12-19 17:43:30.593 | WARNING  | __main__:processar_oferta:150 - 🚫 Bloqueado: None
2025-12-19 17:44:50.275 | INFO     | __main__:trabalhador_da_fila:81 - 🤖 Gerando legenda 'Vendedor Agressivo' para: AMAZON...
2025-12-19 17:44:50.556 | WARNING  | src.core.ai_brain:gerar_legenda:43 - ⚠️ Gemini falhou/cota cheia (429 You exceeded your current quota, please check your plan and billing details. For more information on this error, head to: https://ai.google.dev/gemini-api/docs/rate-limits. To monitor your current usage, head to: https://ai.dev/usage?tab=rate-limit. 
* Quota exceeded for metric: generativelanguage.googleapis.com/generate_content_free_tier_requests, limit: 20, model: gemini-2.5-flash
Please retry in 9.423201552s. [links {
  description: "Learn more about Gemini API quotas"
  url: "https://ai.google.dev/gemini-api/docs/rate-limits"
}
, violations {
  quota_metric: "generativelanguage.googleapis.com/generate_content_free_tier_requests"
  quota_id: "GenerateRequestsPerDayPerProjectPerModel-FreeTier"
  quota_dimensions {
    key: "model"
    value: "gemini-2.5-flash"
  }
  quota_dimensions {
    key: "location"
    value: "global"
  }
  quota_value: 20
}
, retry_delay {
  seconds: 9
}
]). Acionando Groq...
2025-12-19 17:44:51.129 | INFO     | __main__:trabalhador_da_fila:88 - 🚀 Enviando oferta processada: AMAZON
2025-12-19 17:44:51.763 | WARNING  | src.infrastructure.whatsapp_client:enviar_oferta:56 - ⚠️ Falha Mídia (503): {"error":true,"message":"WhatsApp disconnected"}

2025-12-19 17:44:52.385 | ERROR    | src.infrastructure.whatsapp_client:enviar_oferta:86 - ❌ Erro UAZAPI (503): {"error":true,"message":"WhatsApp disconnected"}

2025-12-19 17:44:52.386 | ERROR    | __main__:trabalhador_da_fila:96 - ❌ Erro WA (Status: 503)
2025-12-19 17:44:52.386 | INFO     | __main__:trabalhador_da_fila:117 - ⏳ Twitter em cooldown (429). Pulando envio.
2025-12-19 17:44:53.400 | INFO     | __main__:trabalhador_da_fila:131 - ⏳ Aguardando 3 minutos para a próxima...
2025-12-19 17:45:22.991 | WARNING  | __main__:processar_oferta:150 - 🚫 Bloqueado: None
2025-12-19 17:46:24.029 | INFO     | __main__:processar_oferta:153 - 🔎 Captado: CENTAURO
2025-12-19 17:46:25.118 | INFO     | __main__:processar_oferta:171 - 📥 Adicionado à fila. Posição: 5
2025-12-19 17:47:53.417 | INFO     | __main__:trabalhador_da_fila:81 - 🤖 Gerando legenda 'Vendedor Agressivo' para: AMAZON...
2025-12-19 17:47:54.724 | WARNING  | src.core.ai_brain:gerar_legenda:43 - ⚠️ Gemini falhou/cota cheia (429 You exceeded your current quota, please check your plan and billing details. For more information on this error, head to: https://ai.google.dev/gemini-api/docs/rate-limits. To monitor your current usage, head to: https://ai.dev/usage?tab=rate-limit. 
* Quota exceeded for metric: generativelanguage.googleapis.com/generate_content_free_tier_requests, limit: 20, model: gemini-2.5-flash
Please retry in 5.255451382s. [links {
  description: "Learn more about Gemini API quotas"
  url: "https://ai.google.dev/gemini-api/docs/rate-limits"
}
, violations {
  quota_metric: "generativelanguage.googleapis.com/generate_content_free_tier_requests"
  quota_id: "GenerateRequestsPerDayPerProjectPerModel-FreeTier"
  quota_dimensions {
    key: "model"
    value: "gemini-2.5-flash"
  }
  quota_dimensions {
    key: "location"
    value: "global"
  }
  quota_value: 20
}
, retry_delay {
  seconds: 5
}
]). Acionando Groq...
2025-12-19 17:47:55.308 | INFO     | __main__:trabalhador_da_fila:88 - 🚀 Enviando oferta processada: AMAZON
2025-12-19 17:47:56.099 | WARNING  | src.infrastructure.whatsapp_client:enviar_oferta:56 - ⚠️ Falha Mídia (503): {"error":true,"message":"WhatsApp disconnected"}

2025-12-19 17:47:56.858 | ERROR    | src.infrastructure.whatsapp_client:enviar_oferta:86 - ❌ Erro UAZAPI (503): {"error":true,"message":"WhatsApp disconnected"}

2025-12-19 17:47:56.858 | ERROR    | __main__:trabalhador_da_fila:96 - ❌ Erro WA (Status: 503)
2025-12-19 17:48:16.037 | WARNING  | __main__:trabalhador_da_fila:115 - 🐦 Erro Twitter: HTTPSConnectionPool(host='api.twitter.com', port=443): Read timed out. (read timeout=None)
2025-12-19 17:48:17.052 | INFO     | __main__:trabalhador_da_fila:131 - ⏳ Aguardando 3 minutos para a próxima...
2025-12-19 17:48:23.019 | WARNING  | __main__:processar_oferta:150 - 🚫 Bloqueado: None
2025-12-19 17:48:23.553 | INFO     | __main__:processar_oferta:153 - 🔎 Captado: AMAZON
2025-12-19 17:48:24.083 | INFO     | __main__:processar_oferta:171 - 📥 Adicionado à fila. Posição: 5
2025-12-19 17:49:23.143 | INFO     | __main__:processar_oferta:153 - 🔎 Captado: AMAZON
2025-12-19 17:49:23.913 | INFO     | __main__:processar_oferta:171 - 📥 Adicionado à fila. Posição: 6
2025-12-19 17:50:23.225 | INFO     | __main__:processar_oferta:153 - 🔎 Captado: AMAZON
2025-12-19 17:50:23.558 | INFO     | __main__:processar_oferta:171 - 📥 Adicionado à fila. Posição: 7
2025-12-19 17:51:17.058 | INFO     | __main__:trabalhador_da_fila:81 - 🤖 Gerando legenda 'Vendedor Agressivo' para: SHOPEE...
2025-12-19 17:51:23.046 | INFO     | __main__:processar_oferta:153 - 🔎 Captado: AMAZON
2025-12-19 17:51:23.076 | INFO     | __main__:processar_oferta:153 - 🔎 Captado: SHOPEE
2025-12-19 17:51:23.112 | INFO     | __main__:trabalhador_da_fila:88 - 🚀 Enviando oferta processada: SHOPEE
2025-12-19 17:51:23.479 | INFO     | __main__:processar_oferta:153 - 🔎 Captado: AMAZON
2025-12-19 17:51:23.924 | WARNING  | src.infrastructure.whatsapp_client:enviar_oferta:56 - ⚠️ Falha Mídia (503): {"error":true,"message":"WhatsApp disconnected"}

2025-12-19 17:51:23.926 | INFO     | __main__:processar_oferta:171 - 📥 Adicionado à fila. Posição: 7
2025-12-19 17:51:24.185 | INFO     | __main__:processar_oferta:171 - 📥 Adicionado à fila. Posição: 8
2025-12-19 17:51:24.617 | ERROR    | src.infrastructure.whatsapp_client:enviar_oferta:86 - ❌ Erro UAZAPI (503): {"error":true,"message":"WhatsApp disconnected"}

2025-12-19 17:51:24.617 | ERROR    | __main__:trabalhador_da_fila:96 - ❌ Erro WA (Status: 503)
2025-12-19 17:51:25.095 | WARNING  | __main__:trabalhador_da_fila:112 - ⛔ Twitter 429 (Muitas requisições). Pausando X por 30min.
2025-12-19 17:51:26.104 | INFO     | __main__:trabalhador_da_fila:131 - ⏳ Aguardando 3 minutos para a próxima...
2025-12-19 17:51:27.632 | INFO     | __main__:processar_oferta:171 - 📥 Adicionado à fila. Posição: 9
2025-12-19 17:53:23.053 | WARNING  | __main__:processar_oferta:150 - 🚫 Bloqueado: None
2025-12-19 17:54:23.192 | WARNING  | __main__:processar_oferta:150 - 🚫 Bloqueado: None
2025-12-19 17:54:26.109 | INFO     | __main__:trabalhador_da_fila:81 - 🤖 Gerando legenda 'Vendedor Agressivo' para: SHOPEE...
2025-12-19 17:54:27.067 | WARNING  | src.core.ai_brain:gerar_legenda:43 - ⚠️ Gemini falhou/cota cheia (429 You exceeded your current quota, please check your plan and billing details. For more information on this error, head to: https://ai.google.dev/gemini-api/docs/rate-limits. To monitor your current usage, head to: https://ai.dev/usage?tab=rate-limit. 
* Quota exceeded for metric: generativelanguage.googleapis.com/generate_content_free_tier_requests, limit: 20, model: gemini-2.5-flash
Please retry in 32.908892877s. [links {
  description: "Learn more about Gemini API quotas"
  url: "https://ai.google.dev/gemini-api/docs/rate-limits"
}
, violations {
  quota_metric: "generativelanguage.googleapis.com/generate_content_free_tier_requests"
  quota_id: "GenerateRequestsPerDayPerProjectPerModel-FreeTier"
  quota_dimensions {
    key: "model"
    value: "gemini-2.5-flash"
  }
  quota_dimensions {
    key: "location"
    value: "global"
  }
  quota_value: 20
}
, retry_delay {
  seconds: 32
}
]). Acionando Groq...
2025-12-19 17:54:27.514 | INFO     | __main__:trabalhador_da_fila:88 - 🚀 Enviando oferta processada: SHOPEE
2025-12-19 17:54:28.266 | WARNING  | src.infrastructure.whatsapp_client:enviar_oferta:56 - ⚠️ Falha Mídia (503): {"error":true,"message":"WhatsApp disconnected"}

2025-12-19 17:54:28.890 | ERROR    | src.infrastructure.whatsapp_client:enviar_oferta:86 - ❌ Erro UAZAPI (503): {"error":true,"message":"WhatsApp disconnected"}

2025-12-19 17:54:28.890 | ERROR    | __main__:trabalhador_da_fila:96 - ❌ Erro WA (Status: 503)
2025-12-19 17:54:28.891 | INFO     | __main__:trabalhador_da_fila:117 - ⏳ Twitter em cooldown (429). Pulando envio.
2025-12-19 17:54:29.905 | INFO     | __main__:trabalhador_da_fila:131 - ⏳ Aguardando 3 minutos para a próxima...
2025-12-19 17:55:07.081 | WARNING  | __main__:processar_oferta:150 - 🚫 Bloqueado: None
2025-12-19 17:55:23.399 | INFO     | __main__:processar_oferta:153 - 🔎 Captado: AMAZON
2025-12-19 17:55:25.000 | INFO     | __main__:processar_oferta:171 - 📥 Adicionado à fila. Posição: 9
2025-12-19 17:56:23.166 | INFO     | __main__:processar_oferta:153 - 🔎 Captado: SHOPEE
2025-12-19 17:56:23.501 | INFO     | __main__:processar_oferta:171 - 📥 Adicionado à fila. Posição: 10
2025-12-19 17:57:29.916 | INFO     | __main__:trabalhador_da_fila:81 - 🤖 Gerando legenda 'Vendedor Agressivo' para: SHOPEE...
2025-12-19 17:57:30.194 | WARNING  | src.core.ai_brain:gerar_legenda:43 - ⚠️ Gemini falhou/cota cheia (429 You exceeded your current quota, please check your plan and billing details. For more information on this error, head to: https://ai.google.dev/gemini-api/docs/rate-limits. To monitor your current usage, head to: https://ai.dev/usage?tab=rate-limit. 
* Quota exceeded for metric: generativelanguage.googleapis.com/generate_content_free_tier_requests, limit: 20, model: gemini-2.5-flash
Please retry in 29.784516949s. [links {
  description: "Learn more about Gemini API quotas"
  url: "https://ai.google.dev/gemini-api/docs/rate-limits"
}
, violations {
  quota_metric: "generativelanguage.googleapis.com/generate_content_free_tier_requests"
  quota_id: "GenerateRequestsPerDayPerProjectPerModel-FreeTier"
  quota_dimensions {
    key: "model"
    value: "gemini-2.5-flash"
  }
  quota_dimensions {
    key: "location"
    value: "global"
  }
  quota_value: 20
}
, retry_delay {
  seconds: 29
}
]). Acionando Groq...
2025-12-19 17:57:30.760 | INFO     | __main__:trabalhador_da_fila:88 - 🚀 Enviando oferta processada: SHOPEE
2025-12-19 17:57:31.391 | WARNING  | src.infrastructure.whatsapp_client:enviar_oferta:56 - ⚠️ Falha Mídia (503): {"error":true,"message":"WhatsApp disconnected"}

2025-12-19 17:57:32.006 | ERROR    | src.infrastructure.whatsapp_client:enviar_oferta:86 - ❌ Erro UAZAPI (503): {"error":true,"message":"WhatsApp disconnected"}

2025-12-19 17:57:32.006 | ERROR    | __main__:trabalhador_da_fila:96 - ❌ Erro WA (Status: 503)
2025-12-19 17:57:32.006 | INFO     | __main__:trabalhador_da_fila:117 - ⏳ Twitter em cooldown (429). Pulando envio.
2025-12-19 17:57:33.010 | INFO     | __main__:trabalhador_da_fila:131 - ⏳ Aguardando 3 minutos para a próxima...
2025-12-19 17:59:23.630 | WARNING  | __main__:processar_oferta:150 - 🚫 Bloqueado: None
2025-12-19 18:00:33.015 | INFO     | __main__:trabalhador_da_fila:81 - 🤖 Gerando legenda 'Vendedor Agressivo' para: CENTAURO...
2025-12-19 18:00:33.294 | WARNING  | src.core.ai_brain:gerar_legenda:43 - ⚠️ Gemini falhou/cota cheia (429 You exceeded your current quota, please check your plan and billing details. For more information on this error, head to: https://ai.google.dev/gemini-api/docs/rate-limits. To monitor your current usage, head to: https://ai.dev/usage?tab=rate-limit. 
* Quota exceeded for metric: generativelanguage.googleapis.com/generate_content_free_tier_requests, limit: 20, model: gemini-2.5-flash
Please retry in 26.68158877s. [links {
  description: "Learn more about Gemini API quotas"
  url: "https://ai.google.dev/gemini-api/docs/rate-limits"
}
, violations {
  quota_metric: "generativelanguage.googleapis.com/generate_content_free_tier_requests"
  quota_id: "GenerateRequestsPerDayPerProjectPerModel-FreeTier"
  quota_dimensions {
    key: "model"
    value: "gemini-2.5-flash"
  }
  quota_dimensions {
    key: "location"
    value: "global"
  }
  quota_value: 20
}
, retry_delay {
  seconds: 26
}
]). Acionando Groq...
2025-12-19 18:00:33.828 | INFO     | __main__:trabalhador_da_fila:88 - 🚀 Enviando oferta processada: CENTAURO
2025-12-19 18:00:34.609 | WARNING  | src.infrastructure.whatsapp_client:enviar_oferta:56 - ⚠️ Falha Mídia (503): {"error":true,"message":"WhatsApp disconnected"}

2025-12-19 18:00:35.374 | ERROR    | src.infrastructure.whatsapp_client:enviar_oferta:86 - ❌ Erro UAZAPI (503): {"error":true,"message":"WhatsApp disconnected"}

2025-12-19 18:00:35.375 | ERROR    | __main__:trabalhador_da_fila:96 - ❌ Erro WA (Status: 503)
2025-12-19 18:00:35.375 | INFO     | __main__:trabalhador_da_fila:117 - ⏳ Twitter em cooldown (429). Pulando envio.
2025-12-19 18:00:36.389 | INFO     | __main__:trabalhador_da_fila:131 - ⏳ Aguardando 3 minutos para a próxima...
2025-12-19 18:01:23.198 | WARNING  | __main__:processar_oferta:150 - 🚫 Bloqueado: None
2025-12-19 18:01:24.809 | INFO     | __main__:processar_oferta:153 - 🔎 Captado: AMAZON
2025-12-19 18:01:25.408 | INFO     | __main__:processar_oferta:171 - 📥 Adicionado à fila. Posição: 9
2025-12-19 18:02:23.281 | INFO     | __main__:processar_oferta:153 - 🔎 Captado: SHOPEE
2025-12-19 18:02:23.282 | INFO     | __main__:processar_oferta:171 - 📥 Adicionado à fila. Posição: 10
2025-12-19 18:02:23.381 | INFO     | __main__:processar_oferta:153 - 🔎 Captado: AMAZON
2025-12-19 18:02:24.234 | INFO     | __main__:processar_oferta:153 - 🔎 Captado: SHOPEE
2025-12-19 18:02:24.234 | INFO     | __main__:processar_oferta:171 - 📥 Adicionado à fila. Posição: 11
2025-12-19 18:02:24.492 | INFO     | __main__:processar_oferta:171 - 📥 Adicionado à fila. Posição: 12
2025-12-19 18:02:25.157 | WARNING  | __main__:processar_oferta:150 - 🚫 Bloqueado: None
2025-12-19 18:03:23.102 | INFO     | __main__:processar_oferta:153 - 🔎 Captado: AMAZON
2025-12-19 18:03:23.132 | INFO     | __main__:processar_oferta:153 - 🔎 Captado: AMAZON
2025-12-19 18:03:23.209 | INFO     | __main__:processar_oferta:153 - 🔎 Captado: AMAZON
2025-12-19 18:03:23.457 | INFO     | __main__:processar_oferta:171 - 📥 Adicionado à fila. Posição: 13
2025-12-19 18:03:23.554 | INFO     | __main__:processar_oferta:171 - 📥 Adicionado à fila. Posição: 14
2025-12-19 18:03:23.612 | INFO     | __main__:processar_oferta:171 - 📥 Adicionado à fila. Posição: 15
2025-12-19 18:03:23.660 | INFO     | __main__:processar_oferta:153 - 🔎 Captado: AMAZON
2025-12-19 18:03:23.707 | WARNING  | __main__:processar_oferta:150 - 🚫 Bloqueado: None
2025-12-19 18:03:23.853 | INFO     | __main__:processar_oferta:171 - 📥 Adicionado à fila. Posição: 16
2025-12-19 18:03:24.477 | INFO     | __main__:processar_oferta:153 - 🔎 Captado: AMAZON
2025-12-19 18:03:24.674 | INFO     | __main__:processar_oferta:171 - 📥 Adicionado à fila. Posição: 17
2025-12-19 18:03:36.404 | INFO     | __main__:trabalhador_da_fila:81 - 🤖 Gerando legenda 'Vendedor Agressivo' para: AMAZON...
2025-12-19 18:03:36.689 | WARNING  | src.core.ai_brain:gerar_legenda:43 - ⚠️ Gemini falhou/cota cheia (429 You exceeded your current quota, please check your plan and billing details. For more information on this error, head to: https://ai.google.dev/gemini-api/docs/rate-limits. To monitor your current usage, head to: https://ai.dev/usage?tab=rate-limit. 
* Quota exceeded for metric: generativelanguage.googleapis.com/generate_content_free_tier_requests, limit: 20, model: gemini-2.5-flash
Please retry in 23.288605179s. [links {
  description: "Learn more about Gemini API quotas"
  url: "https://ai.google.dev/gemini-api/docs/rate-limits"
}
, violations {
  quota_metric: "generativelanguage.googleapis.com/generate_content_free_tier_requests"
  quota_id: "GenerateRequestsPerDayPerProjectPerModel-FreeTier"
  quota_dimensions {
    key: "model"
    value: "gemini-2.5-flash"
  }
  quota_dimensions {
    key: "location"
    value: "global"
  }
  quota_value: 20
}
, retry_delay {
  seconds: 23
}
]). Acionando Groq...
2025-12-19 18:03:37.258 | INFO     | __main__:trabalhador_da_fila:88 - 🚀 Enviando oferta processada: AMAZON
2025-12-19 18:03:37.910 | WARNING  | src.infrastructure.whatsapp_client:enviar_oferta:56 - ⚠️ Falha Mídia (503): {"error":true,"message":"WhatsApp disconnected"}

2025-12-19 18:03:38.589 | ERROR    | src.infrastructure.whatsapp_client:enviar_oferta:86 - ❌ Erro UAZAPI (503): {"error":true,"message":"WhatsApp disconnected"}

2025-12-19 18:03:38.590 | ERROR    | __main__:trabalhador_da_fila:96 - ❌ Erro WA (Status: 503)
2025-12-19 18:03:38.590 | INFO     | __main__:trabalhador_da_fila:117 - ⏳ Twitter em cooldown (429). Pulando envio.
2025-12-19 18:03:39.591 | INFO     | __main__:trabalhador_da_fila:131 - ⏳ Aguardando 3 minutos para a próxima...
2025-12-19 18:04:23.009 | INFO     | __main__:processar_oferta:153 - 🔎 Captado: AMAZON
2025-12-19 18:04:23.077 | INFO     | __main__:processar_oferta:153 - 🔎 Captado: AMAZON
2025-12-19 18:04:23.087 | INFO     | __main__:processar_oferta:153 - 🔎 Captado: AMAZON
2025-12-19 18:04:23.327 | INFO     | __main__:processar_oferta:171 - 📥 Adicionado à fila. Posição: 17
2025-12-19 18:04:23.383 | INFO     | __main__:processar_oferta:171 - 📥 Adicionado à fila. Posição: 18
2025-12-19 18:04:23.392 | INFO     | __main__:processar_oferta:153 - 🔎 Captado: AMAZON
2025-12-19 18:04:23.568 | INFO     | __main__:processar_oferta:171 - 📥 Adicionado à fila. Posição: 19
2025-12-19 18:04:23.708 | INFO     | __main__:processar_oferta:171 - 📥 Adicionado à fila. Posição: 20
2025-12-19 18:04:24.410 | INFO     | __main__:processar_oferta:153 - 🔎 Captado: AMAZON
2025-12-19 18:04:24.649 | INFO     | __main__:processar_oferta:171 - 📥 Adicionado à fila. Posição: 21
2025-12-19 18:05:23.007 | INFO     | __main__:processar_oferta:153 - 🔎 Captado: AMAZON
2025-12-19 18:05:23.327 | INFO     | __main__:processar_oferta:171 - 📥 Adicionado à fila. Posição: 22
2025-12-19 18:05:23.399 | INFO     | __main__:processar_oferta:153 - 🔎 Captado: AMAZON
2025-12-19 18:05:23.605 | INFO     | __main__:processar_oferta:171 - 📥 Adicionado à fila. Posição: 23
2025-12-19 18:05:24.085 | INFO     | __main__:processar_oferta:153 - 🔎 Captado: AMAZON
2025-12-19 18:05:24.397 | INFO     | __main__:processar_oferta:171 - 📥 Adicionado à fila. Posição: 24
2025-12-19 18:05:25.271 | INFO     | __main__:processar_oferta:153 - 🔎 Captado: AMAZON
2025-12-19 18:05:25.791 | INFO     | __main__:processar_oferta:171 - 📥 Adicionado à fila. Posição: 25
2025-12-19 18:06:22.997 | WARNING  | __main__:processar_oferta:150 - 🚫 Bloqueado: None
2025-12-19 18:06:25.237 | INFO     | __main__:processar_oferta:153 - 🔎 Captado: AMAZON
2025-12-19 18:06:26.605 | INFO     | __main__:processar_oferta:171 - 📥 Adicionado à fila. Posição: 26
2025-12-19 18:06:39.597 | INFO     | __main__:trabalhador_da_fila:81 - 🤖 Gerando legenda 'Vendedor Agressivo' para: AMAZON...
2025-12-19 18:06:39.880 | WARNING  | src.core.ai_brain:gerar_legenda:43 - ⚠️ Gemini falhou/cota cheia (429 You exceeded your current quota, please check your plan and billing details. For more information on this error, head to: https://ai.google.dev/gemini-api/docs/rate-limits. To monitor your current usage, head to: https://ai.dev/usage?tab=rate-limit. 
* Quota exceeded for metric: generativelanguage.googleapis.com/generate_content_free_tier_requests, limit: 20, model: gemini-2.5-flash
Please retry in 20.099611962s. [links {
  description: "Learn more about Gemini API quotas"
  url: "https://ai.google.dev/gemini-api/docs/rate-limits"
}
, violations {
  quota_metric: "generativelanguage.googleapis.com/generate_content_free_tier_requests"
  quota_id: "GenerateRequestsPerDayPerProjectPerModel-FreeTier"
  quota_dimensions {
    key: "model"
    value: "gemini-2.5-flash"
  }
  quota_dimensions {
    key: "location"
    value: "global"
  }
  quota_value: 20
}
, retry_delay {
  seconds: 20
}
]). Acionando Groq...
2025-12-19 18:06:40.973 | INFO     | __main__:trabalhador_da_fila:88 - 🚀 Enviando oferta processada: AMAZON
2025-12-19 18:06:41.712 | WARNING  | src.infrastructure.whatsapp_client:enviar_oferta:56 - ⚠️ Falha Mídia (503): {"error":true,"message":"WhatsApp disconnected"}

2025-12-19 18:06:42.532 | ERROR    | src.infrastructure.whatsapp_client:enviar_oferta:86 - ❌ Erro UAZAPI (503): {"error":true,"message":"WhatsApp disconnected"}

2025-12-19 18:06:42.532 | ERROR    | __main__:trabalhador_da_fila:96 - ❌ Erro WA (Status: 503)
2025-12-19 18:06:42.532 | INFO     | __main__:trabalhador_da_fila:117 - ⏳ Twitter em cooldown (429). Pulando envio.
2025-12-19 18:06:43.534 | INFO     | __main__:trabalhador_da_fila:131 - ⏳ Aguardando 3 minutos para a próxima...
2025-12-19 18:07:23.322 | INFO     | __main__:processar_oferta:153 - 🔎 Captado: AMAZON
2025-12-19 18:07:24.382 | INFO     | __main__:processar_oferta:171 - 📥 Adicionado à fila. Posição: 26
2025-12-19 18:08:22.831 | WARNING  | __main__:processar_oferta:150 - 🚫 Bloqueado: None
2025-12-19 18:08:22.979 | WARNING  | __main__:processar_oferta:150 - 🚫 Bloqueado: None
2025-12-19 18:09:43.538 | INFO     | __main__:trabalhador_da_fila:81 - 🤖 Gerando legenda 'Vendedor Agressivo' para: AMAZON...
2025-12-19 18:09:43.828 | WARNING  | src.core.ai_brain:gerar_legenda:43 - ⚠️ Gemini falhou/cota cheia (429 You exceeded your current quota, please check your plan and billing details. For more information on this error, head to: https://ai.google.dev/gemini-api/docs/rate-limits. To monitor your current usage, head to: https://ai.dev/usage?tab=rate-limit. 
* Quota exceeded for metric: generativelanguage.googleapis.com/generate_content_free_tier_requests, limit: 20, model: gemini-2.5-flash
Please retry in 16.151152554s. [links {
  description: "Learn more about Gemini API quotas"
  url: "https://ai.google.dev/gemini-api/docs/rate-limits"
}
, violations {
  quota_metric: "generativelanguage.googleapis.com/generate_content_free_tier_requests"
  quota_id: "GenerateRequestsPerDayPerProjectPerModel-FreeTier"
  quota_dimensions {
    key: "model"
    value: "gemini-2.5-flash"
  }
  quota_dimensions {
    key: "location"
    value: "global"
  }
  quota_value: 20
}
, retry_delay {
  seconds: 16
}
]). Acionando Groq...
2025-12-19 18:09:44.342 | INFO     | __main__:trabalhador_da_fila:88 - 🚀 Enviando oferta processada: AMAZON
2025-12-19 18:09:44.942 | WARNING  | src.infrastructure.whatsapp_client:enviar_oferta:56 - ⚠️ Falha Mídia (503): {"error":true,"message":"WhatsApp disconnected"}

2025-12-19 18:09:45.487 | ERROR    | src.infrastructure.whatsapp_client:enviar_oferta:86 - ❌ Erro UAZAPI (503): {"error":true,"message":"WhatsApp disconnected"}

2025-12-19 18:09:45.488 | ERROR    | __main__:trabalhador_da_fila:96 - ❌ Erro WA (Status: 503)
2025-12-19 18:09:45.488 | INFO     | __main__:trabalhador_da_fila:117 - ⏳ Twitter em cooldown (429). Pulando envio.
2025-12-19 18:09:46.491 | INFO     | __main__:trabalhador_da_fila:131 - ⏳ Aguardando 3 minutos para a próxima...
2025-12-19 18:10:11.482 | INFO     | __main__:processar_oferta:153 - 🔎 Captado: AMAZON
2025-12-19 18:10:12.507 | INFO     | __main__:processar_oferta:171 - 📥 Adicionado à fila. Posição: 26
2025-12-19 18:10:32.899 | WARNING  | __main__:processar_oferta:150 - 🚫 Bloqueado: None
2025-12-19 18:11:23.657 | INFO     | __main__:processar_oferta:153 - 🔎 Captado: AMAZON
2025-12-19 18:11:23.848 | INFO     | __main__:processar_oferta:153 - 🔎 Captado: AMAZON
2025-12-19 18:11:24.023 | INFO     | __main__:processar_oferta:171 - 📥 Adicionado à fila. Posição: 27
2025-12-19 18:11:24.385 | INFO     | __main__:processar_oferta:171 - 📥 Adicionado à fila. Posição: 28
2025-12-19 18:12:24.236 | WARNING  | __main__:processar_oferta:150 - 🚫 Bloqueado: None
2025-12-19 18:12:46.506 | INFO     | __main__:trabalhador_da_fila:81 - 🤖 Gerando legenda 'Vendedor Agressivo' para: AMAZON...
2025-12-19 18:12:46.798 | WARNING  | src.core.ai_brain:gerar_legenda:43 - ⚠️ Gemini falhou/cota cheia (429 You exceeded your current quota, please check your plan and billing details. For more information on this error, head to: https://ai.google.dev/gemini-api/docs/rate-limits. To monitor your current usage, head to: https://ai.dev/usage?tab=rate-limit. 
* Quota exceeded for metric: generativelanguage.googleapis.com/generate_content_free_tier_requests, limit: 20, model: gemini-2.5-flash
Please retry in 13.176844879s. [links {
  description: "Learn more about Gemini API quotas"
  url: "https://ai.google.dev/gemini-api/docs/rate-limits"
}
, violations {
  quota_metric: "generativelanguage.googleapis.com/generate_content_free_tier_requests"
  quota_id: "GenerateRequestsPerDayPerProjectPerModel-FreeTier"
  quota_dimensions {
    key: "model"
    value: "gemini-2.5-flash"
  }
  quota_dimensions {
    key: "location"
    value: "global"
  }
  quota_value: 20
}
, retry_delay {
  seconds: 13
}
]). Acionando Groq...
2025-12-19 18:12:47.338 | INFO     | __main__:trabalhador_da_fila:88 - 🚀 Enviando oferta processada: AMAZON
2025-12-19 18:12:47.922 | WARNING  | src.infrastructure.whatsapp_client:enviar_oferta:56 - ⚠️ Falha Mídia (503): {"error":true,"message":"WhatsApp disconnected"}

2025-12-19 18:12:48.535 | ERROR    | src.infrastructure.whatsapp_client:enviar_oferta:86 - ❌ Erro UAZAPI (503): {"error":true,"message":"WhatsApp disconnected"}

2025-12-19 18:12:48.535 | ERROR    | __main__:trabalhador_da_fila:96 - ❌ Erro WA (Status: 503)
2025-12-19 18:12:48.536 | INFO     | __main__:trabalhador_da_fila:117 - ⏳ Twitter em cooldown (429). Pulando envio.
2025-12-19 18:12:49.537 | INFO     | __main__:trabalhador_da_fila:131 - ⏳ Aguardando 3 minutos para a próxima...
2025-12-19 18:13:02.322 | INFO     | __main__:processar_oferta:153 - 🔎 Captado: AMAZON
2025-12-19 18:13:02.663 | INFO     | __main__:processar_oferta:171 - 📥 Adicionado à fila. Posição: 28
2025-12-19 18:15:23.005 | WARNING  | __main__:processar_oferta:150 - 🚫 Bloqueado: None
2025-12-19 18:15:49.551 | INFO     | __main__:trabalhador_da_fila:81 - 🤖 Gerando legenda 'Vendedor Agressivo' para: AMAZON...
2025-12-19 18:15:49.845 | WARNING  | src.core.ai_brain:gerar_legenda:43 - ⚠️ Gemini falhou/cota cheia (429 You exceeded your current quota, please check your plan and billing details. For more information on this error, head to: https://ai.google.dev/gemini-api/docs/rate-limits. To monitor your current usage, head to: https://ai.dev/usage?tab=rate-limit. 
* Quota exceeded for metric: generativelanguage.googleapis.com/generate_content_free_tier_requests, limit: 20, model: gemini-2.5-flash
Please retry in 10.133601665s. [links {
  description: "Learn more about Gemini API quotas"
  url: "https://ai.google.dev/gemini-api/docs/rate-limits"
}
, violations {
  quota_metric: "generativelanguage.googleapis.com/generate_content_free_tier_requests"
  quota_id: "GenerateRequestsPerDayPerProjectPerModel-FreeTier"
  quota_dimensions {
    key: "model"
    value: "gemini-2.5-flash"
  }
  quota_dimensions {
    key: "location"
    value: "global"
  }
  quota_value: 20
}
, retry_delay {
  seconds: 10
}
]). Acionando Groq...
2025-12-19 18:15:50.685 | INFO     | __main__:trabalhador_da_fila:88 - 🚀 Enviando oferta processada: AMAZON
2025-12-19 18:15:51.474 | WARNING  | src.infrastructure.whatsapp_client:enviar_oferta:56 - ⚠️ Falha Mídia (503): {"error":true,"message":"WhatsApp disconnected"}

2025-12-19 18:15:52.210 | ERROR    | src.infrastructure.whatsapp_client:enviar_oferta:86 - ❌ Erro UAZAPI (503): {"error":true,"message":"WhatsApp disconnected"}

2025-12-19 18:15:52.210 | ERROR    | __main__:trabalhador_da_fila:96 - ❌ Erro WA (Status: 503)
2025-12-19 18:15:52.210 | INFO     | __main__:trabalhador_da_fila:117 - ⏳ Twitter em cooldown (429). Pulando envio.
2025-12-19 18:15:53.222 | INFO     | __main__:trabalhador_da_fila:131 - ⏳ Aguardando 3 minutos para a próxima...
2025-12-19 18:17:24.046 | WARNING  | __main__:processar_oferta:150 - 🚫 Bloqueado: MERCADO LIVRE
2025-12-19 18:17:25.085 | INFO     | __main__:processar_oferta:153 - 🔎 Captado: AMAZON
2025-12-19 18:17:25.828 | INFO     | __main__:processar_oferta:171 - 📥 Adicionado à fila. Posição: 28
2025-12-19 18:18:23.918 | WARNING  | __main__:processar_oferta:150 - 🚫 Bloqueado: MERCADO LIVRE
2025-12-19 18:18:53.226 | INFO     | __main__:trabalhador_da_fila:81 - 🤖 Gerando legenda 'Vendedor Agressivo' para: SHOPEE...
2025-12-19 18:18:53.511 | WARNING  | src.core.ai_brain:gerar_legenda:43 - ⚠️ Gemini falhou/cota cheia (429 You exceeded your current quota, please check your plan and billing details. For more information on this error, head to: https://ai.google.dev/gemini-api/docs/rate-limits. To monitor your current usage, head to: https://ai.dev/usage?tab=rate-limit. 
* Quota exceeded for metric: generativelanguage.googleapis.com/generate_content_free_tier_requests, limit: 20, model: gemini-2.5-flash
Please retry in 6.459910248s. [links {
  description: "Learn more about Gemini API quotas"
  url: "https://ai.google.dev/gemini-api/docs/rate-limits"
}
, violations {
  quota_metric: "generativelanguage.googleapis.com/generate_content_free_tier_requests"
  quota_id: "GenerateRequestsPerDayPerProjectPerModel-FreeTier"
  quota_dimensions {
    key: "model"
    value: "gemini-2.5-flash"
  }
  quota_dimensions {
    key: "location"
    value: "global"
  }
  quota_value: 20
}
, retry_delay {
  seconds: 6
}
]). Acionando Groq...
2025-12-19 18:18:54.108 | INFO     | __main__:trabalhador_da_fila:88 - 🚀 Enviando oferta processada: SHOPEE
2025-12-19 18:18:54.693 | WARNING  | src.infrastructure.whatsapp_client:enviar_oferta:56 - ⚠️ Falha Mídia (503): {"error":true,"message":"WhatsApp disconnected"}

2025-12-19 18:18:55.232 | ERROR    | src.infrastructure.whatsapp_client:enviar_oferta:86 - ❌ Erro UAZAPI (503): {"error":true,"message":"WhatsApp disconnected"}

2025-12-19 18:18:55.232 | ERROR    | __main__:trabalhador_da_fila:96 - ❌ Erro WA (Status: 503)
2025-12-19 18:18:55.232 | INFO     | __main__:trabalhador_da_fila:117 - ⏳ Twitter em cooldown (429). Pulando envio.
2025-12-19 18:18:56.242 | INFO     | __main__:trabalhador_da_fila:131 - ⏳ Aguardando 3 minutos para a próxima...
2025-12-19 18:20:25.782 | INFO     | __main__:processar_oferta:153 - 🔎 Captado: AMAZON
2025-12-19 18:20:26.104 | INFO     | __main__:processar_oferta:171 - 📥 Adicionado à fila. Posição: 28
2025-12-19 18:20:26.845 | INFO     | __main__:processar_oferta:153 - 🔎 Captado: AMAZON
2025-12-19 18:20:27.160 | INFO     | __main__:processar_oferta:171 - 📥 Adicionado à fila. Posição: 29
2025-12-19 18:20:27.921 | INFO     | __main__:processar_oferta:153 - 🔎 Captado: AMAZON
2025-12-19 18:20:28.233 | INFO     | __main__:processar_oferta:171 - 📥 Adicionado à fila. Posição: 30
2025-12-19 18:21:23.692 | INFO     | __main__:processar_oferta:153 - 🔎 Captado: AMAZON
2025-12-19 18:21:24.527 | INFO     | __main__:processar_oferta:171 - 📥 Adicionado à fila. Posição: 31
2025-12-19 18:21:56.249 | INFO     | __main__:trabalhador_da_fila:81 - 🤖 Gerando legenda 'Vendedor Agressivo' para: AMAZON...
2025-12-19 18:21:56.534 | WARNING  | src.core.ai_brain:gerar_legenda:43 - ⚠️ Gemini falhou/cota cheia (429 You exceeded your current quota, please check your plan and billing details. For more information on this error, head to: https://ai.google.dev/gemini-api/docs/rate-limits. To monitor your current usage, head to: https://ai.dev/usage?tab=rate-limit. 
* Quota exceeded for metric: generativelanguage.googleapis.com/generate_content_free_tier_requests, limit: 20, model: gemini-2.5-flash
Please retry in 3.440972456s. [links {
  description: "Learn more about Gemini API quotas"
  url: "https://ai.google.dev/gemini-api/docs/rate-limits"
}
, violations {
  quota_metric: "generativelanguage.googleapis.com/generate_content_free_tier_requests"
  quota_id: "GenerateRequestsPerDayPerProjectPerModel-FreeTier"
  quota_dimensions {
    key: "model"
    value: "gemini-2.5-flash"
  }
  quota_dimensions {
    key: "location"
    value: "global"
  }
  quota_value: 20
}
, retry_delay {
  seconds: 3
}
]). Acionando Groq...
2025-12-19 18:21:56.992 | INFO     | __main__:trabalhador_da_fila:88 - 🚀 Enviando oferta processada: AMAZON
2025-12-19 18:21:57.548 | WARNING  | src.infrastructure.whatsapp_client:enviar_oferta:56 - ⚠️ Falha Mídia (503): {"error":true,"message":"WhatsApp disconnected"}

2025-12-19 18:21:58.089 | ERROR    | src.infrastructure.whatsapp_client:enviar_oferta:86 - ❌ Erro UAZAPI (503): {"error":true,"message":"WhatsApp disconnected"}

2025-12-19 18:21:58.089 | ERROR    | __main__:trabalhador_da_fila:96 - ❌ Erro WA (Status: 503)
2025-12-19 18:22:17.276 | WARNING  | __main__:trabalhador_da_fila:115 - 🐦 Erro Twitter: HTTPSConnectionPool(host='api.twitter.com', port=443): Read timed out. (read timeout=None)
2025-12-19 18:22:18.291 | INFO     | __main__:trabalhador_da_fila:131 - ⏳ Aguardando 3 minutos para a próxima...
2025-12-19 18:22:25.974 | INFO     | __main__:processar_oferta:153 - 🔎 Captado: AMAZON
2025-12-19 18:22:26.806 | INFO     | __main__:processar_oferta:171 - 📥 Adicionado à fila. Posição: 31
2025-12-19 18:23:23.204 | WARNING  | __main__:processar_oferta:150 - 🚫 Bloqueado: None
2025-12-19 18:24:23.961 | WARNING  | __main__:processar_oferta:150 - 🚫 Bloqueado: None
2025-12-19 18:24:25.541 | INFO     | __main__:processar_oferta:153 - 🔎 Captado: AMAZON
2025-12-19 18:24:25.883 | INFO     | __main__:processar_oferta:171 - 📥 Adicionado à fila. Posição: 32
2025-12-19 18:24:25.887 | INFO     | __main__:processar_oferta:153 - 🔎 Captado: AMAZON
2025-12-19 18:24:26.296 | INFO     | __main__:processar_oferta:171 - 📥 Adicionado à fila. Posição: 33
2025-12-19 18:24:26.931 | INFO     | __main__:processar_oferta:153 - 🔎 Captado: AMAZON
2025-12-19 18:24:27.342 | INFO     | __main__:processar_oferta:171 - 📥 Adicionado à fila. Posição: 34
2025-12-19 18:24:29.693 | INFO     | __main__:processar_oferta:153 - 🔎 Captado: AMAZON
2025-12-19 18:24:30.249 | INFO     | __main__:processar_oferta:171 - 📥 Adicionado à fila. Posição: 35
2025-12-19 18:25:18.295 | INFO     | __main__:trabalhador_da_fila:81 - 🤖 Gerando legenda 'Vendedor Agressivo' para: SHOPEE...
2025-12-19 18:25:18.569 | WARNING  | src.core.ai_brain:gerar_legenda:43 - ⚠️ Gemini falhou/cota cheia (429 You exceeded your current quota, please check your plan and billing details. For more information on this error, head to: https://ai.google.dev/gemini-api/docs/rate-limits. To monitor your current usage, head to: https://ai.dev/usage?tab=rate-limit. 
* Quota exceeded for metric: generativelanguage.googleapis.com/generate_content_free_tier_requests, limit: 20, model: gemini-2.5-flash
Please retry in 41.4028748s. [links {
  description: "Learn more about Gemini API quotas"
  url: "https://ai.google.dev/gemini-api/docs/rate-limits"
}
, violations {
  quota_metric: "generativelanguage.googleapis.com/generate_content_free_tier_requests"
  quota_id: "GenerateRequestsPerDayPerProjectPerModel-FreeTier"
  quota_dimensions {
    key: "model"
    value: "gemini-2.5-flash"
  }
  quota_dimensions {
    key: "location"
    value: "global"
  }
  quota_value: 20
}
, retry_delay {
  seconds: 41
}
]). Acionando Groq...
2025-12-19 18:25:19.090 | INFO     | __main__:trabalhador_da_fila:88 - 🚀 Enviando oferta processada: SHOPEE
2025-12-19 18:25:19.656 | WARNING  | src.infrastructure.whatsapp_client:enviar_oferta:56 - ⚠️ Falha Mídia (503): {"error":true,"message":"WhatsApp disconnected"}

2025-12-19 18:25:20.198 | ERROR    | src.infrastructure.whatsapp_client:enviar_oferta:86 - ❌ Erro UAZAPI (503): {"error":true,"message":"WhatsApp disconnected"}

2025-12-19 18:25:20.198 | ERROR    | __main__:trabalhador_da_fila:96 - ❌ Erro WA (Status: 503)
2025-12-19 18:25:20.696 | WARNING  | __main__:trabalhador_da_fila:112 - ⛔ Twitter 429 (Muitas requisições). Pausando X por 30min.
2025-12-19 18:25:21.701 | INFO     | __main__:trabalhador_da_fila:131 - ⏳ Aguardando 3 minutos para a próxima...
2025-12-19 18:27:24.495 | INFO     | __main__:processar_oferta:153 - 🔎 Captado: AMAZON
2025-12-19 18:27:25.301 | INFO     | __main__:processar_oferta:171 - 📥 Adicionado à fila. Posição: 35
2025-12-19 18:28:21.706 | INFO     | __main__:trabalhador_da_fila:81 - 🤖 Gerando legenda 'Vendedor Agressivo' para: AMAZON...
2025-12-19 18:28:21.980 | WARNING  | src.core.ai_brain:gerar_legenda:43 - ⚠️ Gemini falhou/cota cheia (429 You exceeded your current quota, please check your plan and billing details. For more information on this error, head to: https://ai.google.dev/gemini-api/docs/rate-limits. To monitor your current usage, head to: https://ai.dev/usage?tab=rate-limit. 
* Quota exceeded for metric: generativelanguage.googleapis.com/generate_content_free_tier_requests, limit: 20, model: gemini-2.5-flash
Please retry in 37.990775115s. [links {
  description: "Learn more about Gemini API quotas"
  url: "https://ai.google.dev/gemini-api/docs/rate-limits"
}
, violations {
  quota_metric: "generativelanguage.googleapis.com/generate_content_free_tier_requests"
  quota_id: "GenerateRequestsPerDayPerProjectPerModel-FreeTier"
  quota_dimensions {
    key: "model"
    value: "gemini-2.5-flash"
  }
  quota_dimensions {
    key: "location"
    value: "global"
  }
  quota_value: 20
}
, retry_delay {
  seconds: 37
}
]). Acionando Groq...
2025-12-19 18:28:22.578 | INFO     | __main__:trabalhador_da_fila:88 - 🚀 Enviando oferta processada: AMAZON
2025-12-19 18:28:23.290 | WARNING  | src.infrastructure.whatsapp_client:enviar_oferta:56 - ⚠️ Falha Mídia (503): {"error":true,"message":"WhatsApp disconnected"}

2025-12-19 18:28:23.972 | ERROR    | src.infrastructure.whatsapp_client:enviar_oferta:86 - ❌ Erro UAZAPI (503): {"error":true,"message":"WhatsApp disconnected"}

2025-12-19 18:28:23.973 | ERROR    | __main__:trabalhador_da_fila:96 - ❌ Erro WA (Status: 503)
2025-12-19 18:28:23.973 | INFO     | __main__:trabalhador_da_fila:117 - ⏳ Twitter em cooldown (429). Pulando envio.
2025-12-19 18:28:24.987 | INFO     | __main__:trabalhador_da_fila:131 - ⏳ Aguardando 3 minutos para a próxima...
2025-12-19 18:30:23.806 | INFO     | __main__:processar_oferta:153 - 🔎 Captado: NETSHOES
2025-12-19 18:30:25.001 | INFO     | __main__:processar_oferta:171 - 📥 Adicionado à fila. Posição: 35
2025-12-19 18:31:24.880 | INFO     | __main__:processar_oferta:153 - 🔎 Captado: ALIEXPRESS
2025-12-19 18:31:24.991 | INFO     | __main__:trabalhador_da_fila:81 - 🤖 Gerando legenda 'Vendedor Agressivo' para: SHOPEE...
2025-12-19 18:31:25.359 | INFO     | __main__:processar_oferta:171 - 📥 Adicionado à fila. Posição: 35
2025-12-19 18:31:25.360 | WARNING  | src.core.ai_brain:gerar_legenda:43 - ⚠️ Gemini falhou/cota cheia (429 You exceeded your current quota, please check your plan and billing details. For more information on this error, head to: https://ai.google.dev/gemini-api/docs/rate-limits. To monitor your current usage, head to: https://ai.dev/usage?tab=rate-limit. 
* Quota exceeded for metric: generativelanguage.googleapis.com/generate_content_free_tier_requests, limit: 20, model: gemini-2.5-flash
Please retry in 34.687378455s. [links {
  description: "Learn more about Gemini API quotas"
  url: "https://ai.google.dev/gemini-api/docs/rate-limits"
}
, violations {
  quota_metric: "generativelanguage.googleapis.com/generate_content_free_tier_requests"
  quota_id: "GenerateRequestsPerDayPerProjectPerModel-FreeTier"
  quota_dimensions {
    key: "model"
    value: "gemini-2.5-flash"
  }
  quota_dimensions {
    key: "location"
    value: "global"
  }
  quota_value: 20
}
, retry_delay {
  seconds: 34
}
]). Acionando Groq...
2025-12-19 18:31:26.036 | INFO     | __main__:trabalhador_da_fila:88 - 🚀 Enviando oferta processada: SHOPEE
2025-12-19 18:31:26.553 | ERROR    | src.infrastructure.whatsapp_client:enviar_oferta:86 - ❌ Erro UAZAPI (503): {"error":true,"message":"WhatsApp disconnected"}

2025-12-19 18:31:26.553 | ERROR    | __main__:trabalhador_da_fila:96 - ❌ Erro WA (Status: 503)
2025-12-19 18:31:26.553 | INFO     | __main__:trabalhador_da_fila:117 - ⏳ Twitter em cooldown (429). Pulando envio.
2025-12-19 18:31:26.554 | INFO     | __main__:trabalhador_da_fila:131 - ⏳ Aguardando 3 minutos para a próxima...
2025-12-19 18:31:28.617 | INFO     | __main__:processar_oferta:153 - 🔎 Captado: ALIEXPRESS
2025-12-19 18:31:29.108 | INFO     | __main__:processar_oferta:171 - 📥 Adicionado à fila. Posição: 36
2025-12-19 18:34:26.559 | INFO     | __main__:trabalhador_da_fila:81 - 🤖 Gerando legenda 'Vendedor Agressivo' para: SHOPEE...
2025-12-19 18:34:26.840 | WARNING  | src.core.ai_brain:gerar_legenda:43 - ⚠️ Gemini falhou/cota cheia (429 You exceeded your current quota, please check your plan and billing details. For more information on this error, head to: https://ai.google.dev/gemini-api/docs/rate-limits. To monitor your current usage, head to: https://ai.dev/usage?tab=rate-limit. 
* Quota exceeded for metric: generativelanguage.googleapis.com/generate_content_free_tier_requests, limit: 20, model: gemini-2.5-flash
Please retry in 33.132793355s. [links {
  description: "Learn more about Gemini API quotas"
  url: "https://ai.google.dev/gemini-api/docs/rate-limits"
}
, violations {
  quota_metric: "generativelanguage.googleapis.com/generate_content_free_tier_requests"
  quota_id: "GenerateRequestsPerDayPerProjectPerModel-FreeTier"
  quota_dimensions {
    key: "model"
    value: "gemini-2.5-flash"
  }
  quota_dimensions {
    key: "location"
    value: "global"
  }
  quota_value: 20
}
, retry_delay {
  seconds: 33
}
]). Acionando Groq...
2025-12-19 18:34:27.401 | INFO     | __main__:trabalhador_da_fila:88 - 🚀 Enviando oferta processada: SHOPEE
2025-12-19 18:34:27.898 | ERROR    | src.infrastructure.whatsapp_client:enviar_oferta:86 - ❌ Erro UAZAPI (503): {"error":true,"message":"WhatsApp disconnected"}

2025-12-19 18:34:27.899 | ERROR    | __main__:trabalhador_da_fila:96 - ❌ Erro WA (Status: 503)
2025-12-19 18:34:27.899 | INFO     | __main__:trabalhador_da_fila:117 - ⏳ Twitter em cooldown (429). Pulando envio.
2025-12-19 18:34:27.899 | INFO     | __main__:trabalhador_da_fila:131 - ⏳ Aguardando 3 minutos para a próxima...
2025-12-19 18:36:25.537 | INFO     | __main__:processar_oferta:153 - 🔎 Captado: AMAZON
2025-12-19 18:36:26.297 | INFO     | __main__:processar_oferta:171 - 📥 Adicionado à fila. Posição: 36
2025-12-19 18:37:27.906 | INFO     | __main__:trabalhador_da_fila:81 - 🤖 Gerando legenda 'Vendedor Agressivo' para: AMAZON...
2025-12-19 18:37:28.186 | WARNING  | src.core.ai_brain:gerar_legenda:43 - ⚠️ Gemini falhou/cota cheia (429 You exceeded your current quota, please check your plan and billing details. For more information on this error, head to: https://ai.google.dev/gemini-api/docs/rate-limits. To monitor your current usage, head to: https://ai.dev/usage?tab=rate-limit. 
* Quota exceeded for metric: generativelanguage.googleapis.com/generate_content_free_tier_requests, limit: 20, model: gemini-2.5-flash
Please retry in 31.782823211s. [links {
  description: "Learn more about Gemini API quotas"
  url: "https://ai.google.dev/gemini-api/docs/rate-limits"
}
, violations {
  quota_metric: "generativelanguage.googleapis.com/generate_content_free_tier_requests"
  quota_id: "GenerateRequestsPerDayPerProjectPerModel-FreeTier"
  quota_dimensions {
    key: "model"
    value: "gemini-2.5-flash"
  }
  quota_dimensions {
    key: "location"
    value: "global"
  }
  quota_value: 20
}
, retry_delay {
  seconds: 31
}
]). Acionando Groq...
2025-12-19 18:37:28.868 | INFO     | __main__:trabalhador_da_fila:88 - 🚀 Enviando oferta processada: AMAZON
2025-12-19 18:37:30.269 | WARNING  | src.infrastructure.whatsapp_client:enviar_oferta:56 - ⚠️ Falha Mídia (503): {"error":true,"message":"WhatsApp disconnected"}

2025-12-19 18:37:31.531 | ERROR    | src.infrastructure.whatsapp_client:enviar_oferta:86 - ❌ Erro UAZAPI (503): {"error":true,"message":"WhatsApp disconnected"}

2025-12-19 18:37:31.531 | ERROR    | __main__:trabalhador_da_fila:96 - ❌ Erro WA (Status: 503)
2025-12-19 18:37:31.531 | INFO     | __main__:trabalhador_da_fila:117 - ⏳ Twitter em cooldown (429). Pulando envio.
2025-12-19 18:37:32.544 | INFO     | __main__:trabalhador_da_fila:131 - ⏳ Aguardando 3 minutos para a próxima...
2025-12-19 18:38:23.285 | WARNING  | __main__:processar_oferta:150 - 🚫 Bloqueado: None
2025-12-19 18:38:23.368 | WARNING  | __main__:processar_oferta:150 - 🚫 Bloqueado: None
2025-12-19 18:38:25.900 | INFO     | __main__:processar_oferta:153 - 🔎 Captado: AMAZON
2025-12-19 18:38:26.734 | INFO     | __main__:processar_oferta:171 - 📥 Adicionado à fila. Posição: 36
2025-12-19 18:38:27.775 | INFO     | __main__:processar_oferta:153 - 🔎 Captado: ALIEXPRESS
2025-12-19 18:38:28.361 | INFO     | __main__:processar_oferta:171 - 📥 Adicionado à fila. Posição: 37
2025-12-19 18:40:32.557 | INFO     | __main__:trabalhador_da_fila:81 - 🤖 Gerando legenda 'Vendedor Agressivo' para: AMAZON...
2025-12-19 18:40:32.841 | WARNING  | src.core.ai_brain:gerar_legenda:43 - ⚠️ Gemini falhou/cota cheia (429 You exceeded your current quota, please check your plan and billing details. For more information on this error, head to: https://ai.google.dev/gemini-api/docs/rate-limits. To monitor your current usage, head to: https://ai.dev/usage?tab=rate-limit. 
* Quota exceeded for metric: generativelanguage.googleapis.com/generate_content_free_tier_requests, limit: 20, model: gemini-2.5-flash
Please retry in 27.132986329s. [links {
  description: "Learn more about Gemini API quotas"
  url: "https://ai.google.dev/gemini-api/docs/rate-limits"
}
, violations {
  quota_metric: "generativelanguage.googleapis.com/generate_content_free_tier_requests"
  quota_id: "GenerateRequestsPerDayPerProjectPerModel-FreeTier"
  quota_dimensions {
    key: "model"
    value: "gemini-2.5-flash"
  }
  quota_dimensions {
    key: "location"
    value: "global"
  }
  quota_value: 20
}
, retry_delay {
  seconds: 27
}
]). Acionando Groq...
2025-12-19 18:40:33.314 | INFO     | __main__:trabalhador_da_fila:88 - 🚀 Enviando oferta processada: AMAZON
2025-12-19 18:40:34.107 | WARNING  | src.infrastructure.whatsapp_client:enviar_oferta:56 - ⚠️ Falha Mídia (503): {"error":true,"message":"WhatsApp disconnected"}

2025-12-19 18:40:34.762 | ERROR    | src.infrastructure.whatsapp_client:enviar_oferta:86 - ❌ Erro UAZAPI (503): {"error":true,"message":"WhatsApp disconnected"}

2025-12-19 18:40:34.762 | ERROR    | __main__:trabalhador_da_fila:96 - ❌ Erro WA (Status: 503)
2025-12-19 18:40:34.762 | INFO     | __main__:trabalhador_da_fila:117 - ⏳ Twitter em cooldown (429). Pulando envio.
2025-12-19 18:40:35.767 | INFO     | __main__:trabalhador_da_fila:131 - ⏳ Aguardando 3 minutos para a próxima...
2025-12-19 18:41:24.282 | INFO     | __main__:processar_oferta:153 - 🔎 Captado: NETSHOES
2025-12-19 18:41:25.080 | INFO     | __main__:processar_oferta:171 - 📥 Adicionado à fila. Posição: 37
2025-12-19 18:43:35.783 | INFO     | __main__:trabalhador_da_fila:81 - 🤖 Gerando legenda 'Vendedor Agressivo' para: AMAZON...
2025-12-19 18:43:36.067 | WARNING  | src.core.ai_brain:gerar_legenda:43 - ⚠️ Gemini falhou/cota cheia (429 You exceeded your current quota, please check your plan and billing details. For more information on this error, head to: https://ai.google.dev/gemini-api/docs/rate-limits. To monitor your current usage, head to: https://ai.dev/usage?tab=rate-limit. 
* Quota exceeded for metric: generativelanguage.googleapis.com/generate_content_free_tier_requests, limit: 20, model: gemini-2.5-flash
Please retry in 23.901479002s. [links {
  description: "Learn more about Gemini API quotas"
  url: "https://ai.google.dev/gemini-api/docs/rate-limits"
}
, violations {
  quota_metric: "generativelanguage.googleapis.com/generate_content_free_tier_requests"
  quota_id: "GenerateRequestsPerDayPerProjectPerModel-FreeTier"
  quota_dimensions {
    key: "model"
    value: "gemini-2.5-flash"
  }
  quota_dimensions {
    key: "location"
    value: "global"
  }
  quota_value: 20
}
, retry_delay {
  seconds: 23
}
]). Acionando Groq...
2025-12-19 18:43:36.606 | INFO     | __main__:trabalhador_da_fila:88 - 🚀 Enviando oferta processada: AMAZON
2025-12-19 18:43:39.382 | SUCCESS  | src.infrastructure.whatsapp_client:enviar_oferta:53 - ✅ Mídia enviada (/send/media) para 120363422860849054@g.us
2025-12-19 18:43:39.383 | SUCCESS  | __main__:trabalhador_da_fila:94 - 📱 WhatsApp OK! (Fila: 36 restantes)
2025-12-19 18:43:39.383 | INFO     | __main__:trabalhador_da_fila:117 - ⏳ Twitter em cooldown (429). Pulando envio.
2025-12-19 18:43:40.398 | INFO     | __main__:trabalhador_da_fila:131 - ⏳ Aguardando 3 minutos para a próxima...
2025-12-19 18:44:24.389 | INFO     | __main__:processar_oferta:153 - 🔎 Captado: AMAZON
2025-12-19 18:44:24.696 | INFO     | __main__:processar_oferta:171 - 📥 Adicionado à fila. Posição: 37
2025-12-19 18:46:24.775 | WARNING  | __main__:processar_oferta:150 - 🚫 Bloqueado: None
2025-12-19 18:46:40.407 | INFO     | __main__:trabalhador_da_fila:81 - 🤖 Gerando legenda 'Vendedor Agressivo' para: AMAZON...
2025-12-19 18:46:40.687 | WARNING  | src.core.ai_brain:gerar_legenda:43 - ⚠️ Gemini falhou/cota cheia (429 You exceeded your current quota, please check your plan and billing details. For more information on this error, head to: https://ai.google.dev/gemini-api/docs/rate-limits. To monitor your current usage, head to: https://ai.dev/usage?tab=rate-limit. 
* Quota exceeded for metric: generativelanguage.googleapis.com/generate_content_free_tier_requests, limit: 20, model: gemini-2.5-flash
Please retry in 19.284979685s. [links {
  description: "Learn more about Gemini API quotas"
  url: "https://ai.google.dev/gemini-api/docs/rate-limits"
}
, violations {
  quota_metric: "generativelanguage.googleapis.com/generate_content_free_tier_requests"
  quota_id: "GenerateRequestsPerDayPerProjectPerModel-FreeTier"
  quota_dimensions {
    key: "model"
    value: "gemini-2.5-flash"
  }
  quota_dimensions {
    key: "location"
    value: "global"
  }
  quota_value: 20
}
, retry_delay {
  seconds: 19
}
]). Acionando Groq...
2025-12-19 18:46:41.365 | INFO     | __main__:trabalhador_da_fila:88 - 🚀 Enviando oferta processada: AMAZON
2025-12-19 18:46:43.746 | SUCCESS  | src.infrastructure.whatsapp_client:enviar_oferta:53 - ✅ Mídia enviada (/send/media) para 120363422860849054@g.us
2025-12-19 18:46:43.746 | SUCCESS  | __main__:trabalhador_da_fila:94 - 📱 WhatsApp OK! (Fila: 36 restantes)
2025-12-19 18:46:43.747 | INFO     | __main__:trabalhador_da_fila:117 - ⏳ Twitter em cooldown (429). Pulando envio.
2025-12-19 18:46:44.750 | INFO     | __main__:trabalhador_da_fila:131 - ⏳ Aguardando 3 minutos para a próxima...
2025-12-19 18:48:24.412 | WARNING  | __main__:processar_oferta:150 - 🚫 Bloqueado: None
2025-12-19 18:49:24.099 | INFO     | __main__:processar_oferta:153 - 🔎 Captado: AMAZON
2025-12-19 18:49:24.682 | INFO     | __main__:processar_oferta:171 - 📥 Adicionado à fila. Posição: 37
2025-12-19 18:49:44.766 | INFO     | __main__:trabalhador_da_fila:81 - 🤖 Gerando legenda 'Vendedor Agressivo' para: AMAZON...
2025-12-19 18:49:45.052 | WARNING  | src.core.ai_brain:gerar_legenda:43 - ⚠️ Gemini falhou/cota cheia (429 You exceeded your current quota, please check your plan and billing details. For more information on this error, head to: https://ai.google.dev/gemini-api/docs/rate-limits. To monitor your current usage, head to: https://ai.dev/usage?tab=rate-limit. 
* Quota exceeded for metric: generativelanguage.googleapis.com/generate_content_free_tier_requests, limit: 20, model: gemini-2.5-flash
Please retry in 14.917504803s. [links {
  description: "Learn more about Gemini API quotas"
  url: "https://ai.google.dev/gemini-api/docs/rate-limits"
}
, violations {
  quota_metric: "generativelanguage.googleapis.com/generate_content_free_tier_requests"
  quota_id: "GenerateRequestsPerDayPerProjectPerModel-FreeTier"
  quota_dimensions {
    key: "model"
    value: "gemini-2.5-flash"
  }
  quota_dimensions {
    key: "location"
    value: "global"
  }
  quota_value: 20
}
, retry_delay {
  seconds: 14
}
]). Acionando Groq...
2025-12-19 18:49:45.562 | INFO     | __main__:trabalhador_da_fila:88 - 🚀 Enviando oferta processada: AMAZON
2025-12-19 18:49:47.387 | SUCCESS  | src.infrastructure.whatsapp_client:enviar_oferta:53 - ✅ Mídia enviada (/send/media) para 120363422860849054@g.us
2025-12-19 18:49:47.387 | SUCCESS  | __main__:trabalhador_da_fila:94 - 📱 WhatsApp OK! (Fila: 36 restantes)
2025-12-19 18:49:47.387 | INFO     | __main__:trabalhador_da_fila:117 - ⏳ Twitter em cooldown (429). Pulando envio.
2025-12-19 18:49:48.390 | INFO     | __main__:trabalhador_da_fila:131 - ⏳ Aguardando 3 minutos para a próxima...
2025-12-19 18:52:48.403 | INFO     | __main__:trabalhador_da_fila:81 - 🤖 Gerando legenda 'Vendedor Agressivo' para: AMAZON...
2025-12-19 18:52:48.794 | WARNING  | src.core.ai_brain:gerar_legenda:43 - ⚠️ Gemini falhou/cota cheia (429 You exceeded your current quota, please check your plan and billing details. For more information on this error, head to: https://ai.google.dev/gemini-api/docs/rate-limits. To monitor your current usage, head to: https://ai.dev/usage?tab=rate-limit. 
* Quota exceeded for metric: generativelanguage.googleapis.com/generate_content_free_tier_requests, limit: 20, model: gemini-2.5-flash
Please retry in 11.176721279s. [links {
  description: "Learn more about Gemini API quotas"
  url: "https://ai.google.dev/gemini-api/docs/rate-limits"
}
, violations {
  quota_metric: "generativelanguage.googleapis.com/generate_content_free_tier_requests"
  quota_id: "GenerateRequestsPerDayPerProjectPerModel-FreeTier"
  quota_dimensions {
    key: "model"
    value: "gemini-2.5-flash"
  }
  quota_dimensions {
    key: "location"
    value: "global"
  }
  quota_value: 20
}
, retry_delay {
  seconds: 11
}
]). Acionando Groq...
2025-12-19 18:52:49.290 | INFO     | __main__:trabalhador_da_fila:88 - 🚀 Enviando oferta processada: AMAZON
2025-12-19 18:52:50.929 | SUCCESS  | src.infrastructure.whatsapp_client:enviar_oferta:83 - 📱 Texto Simples enviado para 120363422860849054@g.us
2025-12-19 18:52:50.930 | SUCCESS  | __main__:trabalhador_da_fila:94 - 📱 WhatsApp OK! (Fila: 35 restantes)
2025-12-19 18:52:50.930 | INFO     | __main__:trabalhador_da_fila:117 - ⏳ Twitter em cooldown (429). Pulando envio.
2025-12-19 18:52:50.930 | INFO     | __main__:trabalhador_da_fila:131 - ⏳ Aguardando 3 minutos para a próxima...
2025-12-19 18:55:50.939 | INFO     | __main__:trabalhador_da_fila:81 - 🤖 Gerando legenda 'Vendedor Agressivo' para: AMAZON...
2025-12-19 18:55:51.220 | WARNING  | src.core.ai_brain:gerar_legenda:43 - ⚠️ Gemini falhou/cota cheia (429 You exceeded your current quota, please check your plan and billing details. For more information on this error, head to: https://ai.google.dev/gemini-api/docs/rate-limits. To monitor your current usage, head to: https://ai.dev/usage?tab=rate-limit. 
* Quota exceeded for metric: generativelanguage.googleapis.com/generate_content_free_tier_requests, limit: 20, model: gemini-2.5-flash
Please retry in 8.746598699s. [links {
  description: "Learn more about Gemini API quotas"
  url: "https://ai.google.dev/gemini-api/docs/rate-limits"
}
, violations {
  quota_metric: "generativelanguage.googleapis.com/generate_content_free_tier_requests"
  quota_id: "GenerateRequestsPerDayPerProjectPerModel-FreeTier"
  quota_dimensions {
    key: "model"
    value: "gemini-2.5-flash"
  }
  quota_dimensions {
    key: "location"
    value: "global"
  }
  quota_value: 20
}
, retry_delay {
  seconds: 8
}
]). Acionando Groq...
2025-12-19 18:55:51.840 | INFO     | __main__:trabalhador_da_fila:88 - 🚀 Enviando oferta processada: AMAZON
2025-12-19 18:55:52.805 | SUCCESS  | src.infrastructure.whatsapp_client:enviar_oferta:53 - ✅ Mídia enviada (/send/media) para 120363422860849054@g.us
2025-12-19 18:55:52.806 | SUCCESS  | __main__:trabalhador_da_fila:94 - 📱 WhatsApp OK! (Fila: 34 restantes)
2025-12-19 18:56:12.012 | WARNING  | __main__:trabalhador_da_fila:115 - 🐦 Erro Twitter: HTTPSConnectionPool(host='api.twitter.com', port=443): Read timed out. (read timeout=None)
2025-12-19 18:56:13.028 | INFO     | __main__:trabalhador_da_fila:131 - ⏳ Aguardando 3 minutos para a próxima...
2025-12-19 18:59:13.032 | INFO     | __main__:trabalhador_da_fila:81 - 🤖 Gerando legenda 'Vendedor Agressivo' para: AMAZON...
2025-12-19 18:59:13.306 | WARNING  | src.core.ai_brain:gerar_legenda:43 - ⚠️ Gemini falhou/cota cheia (429 You exceeded your current quota, please check your plan and billing details. For more information on this error, head to: https://ai.google.dev/gemini-api/docs/rate-limits. To monitor your current usage, head to: https://ai.dev/usage?tab=rate-limit. 
* Quota exceeded for metric: generativelanguage.googleapis.com/generate_content_free_tier_requests, limit: 20, model: gemini-2.5-flash
Please retry in 46.657447564s. [links {
  description: "Learn more about Gemini API quotas"
  url: "https://ai.google.dev/gemini-api/docs/rate-limits"
}
, violations {
  quota_metric: "generativelanguage.googleapis.com/generate_content_free_tier_requests"
  quota_id: "GenerateRequestsPerDayPerProjectPerModel-FreeTier"
  quota_dimensions {
    key: "model"
    value: "gemini-2.5-flash"
  }
  quota_dimensions {
    key: "location"
    value: "global"
  }
  quota_value: 20
}
, retry_delay {
  seconds: 46
}
]). Acionando Groq...
2025-12-19 18:59:13.917 | INFO     | __main__:trabalhador_da_fila:88 - 🚀 Enviando oferta processada: AMAZON
2025-12-19 18:59:16.990 | SUCCESS  | src.infrastructure.whatsapp_client:enviar_oferta:53 - ✅ Mídia enviada (/send/media) para 120363422860849054@g.us
2025-12-19 18:59:16.990 | SUCCESS  | __main__:trabalhador_da_fila:94 - 📱 WhatsApp OK! (Fila: 33 restantes)
2025-12-19 18:59:17.447 | WARNING  | __main__:trabalhador_da_fila:112 - ⛔ Twitter 429 (Muitas requisições). Pausando X por 30min.
2025-12-19 18:59:18.453 | INFO     | __main__:trabalhador_da_fila:131 - ⏳ Aguardando 3 minutos para a próxima...
2025-12-19 18:59:24.487 | INFO     | __main__:processar_oferta:153 - 🔎 Captado: AMAZON
2025-12-19 18:59:25.063 | INFO     | __main__:processar_oferta:171 - 📥 Adicionado à fila. Posição: 34
2025-12-19 19:00:23.936 | WARNING  | __main__:processar_oferta:150 - 🚫 Bloqueado: None
2025-12-19 19:00:24.542 | WARNING  | __main__:processar_oferta:150 - 🚫 Bloqueado: None
2025-12-19 19:01:24.593 | INFO     | __main__:processar_oferta:153 - 🔎 Captado: AMAZON
2025-12-19 19:01:24.930 | INFO     | __main__:processar_oferta:171 - 📥 Adicionado à fila. Posição: 35
2025-12-19 19:02:18.457 | INFO     | __main__:trabalhador_da_fila:81 - 🤖 Gerando legenda 'Vendedor Agressivo' para: AMAZON...
2025-12-19 19:02:18.739 | WARNING  | src.core.ai_brain:gerar_legenda:43 - ⚠️ Gemini falhou/cota cheia (429 You exceeded your current quota, please check your plan and billing details. For more information on this error, head to: https://ai.google.dev/gemini-api/docs/rate-limits. To monitor your current usage, head to: https://ai.dev/usage?tab=rate-limit. 
* Quota exceeded for metric: generativelanguage.googleapis.com/generate_content_free_tier_requests, limit: 20, model: gemini-2.5-flash
Please retry in 41.228792522s. [links {
  description: "Learn more about Gemini API quotas"
  url: "https://ai.google.dev/gemini-api/docs/rate-limits"
}
, violations {
  quota_metric: "generativelanguage.googleapis.com/generate_content_free_tier_requests"
  quota_id: "GenerateRequestsPerDayPerProjectPerModel-FreeTier"
  quota_dimensions {
    key: "model"
    value: "gemini-2.5-flash"
  }
  quota_dimensions {
    key: "location"
    value: "global"
  }
  quota_value: 20
}
, retry_delay {
  seconds: 41
}
]). Acionando Groq...
2025-12-19 19:02:19.218 | INFO     | __main__:trabalhador_da_fila:88 - 🚀 Enviando oferta processada: AMAZON
2025-12-19 19:02:21.274 | SUCCESS  | src.infrastructure.whatsapp_client:enviar_oferta:53 - ✅ Mídia enviada (/send/media) para 120363422860849054@g.us
2025-12-19 19:02:21.275 | SUCCESS  | __main__:trabalhador_da_fila:94 - 📱 WhatsApp OK! (Fila: 34 restantes)
2025-12-19 19:02:21.275 | INFO     | __main__:trabalhador_da_fila:117 - ⏳ Twitter em cooldown (429). Pulando envio.
2025-12-19 19:02:22.285 | INFO     | __main__:trabalhador_da_fila:131 - ⏳ Aguardando 3 minutos para a próxima...
2025-12-19 19:03:24.433 | WARNING  | __main__:processar_oferta:150 - 🚫 Bloqueado: None
2025-12-19 19:03:26.274 | INFO     | __main__:processar_oferta:153 - 🔎 Captado: AMAZON
2025-12-19 19:03:26.780 | INFO     | __main__:processar_oferta:171 - 📥 Adicionado à fila. Posição: 35
2025-12-19 19:05:22.289 | INFO     | __main__:trabalhador_da_fila:81 - 🤖 Gerando legenda 'Vendedor Agressivo' para: AMAZON...
2025-12-19 19:05:22.579 | WARNING  | src.core.ai_brain:gerar_legenda:43 - ⚠️ Gemini falhou/cota cheia (429 You exceeded your current quota, please check your plan and billing details. For more information on this error, head to: https://ai.google.dev/gemini-api/docs/rate-limits. To monitor your current usage, head to: https://ai.dev/usage?tab=rate-limit. 
* Quota exceeded for metric: generativelanguage.googleapis.com/generate_content_free_tier_requests, limit: 20, model: gemini-2.5-flash
Please retry in 37.390713904s. [links {
  description: "Learn more about Gemini API quotas"
  url: "https://ai.google.dev/gemini-api/docs/rate-limits"
}
, violations {
  quota_metric: "generativelanguage.googleapis.com/generate_content_free_tier_requests"
  quota_id: "GenerateRequestsPerDayPerProjectPerModel-FreeTier"
  quota_dimensions {
    key: "model"
    value: "gemini-2.5-flash"
  }
  quota_dimensions {
    key: "location"
    value: "global"
  }
  quota_value: 20
}
, retry_delay {
  seconds: 37
}
]). Acionando Groq...
2025-12-19 19:05:23.241 | INFO     | __main__:trabalhador_da_fila:88 - 🚀 Enviando oferta processada: AMAZON
2025-12-19 19:05:25.480 | SUCCESS  | src.infrastructure.whatsapp_client:enviar_oferta:53 - ✅ Mídia enviada (/send/media) para 120363422860849054@g.us
2025-12-19 19:05:25.481 | SUCCESS  | __main__:trabalhador_da_fila:94 - 📱 WhatsApp OK! (Fila: 34 restantes)
2025-12-19 19:05:25.481 | INFO     | __main__:trabalhador_da_fila:117 - ⏳ Twitter em cooldown (429). Pulando envio.
2025-12-19 19:05:26.492 | INFO     | __main__:trabalhador_da_fila:131 - ⏳ Aguardando 3 minutos para a próxima...
2025-12-19 19:06:24.529 | WARNING  | __main__:processar_oferta:150 - 🚫 Bloqueado: None
2025-12-19 19:08:26.496 | INFO     | __main__:trabalhador_da_fila:81 - 🤖 Gerando legenda 'Vendedor Agressivo' para: AMAZON...
2025-12-19 19:08:26.765 | WARNING  | src.core.ai_brain:gerar_legenda:43 - ⚠️ Gemini falhou/cota cheia (429 You exceeded your current quota, please check your plan and billing details. For more information on this error, head to: https://ai.google.dev/gemini-api/docs/rate-limits. To monitor your current usage, head to: https://ai.dev/usage?tab=rate-limit. 
* Quota exceeded for metric: generativelanguage.googleapis.com/generate_content_free_tier_requests, limit: 20, model: gemini-2.5-flash
Please retry in 33.197801107s. [links {
  description: "Learn more about Gemini API quotas"
  url: "https://ai.google.dev/gemini-api/docs/rate-limits"
}
, violations {
  quota_metric: "generativelanguage.googleapis.com/generate_content_free_tier_requests"
  quota_id: "GenerateRequestsPerDayPerProjectPerModel-FreeTier"
  quota_dimensions {
    key: "model"
    value: "gemini-2.5-flash"
  }
  quota_dimensions {
    key: "location"
    value: "global"
  }
  quota_value: 20
}
, retry_delay {
  seconds: 33
}
]). Acionando Groq...
2025-12-19 19:08:27.232 | INFO     | __main__:trabalhador_da_fila:88 - 🚀 Enviando oferta processada: AMAZON
2025-12-19 19:08:29.499 | SUCCESS  | src.infrastructure.whatsapp_client:enviar_oferta:53 - ✅ Mídia enviada (/send/media) para 120363422860849054@g.us
2025-12-19 19:08:29.499 | SUCCESS  | __main__:trabalhador_da_fila:94 - 📱 WhatsApp OK! (Fila: 33 restantes)
2025-12-19 19:08:29.499 | INFO     | __main__:trabalhador_da_fila:117 - ⏳ Twitter em cooldown (429). Pulando envio.
2025-12-19 19:08:30.511 | INFO     | __main__:trabalhador_da_fila:131 - ⏳ Aguardando 3 minutos para a próxima...
2025-12-19 19:11:30.516 | INFO     | __main__:trabalhador_da_fila:81 - 🤖 Gerando legenda 'Vendedor Agressivo' para: AMAZON...
2025-12-19 19:11:30.787 | WARNING  | src.core.ai_brain:gerar_legenda:43 - ⚠️ Gemini falhou/cota cheia (429 You exceeded your current quota, please check your plan and billing details. For more information on this error, head to: https://ai.google.dev/gemini-api/docs/rate-limits. To monitor your current usage, head to: https://ai.dev/usage?tab=rate-limit. 
* Quota exceeded for metric: generativelanguage.googleapis.com/generate_content_free_tier_requests, limit: 20, model: gemini-2.5-flash
Please retry in 29.17927753s. [links {
  description: "Learn more about Gemini API quotas"
  url: "https://ai.google.dev/gemini-api/docs/rate-limits"
}
, violations {
  quota_metric: "generativelanguage.googleapis.com/generate_content_free_tier_requests"
  quota_id: "GenerateRequestsPerDayPerProjectPerModel-FreeTier"
  quota_dimensions {
    key: "model"
    value: "gemini-2.5-flash"
  }
  quota_dimensions {
    key: "location"
    value: "global"
  }
  quota_value: 20
}
, retry_delay {
  seconds: 29
}
]). Acionando Groq...
2025-12-19 19:11:31.475 | INFO     | __main__:trabalhador_da_fila:88 - 🚀 Enviando oferta processada: AMAZON
2025-12-19 19:11:33.305 | SUCCESS  | src.infrastructure.whatsapp_client:enviar_oferta:53 - ✅ Mídia enviada (/send/media) para 120363422860849054@g.us
2025-12-19 19:11:33.305 | SUCCESS  | __main__:trabalhador_da_fila:94 - 📱 WhatsApp OK! (Fila: 32 restantes)
2025-12-19 19:11:33.305 | INFO     | __main__:trabalhador_da_fila:117 - ⏳ Twitter em cooldown (429). Pulando envio.
2025-12-19 19:11:34.312 | INFO     | __main__:trabalhador_da_fila:131 - ⏳ Aguardando 3 minutos para a próxima...
2025-12-19 19:14:34.317 | INFO     | __main__:trabalhador_da_fila:81 - 🤖 Gerando legenda 'Vendedor Agressivo' para: AMAZON...
2025-12-19 19:14:34.585 | WARNING  | src.core.ai_brain:gerar_legenda:43 - ⚠️ Gemini falhou/cota cheia (429 You exceeded your current quota, please check your plan and billing details. For more information on this error, head to: https://ai.google.dev/gemini-api/docs/rate-limits. To monitor your current usage, head to: https://ai.dev/usage?tab=rate-limit. 
* Quota exceeded for metric: generativelanguage.googleapis.com/generate_content_free_tier_requests, limit: 20, model: gemini-2.5-flash
Please retry in 25.373838798s. [links {
  description: "Learn more about Gemini API quotas"
  url: "https://ai.google.dev/gemini-api/docs/rate-limits"
}
, violations {
  quota_metric: "generativelanguage.googleapis.com/generate_content_free_tier_requests"
  quota_id: "GenerateRequestsPerDayPerProjectPerModel-FreeTier"
  quota_dimensions {
    key: "model"
    value: "gemini-2.5-flash"
  }
  quota_dimensions {
    key: "location"
    value: "global"
  }
  quota_value: 20
}
, retry_delay {
  seconds: 25
}
]). Acionando Groq...
2025-12-19 19:14:35.118 | INFO     | __main__:trabalhador_da_fila:88 - 🚀 Enviando oferta processada: AMAZON
2025-12-19 19:14:37.388 | SUCCESS  | src.infrastructure.whatsapp_client:enviar_oferta:53 - ✅ Mídia enviada (/send/media) para 120363422860849054@g.us
2025-12-19 19:14:37.388 | SUCCESS  | __main__:trabalhador_da_fila:94 - 📱 WhatsApp OK! (Fila: 31 restantes)
2025-12-19 19:14:37.389 | INFO     | __main__:trabalhador_da_fila:117 - ⏳ Twitter em cooldown (429). Pulando envio.
2025-12-19 19:14:38.394 | INFO     | __main__:trabalhador_da_fila:131 - ⏳ Aguardando 3 minutos para a próxima...
2025-12-19 19:17:38.400 | INFO     | __main__:trabalhador_da_fila:81 - 🤖 Gerando legenda 'Vendedor Agressivo' para: AMAZON...
2025-12-19 19:17:38.684 | WARNING  | src.core.ai_brain:gerar_legenda:43 - ⚠️ Gemini falhou/cota cheia (429 You exceeded your current quota, please check your plan and billing details. For more information on this error, head to: https://ai.google.dev/gemini-api/docs/rate-limits. To monitor your current usage, head to: https://ai.dev/usage?tab=rate-limit. 
* Quota exceeded for metric: generativelanguage.googleapis.com/generate_content_free_tier_requests, limit: 20, model: gemini-2.5-flash
Please retry in 21.283496304s. [links {
  description: "Learn more about Gemini API quotas"
  url: "https://ai.google.dev/gemini-api/docs/rate-limits"
}
, violations {
  quota_metric: "generativelanguage.googleapis.com/generate_content_free_tier_requests"
  quota_id: "GenerateRequestsPerDayPerProjectPerModel-FreeTier"
  quota_dimensions {
    key: "model"
    value: "gemini-2.5-flash"
  }
  quota_dimensions {
    key: "location"
    value: "global"
  }
  quota_value: 20
}
, retry_delay {
  seconds: 21
}
]). Acionando Groq...
2025-12-19 19:17:39.343 | INFO     | __main__:trabalhador_da_fila:88 - 🚀 Enviando oferta processada: AMAZON
2025-12-19 19:17:40.490 | SUCCESS  | src.infrastructure.whatsapp_client:enviar_oferta:83 - 📱 Texto Simples enviado para 120363422860849054@g.us
2025-12-19 19:17:40.490 | SUCCESS  | __main__:trabalhador_da_fila:94 - 📱 WhatsApp OK! (Fila: 30 restantes)
2025-12-19 19:17:40.491 | INFO     | __main__:trabalhador_da_fila:117 - ⏳ Twitter em cooldown (429). Pulando envio.
2025-12-19 19:17:40.491 | INFO     | __main__:trabalhador_da_fila:131 - ⏳ Aguardando 3 minutos para a próxima...
2025-12-19 19:20:25.035 | WARNING  | __main__:processar_oferta:150 - 🚫 Bloqueado: None
2025-12-19 19:20:25.191 | INFO     | __main__:processar_oferta:153 - 🔎 Captado: AMAZON
2025-12-19 19:20:25.750 | INFO     | __main__:processar_oferta:171 - 📥 Adicionado à fila. Posição: 31
2025-12-19 19:20:40.497 | INFO     | __main__:trabalhador_da_fila:81 - 🤖 Gerando legenda 'Vendedor Agressivo' para: AMAZON...
2025-12-19 19:20:40.773 | WARNING  | src.core.ai_brain:gerar_legenda:43 - ⚠️ Gemini falhou/cota cheia (429 You exceeded your current quota, please check your plan and billing details. For more information on this error, head to: https://ai.google.dev/gemini-api/docs/rate-limits. To monitor your current usage, head to: https://ai.dev/usage?tab=rate-limit. 
* Quota exceeded for metric: generativelanguage.googleapis.com/generate_content_free_tier_requests, limit: 20, model: gemini-2.5-flash
Please retry in 19.190096923s. [links {
  description: "Learn more about Gemini API quotas"
  url: "https://ai.google.dev/gemini-api/docs/rate-limits"
}
, violations {
  quota_metric: "generativelanguage.googleapis.com/generate_content_free_tier_requests"
  quota_id: "GenerateRequestsPerDayPerProjectPerModel-FreeTier"
  quota_dimensions {
    key: "model"
    value: "gemini-2.5-flash"
  }
  quota_dimensions {
    key: "location"
    value: "global"
  }
  quota_value: 20
}
, retry_delay {
  seconds: 19
}
]). Acionando Groq...
2025-12-19 19:20:41.274 | INFO     | __main__:trabalhador_da_fila:88 - 🚀 Enviando oferta processada: AMAZON
2025-12-19 19:20:43.802 | SUCCESS  | src.infrastructure.whatsapp_client:enviar_oferta:53 - ✅ Mídia enviada (/send/media) para 120363422860849054@g.us
2025-12-19 19:20:43.803 | SUCCESS  | __main__:trabalhador_da_fila:94 - 📱 WhatsApp OK! (Fila: 30 restantes)
2025-12-19 19:20:43.803 | INFO     | __main__:trabalhador_da_fila:117 - ⏳ Twitter em cooldown (429). Pulando envio.
2025-12-19 19:20:44.809 | INFO     | __main__:trabalhador_da_fila:131 - ⏳ Aguardando 3 minutos para a próxima...
2025-12-19 19:22:27.554 | INFO     | __main__:processar_oferta:153 - 🔎 Captado: AMAZON
2025-12-19 19:22:28.729 | INFO     | __main__:processar_oferta:171 - 📥 Adicionado à fila. Posição: 31
2025-12-19 19:23:25.103 | INFO     | __main__:processar_oferta:153 - 🔎 Captado: AMAZON
2025-12-19 19:23:25.451 | INFO     | __main__:processar_oferta:171 - 📥 Adicionado à fila. Posição: 32
2025-12-19 19:23:44.813 | INFO     | __main__:trabalhador_da_fila:81 - 🤖 Gerando legenda 'Vendedor Agressivo' para: AMAZON...
2025-12-19 19:23:45.087 | WARNING  | src.core.ai_brain:gerar_legenda:43 - ⚠️ Gemini falhou/cota cheia (429 You exceeded your current quota, please check your plan and billing details. For more information on this error, head to: https://ai.google.dev/gemini-api/docs/rate-limits. To monitor your current usage, head to: https://ai.dev/usage?tab=rate-limit. 
* Quota exceeded for metric: generativelanguage.googleapis.com/generate_content_free_tier_requests, limit: 20, model: gemini-2.5-flash
Please retry in 14.876359952s. [links {
  description: "Learn more about Gemini API quotas"
  url: "https://ai.google.dev/gemini-api/docs/rate-limits"
}
, violations {
  quota_metric: "generativelanguage.googleapis.com/generate_content_free_tier_requests"
  quota_id: "GenerateRequestsPerDayPerProjectPerModel-FreeTier"
  quota_dimensions {
    key: "model"
    value: "gemini-2.5-flash"
  }
  quota_dimensions {
    key: "location"
    value: "global"
  }
  quota_value: 20
}
, retry_delay {
  seconds: 14
}
]). Acionando Groq...
2025-12-19 19:23:45.523 | INFO     | __main__:trabalhador_da_fila:88 - 🚀 Enviando oferta processada: AMAZON
2025-12-19 19:23:48.365 | SUCCESS  | src.infrastructure.whatsapp_client:enviar_oferta:53 - ✅ Mídia enviada (/send/media) para 120363422860849054@g.us
2025-12-19 19:23:48.366 | SUCCESS  | __main__:trabalhador_da_fila:94 - 📱 WhatsApp OK! (Fila: 31 restantes)
2025-12-19 19:23:48.366 | INFO     | __main__:trabalhador_da_fila:117 - ⏳ Twitter em cooldown (429). Pulando envio.
2025-12-19 19:23:49.375 | INFO     | __main__:trabalhador_da_fila:131 - ⏳ Aguardando 3 minutos para a próxima...
2025-12-19 19:26:26.861 | INFO     | __main__:processar_oferta:153 - 🔎 Captado: AMAZON
2025-12-19 19:26:27.441 | INFO     | __main__:processar_oferta:171 - 📥 Adicionado à fila. Posição: 32
2025-12-19 19:26:49.379 | INFO     | __main__:trabalhador_da_fila:81 - 🤖 Gerando legenda 'Vendedor Agressivo' para: AMAZON...
2025-12-19 19:26:49.660 | WARNING  | src.core.ai_brain:gerar_legenda:43 - ⚠️ Gemini falhou/cota cheia (429 You exceeded your current quota, please check your plan and billing details. For more information on this error, head to: https://ai.google.dev/gemini-api/docs/rate-limits. To monitor your current usage, head to: https://ai.dev/usage?tab=rate-limit. 
* Quota exceeded for metric: generativelanguage.googleapis.com/generate_content_free_tier_requests, limit: 20, model: gemini-2.5-flash
Please retry in 10.30125107s. [links {
  description: "Learn more about Gemini API quotas"
  url: "https://ai.google.dev/gemini-api/docs/rate-limits"
}
, violations {
  quota_metric: "generativelanguage.googleapis.com/generate_content_free_tier_requests"
  quota_id: "GenerateRequestsPerDayPerProjectPerModel-FreeTier"
  quota_dimensions {
    key: "model"
    value: "gemini-2.5-flash"
  }
  quota_dimensions {
    key: "location"
    value: "global"
  }
  quota_value: 20
}
, retry_delay {
  seconds: 10
}
]). Acionando Groq...
2025-12-19 19:26:50.382 | INFO     | __main__:trabalhador_da_fila:88 - 🚀 Enviando oferta processada: AMAZON
2025-12-19 19:26:53.265 | SUCCESS  | src.infrastructure.whatsapp_client:enviar_oferta:53 - ✅ Mídia enviada (/send/media) para 120363422860849054@g.us
2025-12-19 19:26:53.265 | SUCCESS  | __main__:trabalhador_da_fila:94 - 📱 WhatsApp OK! (Fila: 31 restantes)
2025-12-19 19:26:53.265 | INFO     | __main__:trabalhador_da_fila:117 - ⏳ Twitter em cooldown (429). Pulando envio.
2025-12-19 19:26:54.269 | INFO     | __main__:trabalhador_da_fila:131 - ⏳ Aguardando 3 minutos para a próxima...
2025-12-19 19:29:54.276 | INFO     | __main__:trabalhador_da_fila:81 - 🤖 Gerando legenda 'Vendedor Agressivo' para: AMAZON...
2025-12-19 19:29:54.547 | WARNING  | src.core.ai_brain:gerar_legenda:43 - ⚠️ Gemini falhou/cota cheia (429 You exceeded your current quota, please check your plan and billing details. For more information on this error, head to: https://ai.google.dev/gemini-api/docs/rate-limits. To monitor your current usage, head to: https://ai.dev/usage?tab=rate-limit. 
* Quota exceeded for metric: generativelanguage.googleapis.com/generate_content_free_tier_requests, limit: 20, model: gemini-2.5-flash
Please retry in 5.41120531s. [links {
  description: "Learn more about Gemini API quotas"
  url: "https://ai.google.dev/gemini-api/docs/rate-limits"
}
, violations {
  quota_metric: "generativelanguage.googleapis.com/generate_content_free_tier_requests"
  quota_id: "GenerateRequestsPerDayPerProjectPerModel-FreeTier"
  quota_dimensions {
    key: "model"
    value: "gemini-2.5-flash"
  }
  quota_dimensions {
    key: "location"
    value: "global"
  }
  quota_value: 20
}
, retry_delay {
  seconds: 5
}
]). Acionando Groq...
2025-12-19 19:29:55.032 | INFO     | __main__:trabalhador_da_fila:88 - 🚀 Enviando oferta processada: AMAZON
2025-12-19 19:29:57.993 | SUCCESS  | src.infrastructure.whatsapp_client:enviar_oferta:53 - ✅ Mídia enviada (/send/media) para 120363422860849054@g.us
2025-12-19 19:29:57.993 | SUCCESS  | __main__:trabalhador_da_fila:94 - 📱 WhatsApp OK! (Fila: 30 restantes)
2025-12-19 19:30:17.178 | WARNING  | __main__:trabalhador_da_fila:115 - 🐦 Erro Twitter: HTTPSConnectionPool(host='api.twitter.com', port=443): Read timed out. (read timeout=None)
2025-12-19 19:30:18.193 | INFO     | __main__:trabalhador_da_fila:131 - ⏳ Aguardando 3 minutos para a próxima...
2025-12-19 19:31:25.323 | INFO     | __main__:processar_oferta:153 - 🔎 Captado: AMAZON
2025-12-19 19:31:27.090 | INFO     | __main__:processar_oferta:171 - 📥 Adicionado à fila. Posição: 31
2025-12-19 19:33:18.198 | INFO     | __main__:trabalhador_da_fila:81 - 🤖 Gerando legenda 'Vendedor Agressivo' para: AMAZON...
2025-12-19 19:33:18.476 | WARNING  | src.core.ai_brain:gerar_legenda:43 - ⚠️ Gemini falhou/cota cheia (429 You exceeded your current quota, please check your plan and billing details. For more information on this error, head to: https://ai.google.dev/gemini-api/docs/rate-limits. To monitor your current usage, head to: https://ai.dev/usage?tab=rate-limit. 
* Quota exceeded for metric: generativelanguage.googleapis.com/generate_content_free_tier_requests, limit: 20, model: gemini-2.5-flash
Please retry in 41.484689672s. [links {
  description: "Learn more about Gemini API quotas"
  url: "https://ai.google.dev/gemini-api/docs/rate-limits"
}
, violations {
  quota_metric: "generativelanguage.googleapis.com/generate_content_free_tier_requests"
  quota_id: "GenerateRequestsPerDayPerProjectPerModel-FreeTier"
  quota_dimensions {
    key: "model"
    value: "gemini-2.5-flash"
  }
  quota_dimensions {
    key: "location"
    value: "global"
  }
  quota_value: 20
}
, retry_delay {
  seconds: 41
}
]). Acionando Groq...
2025-12-19 19:33:18.964 | INFO     | __main__:trabalhador_da_fila:88 - 🚀 Enviando oferta processada: AMAZON
2025-12-19 19:33:21.416 | SUCCESS  | src.infrastructure.whatsapp_client:enviar_oferta:53 - ✅ Mídia enviada (/send/media) para 120363422860849054@g.us
2025-12-19 19:33:21.416 | SUCCESS  | __main__:trabalhador_da_fila:94 - 📱 WhatsApp OK! (Fila: 30 restantes)
2025-12-19 19:33:21.871 | WARNING  | __main__:trabalhador_da_fila:112 - ⛔ Twitter 429 (Muitas requisições). Pausando X por 30min.
2025-12-19 19:33:22.884 | INFO     | __main__:trabalhador_da_fila:131 - ⏳ Aguardando 3 minutos para a próxima...
2025-12-19 19:36:22.888 | INFO     | __main__:trabalhador_da_fila:81 - 🤖 Gerando legenda 'Vendedor Agressivo' para: AMAZON...
2025-12-19 19:36:23.173 | WARNING  | src.core.ai_brain:gerar_legenda:43 - ⚠️ Gemini falhou/cota cheia (429 You exceeded your current quota, please check your plan and billing details. For more information on this error, head to: https://ai.google.dev/gemini-api/docs/rate-limits. To monitor your current usage, head to: https://ai.dev/usage?tab=rate-limit. 
* Quota exceeded for metric: generativelanguage.googleapis.com/generate_content_free_tier_requests, limit: 20, model: gemini-2.5-flash
Please retry in 36.791487938s. [links {
  description: "Learn more about Gemini API quotas"
  url: "https://ai.google.dev/gemini-api/docs/rate-limits"
}
, violations {
  quota_metric: "generativelanguage.googleapis.com/generate_content_free_tier_requests"
  quota_id: "GenerateRequestsPerDayPerProjectPerModel-FreeTier"
  quota_dimensions {
    key: "model"
    value: "gemini-2.5-flash"
  }
  quota_dimensions {
    key: "location"
    value: "global"
  }
  quota_value: 20
}
, retry_delay {
  seconds: 36
}
]). Acionando Groq...
2025-12-19 19:36:23.713 | INFO     | __main__:trabalhador_da_fila:88 - 🚀 Enviando oferta processada: AMAZON
2025-12-19 19:36:25.046 | WARNING  | __main__:processar_oferta:150 - 🚫 Bloqueado: None
2025-12-19 19:36:25.757 | SUCCESS  | src.infrastructure.whatsapp_client:enviar_oferta:53 - ✅ Mídia enviada (/send/media) para 120363422860849054@g.us
2025-12-19 19:36:25.758 | SUCCESS  | __main__:trabalhador_da_fila:94 - 📱 WhatsApp OK! (Fila: 29 restantes)
2025-12-19 19:36:25.758 | INFO     | __main__:trabalhador_da_fila:117 - ⏳ Twitter em cooldown (429). Pulando envio.
2025-12-19 19:36:26.763 | INFO     | __main__:trabalhador_da_fila:131 - ⏳ Aguardando 3 minutos para a próxima...
2025-12-19 19:37:26.815 | INFO     | __main__:processar_oferta:153 - 🔎 Captado: AMAZON
2025-12-19 19:37:27.353 | INFO     | __main__:processar_oferta:171 - 📥 Adicionado à fila. Posição: 30
2025-12-19 19:39:24.863 | WARNING  | __main__:processar_oferta:150 - 🚫 Bloqueado: None
2025-12-19 19:39:26.768 | INFO     | __main__:trabalhador_da_fila:81 - 🤖 Gerando legenda 'Vendedor Agressivo' para: AMAZON...
2025-12-19 19:39:27.046 | WARNING  | src.core.ai_brain:gerar_legenda:43 - ⚠️ Gemini falhou/cota cheia (429 You exceeded your current quota, please check your plan and billing details. For more information on this error, head to: https://ai.google.dev/gemini-api/docs/rate-limits. To monitor your current usage, head to: https://ai.dev/usage?tab=rate-limit. 
* Quota exceeded for metric: generativelanguage.googleapis.com/generate_content_free_tier_requests, limit: 20, model: gemini-2.5-flash
Please retry in 32.916222481s. [links {
  description: "Learn more about Gemini API quotas"
  url: "https://ai.google.dev/gemini-api/docs/rate-limits"
}
, violations {
  quota_metric: "generativelanguage.googleapis.com/generate_content_free_tier_requests"
  quota_id: "GenerateRequestsPerDayPerProjectPerModel-FreeTier"
  quota_dimensions {
    key: "model"
    value: "gemini-2.5-flash"
  }
  quota_dimensions {
    key: "location"
    value: "global"
  }
  quota_value: 20
}
, retry_delay {
  seconds: 32
}
]). Acionando Groq...
2025-12-19 19:39:27.582 | INFO     | __main__:trabalhador_da_fila:88 - 🚀 Enviando oferta processada: AMAZON
2025-12-19 19:39:30.014 | SUCCESS  | src.infrastructure.whatsapp_client:enviar_oferta:53 - ✅ Mídia enviada (/send/media) para 120363422860849054@g.us
2025-12-19 19:39:30.015 | SUCCESS  | __main__:trabalhador_da_fila:94 - 📱 WhatsApp OK! (Fila: 29 restantes)
2025-12-19 19:39:30.015 | INFO     | __main__:trabalhador_da_fila:117 - ⏳ Twitter em cooldown (429). Pulando envio.
2025-12-19 19:39:31.017 | INFO     | __main__:trabalhador_da_fila:131 - ⏳ Aguardando 3 minutos para a próxima...
2025-12-19 19:40:10.876 | WARNING  | __main__:processar_oferta:150 - 🚫 Bloqueado: None
2025-12-19 19:42:31.021 | INFO     | __main__:trabalhador_da_fila:81 - 🤖 Gerando legenda 'Vendedor Agressivo' para: AMAZON...
2025-12-19 19:42:31.294 | WARNING  | src.core.ai_brain:gerar_legenda:43 - ⚠️ Gemini falhou/cota cheia (429 You exceeded your current quota, please check your plan and billing details. For more information on this error, head to: https://ai.google.dev/gemini-api/docs/rate-limits. To monitor your current usage, head to: https://ai.dev/usage?tab=rate-limit. 
* Quota exceeded for metric: generativelanguage.googleapis.com/generate_content_free_tier_requests, limit: 20, model: gemini-2.5-flash
Please retry in 28.666843377s. [links {
  description: "Learn more about Gemini API quotas"
  url: "https://ai.google.dev/gemini-api/docs/rate-limits"
}
, violations {
  quota_metric: "generativelanguage.googleapis.com/generate_content_free_tier_requests"
  quota_id: "GenerateRequestsPerDayPerProjectPerModel-FreeTier"
  quota_dimensions {
    key: "model"
    value: "gemini-2.5-flash"
  }
  quota_dimensions {
    key: "location"
    value: "global"
  }
  quota_value: 20
}
, retry_delay {
  seconds: 28
}
]). Acionando Groq...
2025-12-19 19:42:31.998 | INFO     | __main__:trabalhador_da_fila:88 - 🚀 Enviando oferta processada: AMAZON
2025-12-19 19:42:34.645 | SUCCESS  | src.infrastructure.whatsapp_client:enviar_oferta:53 - ✅ Mídia enviada (/send/media) para 120363422860849054@g.us
2025-12-19 19:42:34.645 | SUCCESS  | __main__:trabalhador_da_fila:94 - 📱 WhatsApp OK! (Fila: 28 restantes)
2025-12-19 19:42:34.645 | INFO     | __main__:trabalhador_da_fila:117 - ⏳ Twitter em cooldown (429). Pulando envio.
2025-12-19 19:42:35.661 | INFO     | __main__:trabalhador_da_fila:131 - ⏳ Aguardando 3 minutos para a próxima...
2025-12-19 19:44:26.760 | INFO     | __main__:processar_oferta:153 - 🔎 Captado: AMAZON
2025-12-19 19:44:27.286 | INFO     | __main__:processar_oferta:171 - 📥 Adicionado à fila. Posição: 29
2025-12-19 19:45:35.666 | INFO     | __main__:trabalhador_da_fila:81 - 🤖 Gerando legenda 'Vendedor Agressivo' para: AMAZON...
2025-12-19 19:45:35.944 | WARNING  | src.core.ai_brain:gerar_legenda:43 - ⚠️ Gemini falhou/cota cheia (429 You exceeded your current quota, please check your plan and billing details. For more information on this error, head to: https://ai.google.dev/gemini-api/docs/rate-limits. To monitor your current usage, head to: https://ai.dev/usage?tab=rate-limit. 
* Quota exceeded for metric: generativelanguage.googleapis.com/generate_content_free_tier_requests, limit: 20, model: gemini-2.5-flash
Please retry in 24.016632695s. [links {
  description: "Learn more about Gemini API quotas"
  url: "https://ai.google.dev/gemini-api/docs/rate-limits"
}
, violations {
  quota_metric: "generativelanguage.googleapis.com/generate_content_free_tier_requests"
  quota_id: "GenerateRequestsPerDayPerProjectPerModel-FreeTier"
  quota_dimensions {
    key: "model"
    value: "gemini-2.5-flash"
  }
  quota_dimensions {
    key: "location"
    value: "global"
  }
  quota_value: 20
}
, retry_delay {
  seconds: 24
}
]). Acionando Groq...
2025-12-19 19:45:37.021 | INFO     | __main__:trabalhador_da_fila:88 - 🚀 Enviando oferta processada: AMAZON
2025-12-19 19:45:39.093 | SUCCESS  | src.infrastructure.whatsapp_client:enviar_oferta:53 - ✅ Mídia enviada (/send/media) para 120363422860849054@g.us
2025-12-19 19:45:39.093 | SUCCESS  | __main__:trabalhador_da_fila:94 - 📱 WhatsApp OK! (Fila: 28 restantes)
2025-12-19 19:45:39.093 | INFO     | __main__:trabalhador_da_fila:117 - ⏳ Twitter em cooldown (429). Pulando envio.
2025-12-19 19:45:40.103 | INFO     | __main__:trabalhador_da_fila:131 - ⏳ Aguardando 3 minutos para a próxima...
2025-12-19 19:47:27.323 | INFO     | __main__:processar_oferta:153 - 🔎 Captado: AMAZON
2025-12-19 19:47:28.121 | INFO     | __main__:processar_oferta:171 - 📥 Adicionado à fila. Posição: 29
