2025-12-18 07:00:46.570 | INFO     | __main__:processar_oferta:75 - 🚫 Link não Amazon (MERCADO LIVRE) ignorado.
2025-12-18 07:10:45.723 | INFO     | __main__:processar_oferta:66 - ♻️ Oferta repetida ignorada: https://www.mercadolivre.com.br/social/promozonevip
2025-12-18 07:15:45.742 | INFO     | __main__:processar_oferta:66 - ♻️ Oferta repetida ignorada: https://www.mercadolivre.com.br/social/promozonevip
2025-12-18 07:20:47.282 | INFO     | __main__:processar_oferta:78 - 🔎 Processando: AMAZON | Modo: 🤖 AUTO
2025-12-18 07:20:47.923 | INFO     | __main__:processar_oferta:88 - 📸 Baixando imagem do Telegram...
2025-12-18 07:20:55.081 | SUCCESS  | __main__:processar_oferta:96 - 📱 Oferta AMAZON enviada direto para o WhatsApp!
2025-12-18 07:20:56.589 | INFO     | __main__:processar_oferta:106 - 🧹 Arquivo temporário removido.
2025-12-18 07:20:57.193 | SUCCESS  | __main__:processar_oferta:116 - 🐦 Postado no X
2025-12-18 07:25:46.031 | INFO     | __main__:processar_oferta:66 - ♻️ Oferta repetida ignorada: https://www.mercadolivre.com.br/social/promozonevip
2025-12-18 07:30:26.252 | INFO     | __main__:processar_oferta:66 - ♻️ Oferta repetida ignorada: https://www.mercadolivre.com.br/social/promozonevip
2025-12-18 07:33:46.080 | INFO     | __main__:processar_oferta:78 - 🔎 Processando: AMAZON | Modo: 🤖 AUTO
2025-12-18 07:33:46.733 | INFO     | __main__:processar_oferta:88 - 📸 Baixando imagem do Telegram...
2025-12-18 07:33:51.759 | SUCCESS  | __main__:processar_oferta:96 - 📱 Oferta AMAZON enviada direto para o WhatsApp!
2025-12-18 07:33:53.269 | INFO     | __main__:processar_oferta:106 - 🧹 Arquivo temporário removido.
2025-12-18 07:34:45.924 | INFO     | __main__:processar_oferta:78 - 🔎 Processando: AMAZON | Modo: 🤖 AUTO
2025-12-18 07:34:46.459 | INFO     | __main__:processar_oferta:88 - 📸 Baixando imagem do Telegram...
2025-12-18 07:34:50.752 | SUCCESS  | __main__:processar_oferta:96 - 📱 Oferta AMAZON enviada direto para o WhatsApp!
2025-12-18 07:34:52.254 | INFO     | __main__:processar_oferta:106 - 🧹 Arquivo temporário removido.
2025-12-18 07:34:52.825 | SUCCESS  | __main__:processar_oferta:116 - 🐦 Postado no X
2025-12-18 07:35:46.015 | INFO     | __main__:processar_oferta:66 - ♻️ Oferta repetida ignorada: https://www.mercadolivre.com.br/social/promozonevip
2025-12-18 07:45:42.500 | INFO     | __main__:processar_oferta:66 - ♻️ Oferta repetida ignorada: https://www.mercadolivre.com.br/social/promozonevip
2025-12-18 07:54:47.746 | INFO     | __main__:processar_oferta:78 - 🔎 Processando: AMAZON | Modo: 🤖 AUTO
2025-12-18 07:54:48.262 | INFO     | __main__:processar_oferta:88 - 📸 Baixando imagem do Telegram...
2025-12-18 07:54:51.825 | SUCCESS  | __main__:processar_oferta:96 - 📱 Oferta AMAZON enviada direto para o WhatsApp!
2025-12-18 07:54:53.328 | INFO     | __main__:processar_oferta:106 - 🧹 Arquivo temporário removido.
2025-12-18 07:55:46.558 | INFO     | __main__:processar_oferta:66 - ♻️ Oferta repetida ignorada: https://www.mercadolivre.com.br/social/promozonevip
2025-12-18 07:56:46.342 | INFO     | __main__:processar_oferta:78 - 🔎 Processando: AMAZON | Modo: 🤖 AUTO
2025-12-18 07:56:46.906 | INFO     | __main__:processar_oferta:88 - 📸 Baixando imagem do Telegram...
2025-12-18 07:56:50.742 | SUCCESS  | __main__:processar_oferta:96 - 📱 Oferta AMAZON enviada direto para o WhatsApp!
2025-12-18 07:56:52.257 | INFO     | __main__:processar_oferta:106 - 🧹 Arquivo temporário removido.
2025-12-18 07:56:52.857 | SUCCESS  | __main__:processar_oferta:116 - 🐦 Postado no X
2025-12-18 07:56:55.293 | INFO     | __main__:processar_oferta:75 - 🚫 Link não Amazon (None) ignorado.
2025-12-18 07:57:47.610 | INFO     | __main__:processar_oferta:78 - 🔎 Processando: AMAZON | Modo: 🤖 AUTO
2025-12-18 07:57:48.074 | INFO     | __main__:processar_oferta:88 - 📸 Baixando imagem do Telegram...
2025-12-18 07:57:53.711 | SUCCESS  | __main__:processar_oferta:96 - 📱 Oferta AMAZON enviada direto para o WhatsApp!
2025-12-18 07:57:55.223 | INFO     | __main__:processar_oferta:106 - 🧹 Arquivo temporário removido.
2025-12-18 07:57:55.549 | SUCCESS  | __main__:processar_oferta:116 - 🐦 Postado no X
2025-12-18 07:57:56.710 | INFO     | __main__:processar_oferta:66 - ♻️ Oferta repetida ignorada: https://chat.whatsapp.com/H7WuUyHoFo632jZusMQtko
2025-12-18 07:58:48.412 | INFO     | __main__:processar_oferta:78 - 🔎 Processando: AMAZON | Modo: 🤖 AUTO
2025-12-18 07:58:49.004 | INFO     | __main__:processar_oferta:88 - 📸 Baixando imagem do Telegram...
2025-12-18 07:58:53.988 | SUCCESS  | __main__:processar_oferta:96 - 📱 Oferta AMAZON enviada direto para o WhatsApp!
2025-12-18 07:58:55.497 | INFO     | __main__:processar_oferta:106 - 🧹 Arquivo temporário removido.
2025-12-18 07:58:55.781 | SUCCESS  | __main__:processar_oferta:116 - 🐦 Postado no X
2025-12-18 08:00:46.319 | INFO     | __main__:processar_oferta:66 - ♻️ Oferta repetida ignorada: https://www.mercadolivre.com.br/social/promozonevip
2025-12-18 08:10:47.140 | INFO     | __main__:processar_oferta:66 - ♻️ Oferta repetida ignorada: https://www.mercadolivre.com.br/social/promozonevip
2025-12-18 08:13:48.512 | INFO     | __main__:processar_oferta:78 - 🔎 Processando: AMAZON | Modo: 🤖 AUTO
2025-12-18 08:13:49.122 | INFO     | __main__:processar_oferta:88 - 📸 Baixando imagem do Telegram...
2025-12-18 08:13:54.457 | SUCCESS  | __main__:processar_oferta:96 - 📱 Oferta AMAZON enviada direto para o WhatsApp!
2025-12-18 08:13:55.958 | INFO     | __main__:processar_oferta:106 - 🧹 Arquivo temporário removido.
2025-12-18 08:15:46.324 | INFO     | __main__:processar_oferta:78 - 🔎 Processando: AMAZON | Modo: 🤖 AUTO
2025-12-18 08:15:46.914 | INFO     | __main__:processar_oferta:88 - 📸 Baixando imagem do Telegram...
2025-12-18 08:15:47.954 | INFO     | __main__:processar_oferta:78 - 🔎 Processando: AMAZON | Modo: 🤖 AUTO
2025-12-18 08:15:48.563 | INFO     | __main__:processar_oferta:88 - 📸 Baixando imagem do Telegram...
2025-12-18 08:15:54.039 | SUCCESS  | __main__:processar_oferta:96 - 📱 Oferta AMAZON enviada direto para o WhatsApp!
2025-12-18 08:15:55.540 | INFO     | __main__:processar_oferta:106 - 🧹 Arquivo temporário removido.
2025-12-18 08:15:56.128 | SUCCESS  | __main__:processar_oferta:116 - 🐦 Postado no X
2025-12-18 08:15:56.129 | SUCCESS  | __main__:processar_oferta:96 - 📱 Oferta AMAZON enviada direto para o WhatsApp!
2025-12-18 08:15:57.633 | INFO     | __main__:processar_oferta:106 - 🧹 Arquivo temporário removido.
2025-12-18 08:15:57.927 | SUCCESS  | __main__:processar_oferta:116 - 🐦 Postado no X
2025-12-18 08:18:46.893 | INFO     | __main__:processar_oferta:78 - 🔎 Processando: AMAZON | Modo: 🤖 AUTO
2025-12-18 08:18:47.403 | INFO     | __main__:processar_oferta:88 - 📸 Baixando imagem do Telegram...
2025-12-18 08:18:48.724 | INFO     | __main__:processar_oferta:78 - 🔎 Processando: AMAZON | Modo: 🤖 AUTO
2025-12-18 08:18:49.187 | INFO     | __main__:processar_oferta:88 - 📸 Baixando imagem do Telegram...
2025-12-18 08:18:52.611 | SUCCESS  | __main__:processar_oferta:96 - 📱 Oferta AMAZON enviada direto para o WhatsApp!
2025-12-18 08:18:52.947 | SUCCESS  | __main__:processar_oferta:96 - 📱 Oferta AMAZON enviada direto para o WhatsApp!
2025-12-18 08:18:54.125 | INFO     | __main__:processar_oferta:106 - 🧹 Arquivo temporário removido.
2025-12-18 08:18:54.454 | INFO     | __main__:processar_oferta:106 - 🧹 Arquivo temporário removido.
2025-12-18 08:18:55.033 | SUCCESS  | __main__:processar_oferta:116 - 🐦 Postado no X
2025-12-18 08:19:46.746 | INFO     | __main__:processar_oferta:78 - 🔎 Processando: AMAZON | Modo: 🤖 AUTO
2025-12-18 08:19:47.773 | INFO     | __main__:processar_oferta:88 - 📸 Baixando imagem do Telegram...
2025-12-18 08:19:50.703 | SUCCESS  | __main__:processar_oferta:96 - 📱 Oferta AMAZON enviada direto para o WhatsApp!
2025-12-18 08:19:52.204 | INFO     | __main__:processar_oferta:106 - 🧹 Arquivo temporário removido.
2025-12-18 08:19:52.484 | SUCCESS  | __main__:processar_oferta:116 - 🐦 Postado no X
2025-12-18 08:21:46.747 | INFO     | __main__:processar_oferta:66 - ♻️ Oferta repetida ignorada: https://www.amazon.com.br/dp/B07FNFPSWL
2025-12-18 08:23:48.604 | INFO     | __main__:processar_oferta:78 - 🔎 Processando: AMAZON | Modo: 🤖 AUTO
2025-12-18 08:23:49.119 | INFO     | __main__:processar_oferta:88 - 📸 Baixando imagem do Telegram...
2025-12-18 08:23:54.630 | SUCCESS  | __main__:processar_oferta:96 - 📱 Oferta AMAZON enviada direto para o WhatsApp!
2025-12-18 08:23:56.131 | INFO     | __main__:processar_oferta:106 - 🧹 Arquivo temporário removido.
2025-12-18 08:25:47.295 | INFO     | __main__:processar_oferta:66 - ♻️ Oferta repetida ignorada: https://www.mercadolivre.com.br/social/promozonevip
2025-12-18 08:25:48.571 | INFO     | __main__:processar_oferta:66 - ♻️ Oferta repetida ignorada: https://www.amazon.com.br/dp/B0F4G9HWF7
2025-12-18 08:25:50.901 | INFO     | __main__:processar_oferta:66 - ♻️ Oferta repetida ignorada: https://chat.whatsapp.com/H7WuUyHoFo632jZusMQtko
2025-12-18 08:26:46.371 | INFO     | __main__:processar_oferta:78 - 🔎 Processando: AMAZON | Modo: 🤖 AUTO
2025-12-18 08:26:46.868 | INFO     | __main__:processar_oferta:88 - 📸 Baixando imagem do Telegram...
2025-12-18 08:26:48.259 | INFO     | __main__:processar_oferta:78 - 🔎 Processando: AMAZON | Modo: 🤖 AUTO
2025-12-18 08:26:48.629 | INFO     | __main__:processar_oferta:88 - 📸 Baixando imagem do Telegram...
2025-12-18 08:26:51.048 | INFO     | __main__:processar_oferta:78 - 🔎 Processando: AMAZON | Modo: 🤖 AUTO
2025-12-18 08:26:51.289 | SUCCESS  | __main__:processar_oferta:96 - 📱 Oferta AMAZON enviada direto para o WhatsApp!
2025-12-18 08:26:51.577 | INFO     | __main__:processar_oferta:88 - 📸 Baixando imagem do Telegram...
2025-12-18 08:26:52.408 | SUCCESS  | __main__:processar_oferta:96 - 📱 Oferta AMAZON enviada direto para o WhatsApp!
2025-12-18 08:26:53.142 | INFO     | __main__:processar_oferta:106 - 🧹 Arquivo temporário removido.
2025-12-18 08:26:53.715 | SUCCESS  | __main__:processar_oferta:116 - 🐦 Postado no X
2025-12-18 08:26:53.924 | INFO     | __main__:processar_oferta:106 - 🧹 Arquivo temporário removido.
2025-12-18 08:26:54.224 | SUCCESS  | __main__:processar_oferta:116 - 🐦 Postado no X
2025-12-18 08:26:55.262 | WARNING  | src.core.link_router:resolver_link_real:27 - ⚠️ Erro ao resolver link https://promocoesfacil.com.br/whats: 
2025-12-18 08:26:55.262 | INFO     | __main__:processar_oferta:75 - 🚫 Link não Amazon (None) ignorado.
2025-12-18 08:26:58.063 | SUCCESS  | __main__:processar_oferta:96 - 📱 Oferta AMAZON enviada direto para o WhatsApp!
2025-12-18 08:26:59.564 | INFO     | __main__:processar_oferta:106 - 🧹 Arquivo temporário removido.
2025-12-18 08:26:59.879 | SUCCESS  | __main__:processar_oferta:116 - 🐦 Postado no X
2025-12-18 08:28:47.229 | INFO     | __main__:processar_oferta:66 - ♻️ Oferta repetida ignorada: https://www.amazon.com.br/dp/B0F4G1GF7W
2025-12-18 08:28:47.354 | INFO     | __main__:processar_oferta:78 - 🔎 Processando: AMAZON | Modo: 🤖 AUTO
2025-12-18 08:28:47.778 | INFO     | __main__:processar_oferta:88 - 📸 Baixando imagem do Telegram...
2025-12-18 08:28:51.771 | INFO     | __main__:processar_oferta:66 - ♻️ Oferta repetida ignorada: https://chat.whatsapp.com/H7WuUyHoFo632jZusMQtko
2025-12-18 08:28:52.428 | SUCCESS  | __main__:processar_oferta:96 - 📱 Oferta AMAZON enviada direto para o WhatsApp!
2025-12-18 08:28:53.944 | INFO     | __main__:processar_oferta:106 - 🧹 Arquivo temporário removido.
2025-12-18 08:28:54.236 | SUCCESS  | __main__:processar_oferta:116 - 🐦 Postado no X
2025-12-18 08:30:46.797 | INFO     | __main__:processar_oferta:66 - ♻️ Oferta repetida ignorada: https://www.mercadolivre.com.br/social/promozonevip
2025-12-18 08:31:47.071 | INFO     | __main__:processar_oferta:78 - 🔎 Processando: AMAZON | Modo: 🤖 AUTO
2025-12-18 08:31:47.591 | INFO     | __main__:processar_oferta:88 - 📸 Baixando imagem do Telegram...
2025-12-18 08:31:52.001 | SUCCESS  | __main__:processar_oferta:96 - 📱 Oferta AMAZON enviada direto para o WhatsApp!
2025-12-18 08:31:53.509 | INFO     | __main__:processar_oferta:106 - 🧹 Arquivo temporário removido.
2025-12-18 08:32:46.935 | INFO     | __main__:processar_oferta:78 - 🔎 Processando: AMAZON | Modo: 🤖 AUTO
2025-12-18 08:32:47.368 | INFO     | __main__:processar_oferta:88 - 📸 Baixando imagem do Telegram...
2025-12-18 08:32:50.967 | SUCCESS  | __main__:processar_oferta:96 - 📱 Oferta AMAZON enviada direto para o WhatsApp!
2025-12-18 08:32:52.481 | INFO     | __main__:processar_oferta:106 - 🧹 Arquivo temporário removido.
2025-12-18 08:32:53.053 | SUCCESS  | __main__:processar_oferta:116 - 🐦 Postado no X
2025-12-18 08:33:48.892 | INFO     | __main__:processar_oferta:66 - ♻️ Oferta repetida ignorada: https://www.amazon.com.br/dp/B0BT4X3MJR
2025-12-18 08:35:47.475 | INFO     | __main__:processar_oferta:78 - 🔎 Processando: AMAZON | Modo: 🤖 AUTO
2025-12-18 08:35:47.924 | INFO     | __main__:processar_oferta:88 - 📸 Baixando imagem do Telegram...
2025-12-18 08:35:53.771 | SUCCESS  | __main__:processar_oferta:96 - 📱 Oferta AMAZON enviada direto para o WhatsApp!
2025-12-18 08:35:55.273 | INFO     | __main__:processar_oferta:106 - 🧹 Arquivo temporário removido.
2025-12-18 08:36:47.133 | INFO     | __main__:processar_oferta:78 - 🔎 Processando: AMAZON | Modo: 🤖 AUTO
2025-12-18 08:36:47.622 | INFO     | __main__:processar_oferta:88 - 📸 Baixando imagem do Telegram...
2025-12-18 08:36:52.956 | SUCCESS  | __main__:processar_oferta:96 - 📱 Oferta AMAZON enviada direto para o WhatsApp!
2025-12-18 08:36:54.469 | INFO     | __main__:processar_oferta:106 - 🧹 Arquivo temporário removido.
2025-12-18 08:36:55.064 | SUCCESS  | __main__:processar_oferta:116 - 🐦 Postado no X
2025-12-18 08:39:47.888 | INFO     | __main__:processar_oferta:75 - 🚫 Link não Amazon (MERCADO LIVRE) ignorado.
2025-12-18 08:43:48.878 | INFO     | __main__:processar_oferta:78 - 🔎 Processando: AMAZON | Modo: 🤖 AUTO
2025-12-18 08:43:49.015 | INFO     | __main__:processar_oferta:78 - 🔎 Processando: AMAZON | Modo: 🤖 AUTO
2025-12-18 08:43:49.272 | INFO     | __main__:processar_oferta:88 - 📸 Baixando imagem do Telegram...
2025-12-18 08:43:49.430 | INFO     | __main__:processar_oferta:88 - 📸 Baixando imagem do Telegram...
2025-12-18 08:43:51.834 | INFO     | __main__:processar_oferta:78 - 🔎 Processando: AMAZON | Modo: 🤖 AUTO
2025-12-18 08:43:52.282 | INFO     | __main__:processar_oferta:88 - 📸 Baixando imagem do Telegram...
2025-12-18 08:43:55.512 | SUCCESS  | __main__:processar_oferta:96 - 📱 Oferta AMAZON enviada direto para o WhatsApp!
2025-12-18 08:43:55.848 | SUCCESS  | __main__:processar_oferta:96 - 📱 Oferta AMAZON enviada direto para o WhatsApp!
2025-12-18 08:43:57.020 | INFO     | __main__:processar_oferta:106 - 🧹 Arquivo temporário removido.
2025-12-18 08:43:57.349 | INFO     | __main__:processar_oferta:106 - 🧹 Arquivo temporário removido.
2025-12-18 08:43:57.968 | SUCCESS  | __main__:processar_oferta:96 - 📱 Oferta AMAZON enviada direto para o WhatsApp!
2025-12-18 08:43:59.473 | INFO     | __main__:processar_oferta:106 - 🧹 Arquivo temporário removido.
2025-12-18 08:44:48.804 | INFO     | __main__:processar_oferta:78 - 🔎 Processando: AMAZON | Modo: 🤖 AUTO
2025-12-18 08:44:49.231 | INFO     | __main__:processar_oferta:88 - 📸 Baixando imagem do Telegram...
2025-12-18 08:44:54.098 | SUCCESS  | __main__:processar_oferta:96 - 📱 Oferta AMAZON enviada direto para o WhatsApp!
2025-12-18 08:44:55.610 | INFO     | __main__:processar_oferta:106 - 🧹 Arquivo temporário removido.
2025-12-18 08:44:57.749 | INFO     | __main__:processar_oferta:66 - ♻️ Oferta repetida ignorada: https://chat.whatsapp.com/H7WuUyHoFo632jZusMQtko
2025-12-18 08:45:46.912 | INFO     | __main__:processar_oferta:66 - ♻️ Oferta repetida ignorada: https://www.mercadolivre.com.br/social/promozonevip
2025-12-18 08:47:48.965 | INFO     | __main__:processar_oferta:66 - ♻️ Oferta repetida ignorada: https://www.amazon.com.br/dp/B08YZF9RK5
2025-12-18 08:51:47.588 | INFO     | __main__:processar_oferta:75 - 🚫 Link não Amazon (MERCADO LIVRE) ignorado.
2025-12-18 08:52:47.408 | INFO     | __main__:processar_oferta:75 - 🚫 Link não Amazon (MERCADO LIVRE) ignorado.
2025-12-18 08:52:47.602 | INFO     | __main__:processar_oferta:78 - 🔎 Processando: AMAZON | Modo: 🤖 AUTO
2025-12-18 08:52:48.190 | INFO     | __main__:processar_oferta:88 - 📸 Baixando imagem do Telegram...
2025-12-18 08:52:53.258 | SUCCESS  | __main__:processar_oferta:96 - 📱 Oferta AMAZON enviada direto para o WhatsApp!
2025-12-18 08:52:54.771 | INFO     | __main__:processar_oferta:106 - 🧹 Arquivo temporário removido.
2025-12-18 08:53:49.583 | INFO     | __main__:processar_oferta:78 - 🔎 Processando: AMAZON | Modo: 🤖 AUTO
2025-12-18 08:53:50.005 | INFO     | __main__:processar_oferta:88 - 📸 Baixando imagem do Telegram...
2025-12-18 08:53:54.163 | SUCCESS  | __main__:processar_oferta:96 - 📱 Oferta AMAZON enviada direto para o WhatsApp!
2025-12-18 08:53:55.676 | INFO     | __main__:processar_oferta:106 - 🧹 Arquivo temporário removido.
2025-12-18 08:54:49.147 | INFO     | __main__:processar_oferta:66 - ♻️ Oferta repetida ignorada: https://www.amazon.com.br/dp/B07FNFPSWL
2025-12-18 08:54:53.943 | INFO     | __main__:processar_oferta:66 - ♻️ Oferta repetida ignorada: https://chat.whatsapp.com/H7WuUyHoFo632jZusMQtko
2025-12-18 08:55:47.803 | INFO     | __main__:processar_oferta:66 - ♻️ Oferta repetida ignorada: https://www.mercadolivre.com.br/social/promozonevip
2025-12-18 08:56:48.407 | INFO     | __main__:processar_oferta:78 - 🔎 Processando: AMAZON | Modo: 🤖 AUTO
2025-12-18 08:56:48.894 | INFO     | __main__:processar_oferta:88 - 📸 Baixando imagem do Telegram...
2025-12-18 08:56:53.776 | SUCCESS  | __main__:processar_oferta:96 - 📱 Oferta AMAZON enviada direto para o WhatsApp!
2025-12-18 08:56:55.279 | INFO     | __main__:processar_oferta:106 - 🧹 Arquivo temporário removido.
2025-12-18 08:58:47.793 | INFO     | __main__:processar_oferta:78 - 🔎 Processando: AMAZON | Modo: 🤖 AUTO
2025-12-18 08:58:48.688 | INFO     | __main__:processar_oferta:88 - 📸 Baixando imagem do Telegram...
2025-12-18 08:58:49.091 | INFO     | __main__:processar_oferta:66 - ♻️ Oferta repetida ignorada: https://www.amazon.com.br/dp/B0C5CDBC5P
2025-12-18 08:58:52.540 | SUCCESS  | __main__:processar_oferta:96 - 📱 Oferta AMAZON enviada direto para o WhatsApp!
2025-12-18 08:58:54.044 | INFO     | __main__:processar_oferta:106 - 🧹 Arquivo temporário removido.
2025-12-18 08:58:55.665 | INFO     | __main__:processar_oferta:75 - 🚫 Link não Amazon (None) ignorado.
2025-12-18 08:58:56.896 | INFO     | __main__:processar_oferta:75 - 🚫 Link não Amazon (None) ignorado.
2025-12-18 08:58:58.266 | INFO     | __main__:processar_oferta:66 - ♻️ Oferta repetida ignorada: https://kabum.onelink.me/civn
2025-12-18 08:59:47.729 | INFO     | __main__:processar_oferta:78 - 🔎 Processando: AMAZON | Modo: 🤖 AUTO
2025-12-18 08:59:48.224 | INFO     | __main__:processar_oferta:88 - 📸 Baixando imagem do Telegram...
2025-12-18 08:59:54.016 | SUCCESS  | __main__:processar_oferta:96 - 📱 Oferta AMAZON enviada direto para o WhatsApp!
2025-12-18 08:59:55.522 | INFO     | __main__:processar_oferta:106 - 🧹 Arquivo temporário removido.
2025-12-18 09:00:46.334 | INFO     | __main__:processar_oferta:75 - 🚫 Link não Amazon (None) ignorado.
2025-12-18 09:00:46.745 | INFO     | __main__:processar_oferta:75 - 🚫 Link não Amazon (None) ignorado.
2025-12-18 09:00:47.033 | INFO     | __main__:processar_oferta:66 - ♻️ Oferta repetida ignorada: https://www.mercadolivre.com.br/social/promozonevip
2025-12-18 09:00:47.175 | INFO     | __main__:processar_oferta:75 - 🚫 Link não Amazon (None) ignorado.
2025-12-18 09:00:47.261 | INFO     | __main__:processar_oferta:75 - 🚫 Link não Amazon (MERCADO LIVRE) ignorado.
2025-12-18 09:00:47.284 | INFO     | __main__:processar_oferta:75 - 🚫 Link não Amazon (MERCADO LIVRE) ignorado.
2025-12-18 09:00:47.714 | INFO     | __main__:processar_oferta:75 - 🚫 Link não Amazon (MERCADO LIVRE) ignorado.
2025-12-18 09:00:49.205 | INFO     | __main__:processar_oferta:75 - 🚫 Link não Amazon (None) ignorado.
2025-12-18 09:01:47.737 | INFO     | __main__:processar_oferta:66 - ♻️ Oferta repetida ignorada: https://s.shopee.com.br/60KTtVfEHS
2025-12-18 09:01:48.089 | INFO     | __main__:processar_oferta:66 - ♻️ Oferta repetida ignorada: https://www.mercadolivre.com.br/social/urubupromo
2025-12-18 09:02:48.255 | INFO     | __main__:processar_oferta:75 - 🚫 Link não Amazon (MERCADO LIVRE) ignorado.
2025-12-18 09:02:48.352 | INFO     | __main__:processar_oferta:75 - 🚫 Link não Amazon (MERCADO LIVRE) ignorado.
2025-12-18 09:03:47.788 | INFO     | __main__:processar_oferta:66 - ♻️ Oferta repetida ignorada: https://www.mercadolivre.com.br/social/agenciarice
2025-12-18 09:03:48.080 | INFO     | __main__:processar_oferta:75 - 🚫 Link não Amazon (MERCADO LIVRE) ignorado.
2025-12-18 09:04:48.164 | INFO     | __main__:processar_oferta:75 - 🚫 Link não Amazon (MERCADO LIVRE) ignorado.
2025-12-18 09:04:48.308 | INFO     | __main__:processar_oferta:75 - 🚫 Link não Amazon (None) ignorado.
2025-12-18 09:04:49.425 | INFO     | __main__:processar_oferta:78 - 🔎 Processando: AMAZON | Modo: 🤖 AUTO
2025-12-18 09:04:50.026 | INFO     | __main__:processar_oferta:88 - 📸 Baixando imagem do Telegram...
2025-12-18 09:04:50.778 | INFO     | __main__:processar_oferta:66 - ♻️ Oferta repetida ignorada: https://promocoesfacil.com.br
2025-12-18 09:04:55.273 | SUCCESS  | __main__:processar_oferta:96 - 📱 Oferta AMAZON enviada direto para o WhatsApp!
2025-12-18 09:04:56.788 | INFO     | __main__:processar_oferta:106 - 🧹 Arquivo temporário removido.
2025-12-18 09:06:49.371 | INFO     | __main__:processar_oferta:66 - ♻️ Oferta repetida ignorada: https://www.amazon.com.br/dp/B08YZF9RK5
2025-12-18 09:09:47.840 | INFO     | __main__:processar_oferta:75 - 🚫 Link não Amazon (MERCADO LIVRE) ignorado.
2025-12-18 09:09:49.994 | INFO     | __main__:processar_oferta:78 - 🔎 Processando: AMAZON | Modo: 🤖 AUTO
2025-12-18 09:09:50.519 | INFO     | __main__:processar_oferta:88 - 📸 Baixando imagem do Telegram...
2025-12-18 09:09:55.633 | SUCCESS  | __main__:processar_oferta:96 - 📱 Oferta AMAZON enviada direto para o WhatsApp!
2025-12-18 09:09:57.140 | INFO     | __main__:processar_oferta:106 - 🧹 Arquivo temporário removido.
2025-12-18 09:10:48.163 | INFO     | __main__:processar_oferta:66 - ♻️ Oferta repetida ignorada: https://www.mercadolivre.com.br/social/promozonevip
2025-12-18 09:10:48.463 | INFO     | __main__:processar_oferta:66 - ♻️ Oferta repetida ignorada: https://www.mercadolivre.com.br/ofertas
2025-12-18 09:12:46.628 | INFO     | __main__:processar_oferta:78 - 🔎 Processando: AMAZON | Modo: 🤖 AUTO
2025-12-18 09:12:46.855 | INFO     | __main__:processar_oferta:75 - 🚫 Link não Amazon (None) ignorado.
2025-12-18 09:12:47.064 | INFO     | __main__:processar_oferta:88 - 📸 Baixando imagem do Telegram...
2025-12-18 09:12:47.200 | INFO     | __main__:processar_oferta:75 - 🚫 Link não Amazon (MERCADO LIVRE) ignorado.
2025-12-18 09:12:47.709 | INFO     | __main__:processar_oferta:66 - ♻️ Oferta repetida ignorada: https://www.mercadolivre.com.br/social/promotom
2025-12-18 09:12:47.711 | INFO     | __main__:processar_oferta:66 - ♻️ Oferta repetida ignorada: https://www.mercadolivre.com.br/social/promotom
2025-12-18 09:12:47.889 | INFO     | __main__:processar_oferta:66 - ♻️ Oferta repetida ignorada: https://www.mercadolivre.com.br/social/urubupromo
2025-12-18 09:12:48.721 | INFO     | __main__:processar_oferta:66 - ♻️ Oferta repetida ignorada: https://descontostop.com/grupo-promocoes-whatsapp-telegram-cupom-desconto/
2025-12-18 09:12:49.366 | INFO     | __main__:processar_oferta:75 - 🚫 Link não Amazon (MERCADO LIVRE) ignorado.
2025-12-18 09:12:49.774 | INFO     | __main__:processar_oferta:75 - 🚫 Link não Amazon (None) ignorado.
2025-12-18 09:12:50.519 | INFO     | __main__:processar_oferta:66 - ♻️ Oferta repetida ignorada: https://www.mercadolivre.com.br/social/promotom
2025-12-18 09:12:50.888 | SUCCESS  | __main__:processar_oferta:96 - 📱 Oferta AMAZON enviada direto para o WhatsApp!
2025-12-18 09:12:52.390 | INFO     | __main__:processar_oferta:106 - 🧹 Arquivo temporário removido.
2025-12-18 09:13:48.265 | INFO     | __main__:processar_oferta:66 - ♻️ Oferta repetida ignorada: https://r.amzlink.to/
2025-12-18 09:13:48.306 | INFO     | __main__:processar_oferta:66 - ♻️ Oferta repetida ignorada: https://www.mercadolivre.com.br/social/promotom
2025-12-18 09:13:49.656 | INFO     | __main__:processar_oferta:78 - 🔎 Processando: AMAZON | Modo: 🤖 AUTO
2025-12-18 09:13:50.261 | INFO     | __main__:processar_oferta:88 - 📸 Baixando imagem do Telegram...
2025-12-18 09:13:51.716 | INFO     | __main__:processar_oferta:66 - ♻️ Oferta repetida ignorada: https://www.mercadolivre.com.br/social/promotom
2025-12-18 09:13:52.650 | INFO     | __main__:processar_oferta:66 - ♻️ Oferta repetida ignorada: https://r.amzlink.to/
2025-12-18 09:13:55.963 | SUCCESS  | __main__:processar_oferta:96 - 📱 Oferta AMAZON enviada direto para o WhatsApp!
2025-12-18 09:13:57.479 | INFO     | __main__:processar_oferta:106 - 🧹 Arquivo temporário removido.
2025-12-18 09:14:47.928 | INFO     | __main__:processar_oferta:75 - 🚫 Link não Amazon (MERCADO LIVRE) ignorado.
2025-12-18 09:14:48.072 | INFO     | __main__:processar_oferta:78 - 🔎 Processando: AMAZON | Modo: 🤖 AUTO
2025-12-18 09:14:48.142 | INFO     | __main__:processar_oferta:66 - ♻️ Oferta repetida ignorada: https://www.mercadolivre.com.br/social/promotom
2025-12-18 09:14:48.278 | INFO     | __main__:processar_oferta:75 - 🚫 Link não Amazon (None) ignorado.
2025-12-18 09:14:48.327 | INFO     | __main__:processar_oferta:66 - ♻️ Oferta repetida ignorada: https://www.mercadolivre.com.br/social/promotom
2025-12-18 09:14:48.538 | INFO     | __main__:processar_oferta:88 - 📸 Baixando imagem do Telegram...
2025-12-18 09:14:53.260 | SUCCESS  | __main__:processar_oferta:96 - 📱 Oferta AMAZON enviada direto para o WhatsApp!
2025-12-18 09:14:54.765 | INFO     | __main__:processar_oferta:106 - 🧹 Arquivo temporário removido.
2025-12-18 09:14:55.697 | INFO     | __main__:processar_oferta:75 - 🚫 Link não Amazon (None) ignorado.
2025-12-18 09:14:56.558 | INFO     | __main__:processar_oferta:75 - 🚫 Link não Amazon (None) ignorado.
2025-12-18 09:14:57.681 | INFO     | __main__:processar_oferta:75 - 🚫 Link não Amazon (None) ignorado.
2025-12-18 09:15:47.379 | INFO     | __main__:processar_oferta:66 - ♻️ Oferta repetida ignorada: https://r.amzlink.to/
2025-12-18 09:15:47.441 | INFO     | __main__:processar_oferta:75 - 🚫 Link não Amazon (None) ignorado.
2025-12-18 09:15:48.616 | INFO     | __main__:processar_oferta:78 - 🔎 Processando: AMAZON | Modo: 🤖 AUTO
2025-12-18 09:15:48.711 | INFO     | __main__:processar_oferta:66 - ♻️ Oferta repetida ignorada: https://descontostop.com/grupo-promocoes-whatsapp-telegram-cupom-desconto/
2025-12-18 09:15:49.099 | INFO     | __main__:processar_oferta:88 - 📸 Baixando imagem do Telegram...
2025-12-18 09:15:53.972 | SUCCESS  | __main__:processar_oferta:96 - 📱 Oferta AMAZON enviada direto para o WhatsApp!
2025-12-18 09:15:55.484 | INFO     | __main__:processar_oferta:106 - 🧹 Arquivo temporário removido.
2025-12-18 09:18:49.381 | INFO     | __main__:processar_oferta:78 - 🔎 Processando: AMAZON | Modo: 🤖 AUTO
2025-12-18 09:18:49.832 | INFO     | __main__:processar_oferta:88 - 📸 Baixando imagem do Telegram...
2025-12-18 09:18:52.746 | SUCCESS  | __main__:processar_oferta:96 - 📱 Oferta AMAZON enviada direto para o WhatsApp!
2025-12-18 09:18:54.261 | INFO     | __main__:processar_oferta:106 - 🧹 Arquivo temporário removido.
2025-12-18 09:20:48.008 | INFO     | __main__:processar_oferta:78 - 🔎 Processando: AMAZON | Modo: 🤖 AUTO
2025-12-18 09:20:48.421 | INFO     | __main__:processar_oferta:88 - 📸 Baixando imagem do Telegram...
2025-12-18 09:20:54.481 | SUCCESS  | __main__:processar_oferta:96 - 📱 Oferta AMAZON enviada direto para o WhatsApp!
2025-12-18 09:20:55.992 | INFO     | __main__:processar_oferta:106 - 🧹 Arquivo temporário removido.
2025-12-18 09:20:58.149 | INFO     | __main__:processar_oferta:66 - ♻️ Oferta repetida ignorada: https://chat.whatsapp.com/H7WuUyHoFo632jZusMQtko
2025-12-18 09:22:48.395 | INFO     | __main__:processar_oferta:66 - ♻️ Oferta repetida ignorada: https://www.mercadolivre.com.br/social/agenciarice
2025-12-18 09:22:48.444 | INFO     | __main__:processar_oferta:66 - ♻️ Oferta repetida ignorada: https://www.mercadolivre.com.br/social/promotom
2025-12-18 09:22:49.467 | INFO     | __main__:processar_oferta:66 - ♻️ Oferta repetida ignorada: https://www.mercadolivre.com.br/social/promotom
2025-12-18 09:22:50.516 | INFO     | __main__:processar_oferta:66 - ♻️ Oferta repetida ignorada: https://www.mercadolivre.com.br/social/promotom
2025-12-18 09:22:51.328 | INFO     | __main__:processar_oferta:66 - ♻️ Oferta repetida ignorada: https://www.mercadolivre.com.br/social/promotom
2025-12-18 09:22:52.363 | INFO     | __main__:processar_oferta:66 - ♻️ Oferta repetida ignorada: https://www.mercadolivre.com.br/social/promotom
2025-12-18 09:22:53.182 | INFO     | __main__:processar_oferta:66 - ♻️ Oferta repetida ignorada: https://www.mercadolivre.com.br/social/promotom
2025-12-18 09:22:54.217 | INFO     | __main__:processar_oferta:66 - ♻️ Oferta repetida ignorada: https://www.mercadolivre.com.br/social/promotom
2025-12-18 09:23:48.235 | INFO     | __main__:processar_oferta:66 - ♻️ Oferta repetida ignorada: https://r.amzlink.to/
2025-12-18 09:23:48.275 | INFO     | __main__:processar_oferta:66 - ♻️ Oferta repetida ignorada: https://www.mercadolivre.com.br/social/mesprom
2025-12-18 09:23:48.295 | INFO     | __main__:processar_oferta:66 - ♻️ Oferta repetida ignorada: https://www.mercadolivre.com.br/social/agenciarice
2025-12-18 09:24:48.381 | INFO     | __main__:processar_oferta:66 - ♻️ Oferta repetida ignorada: https://www.mercadolivre.com.br/social/promotop
2025-12-18 09:24:48.386 | INFO     | __main__:processar_oferta:66 - ♻️ Oferta repetida ignorada: https://www.mercadolivre.com.br/social/agenciarice
2025-12-18 09:24:48.474 | INFO     | __main__:processar_oferta:66 - ♻️ Oferta repetida ignorada: https://www.mercadolivre.com.br/social/mesprom
2025-12-18 09:24:48.735 | INFO     | __main__:processar_oferta:75 - 🚫 Link não Amazon (None) ignorado.
2025-12-18 09:24:50.521 | INFO     | __main__:processar_oferta:66 - ♻️ Oferta repetida ignorada: https://descontostop.com/grupo-promocoes-whatsapp-telegram-cupom-desconto/
2025-12-18 09:25:48.449 | INFO     | __main__:processar_oferta:66 - ♻️ Oferta repetida ignorada: https://r.amzlink.to/
2025-12-18 09:25:49.706 | INFO     | __main__:processar_oferta:66 - ♻️ Oferta repetida ignorada: https://www.amazon.com.br/dp/B00N6AKNQW
2025-12-18 09:26:47.445 | INFO     | __main__:processar_oferta:66 - ♻️ Oferta repetida ignorada: https://www.mercadolivre.com.br/social/mesprom
2025-12-18 09:26:47.823 | INFO     | __main__:processar_oferta:66 - ♻️ Oferta repetida ignorada: https://kabum.onelink.me/civn
2025-12-18 09:26:47.824 | INFO     | __main__:processar_oferta:66 - ♻️ Oferta repetida ignorada: https://kabum.onelink.me/civn
2025-12-18 09:26:47.825 | INFO     | __main__:processar_oferta:66 - ♻️ Oferta repetida ignorada: https://kabum.onelink.me/civn
2025-12-18 09:26:48.327 | INFO     | __main__:processar_oferta:66 - ♻️ Oferta repetida ignorada: https://kabum.onelink.me/civn
2025-12-18 09:27:47.129 | INFO     | __main__:processar_oferta:78 - 🔎 Processando: AMAZON | Modo: 🤖 AUTO
2025-12-18 09:27:47.615 | INFO     | __main__:processar_oferta:88 - 📸 Baixando imagem do Telegram...
2025-12-18 09:27:48.569 | INFO     | __main__:processar_oferta:66 - ♻️ Oferta repetida ignorada: https://kabum.onelink.me/civn
2025-12-18 09:27:48.571 | INFO     | __main__:processar_oferta:66 - ♻️ Oferta repetida ignorada: https://kabum.onelink.me/civn
2025-12-18 09:27:48.571 | INFO     | __main__:processar_oferta:66 - ♻️ Oferta repetida ignorada: https://kabum.onelink.me/civn
2025-12-18 09:27:48.572 | INFO     | __main__:processar_oferta:66 - ♻️ Oferta repetida ignorada: https://kabum.onelink.me/civn
2025-12-18 09:27:49.921 | INFO     | __main__:processar_oferta:66 - ♻️ Oferta repetida ignorada: https://kabum.onelink.me/civn
2025-12-18 09:27:50.209 | SUCCESS  | __main__:processar_oferta:96 - 📱 Oferta AMAZON enviada direto para o WhatsApp!
2025-12-18 09:27:51.717 | INFO     | __main__:processar_oferta:106 - 🧹 Arquivo temporário removido.
2025-12-18 09:28:18.320 | INFO     | __main__:processar_oferta:66 - ♻️ Oferta repetida ignorada: https://kabum.onelink.me/civn
2025-12-18 09:28:48.413 | INFO     | __main__:processar_oferta:75 - 🚫 Link não Amazon (None) ignorado.
2025-12-18 09:28:48.618 | INFO     | __main__:processar_oferta:66 - ♻️ Oferta repetida ignorada: https://kabum.onelink.me/civn
2025-12-18 09:28:48.620 | INFO     | __main__:processar_oferta:66 - ♻️ Oferta repetida ignorada: https://kabum.onelink.me/civn
2025-12-18 09:28:49.972 | INFO     | __main__:processar_oferta:66 - ♻️ Oferta repetida ignorada: https://descontostop.com/grupo-promocoes-whatsapp-telegram-cupom-desconto/
2025-12-18 09:28:50.043 | INFO     | __main__:processar_oferta:66 - ♻️ Oferta repetida ignorada: https://kabum.onelink.me/civn
2025-12-18 09:29:48.587 | INFO     | __main__:processar_oferta:75 - 🚫 Link não Amazon (MERCADO LIVRE) ignorado.
2025-12-18 09:29:48.637 | INFO     | __main__:processar_oferta:66 - ♻️ Oferta repetida ignorada: https://kabum.onelink.me/civn
2025-12-18 09:29:48.694 | INFO     | __main__:processar_oferta:66 - ♻️ Oferta repetida ignorada: https://kabum.onelink.me/civn
2025-12-18 09:29:48.700 | INFO     | __main__:processar_oferta:66 - ♻️ Oferta repetida ignorada: https://kabum.onelink.me/civn
2025-12-18 09:29:48.889 | INFO     | __main__:processar_oferta:66 - ♻️ Oferta repetida ignorada: https://kabum.onelink.me/civn
2025-12-18 09:29:48.892 | INFO     | __main__:processar_oferta:66 - ♻️ Oferta repetida ignorada: https://kabum.onelink.me/civn
2025-12-18 09:29:48.896 | INFO     | __main__:processar_oferta:66 - ♻️ Oferta repetida ignorada: https://kabum.onelink.me/civn
2025-12-18 09:29:49.112 | INFO     | __main__:processar_oferta:66 - ♻️ Oferta repetida ignorada: https://kabum.onelink.me/civn
2025-12-18 09:29:49.871 | INFO     | __main__:processar_oferta:66 - ♻️ Oferta repetida ignorada: https://kabum.onelink.me/civn
2025-12-18 09:29:50.236 | INFO     | __main__:processar_oferta:66 - ♻️ Oferta repetida ignorada: https://kabum.onelink.me/civn
2025-12-18 09:29:51.581 | INFO     | __main__:processar_oferta:66 - ♻️ Oferta repetida ignorada: https://kabum.onelink.me/civn
2025-12-18 09:29:52.960 | INFO     | __main__:processar_oferta:66 - ♻️ Oferta repetida ignorada: https://kabum.onelink.me/civn
2025-12-18 09:30:47.689 | INFO     | __main__:processar_oferta:66 - ♻️ Oferta repetida ignorada: https://www.mercadolivre.com.br/social/promotom
2025-12-18 09:30:47.690 | INFO     | __main__:processar_oferta:66 - ♻️ Oferta repetida ignorada: https://www.mercadolivre.com.br/social/mesprom
2025-12-18 09:30:47.763 | INFO     | __main__:processar_oferta:66 - ♻️ Oferta repetida ignorada: https://kabum.onelink.me/civn
2025-12-18 09:30:47.770 | INFO     | __main__:processar_oferta:66 - ♻️ Oferta repetida ignorada: https://kabum.onelink.me/civn
2025-12-18 09:30:47.811 | INFO     | __main__:processar_oferta:75 - 🚫 Link não Amazon (None) ignorado.
2025-12-18 09:30:48.087 | INFO     | __main__:processar_oferta:66 - ♻️ Oferta repetida ignorada: https://www.mercadolivre.com.br/ofertas
2025-12-18 09:30:49.409 | INFO     | __main__:processar_oferta:66 - ♻️ Oferta repetida ignorada: https://descontostop.com/grupo-promocoes-whatsapp-telegram-cupom-desconto/
2025-12-18 09:31:09.249 | INFO     | __main__:processar_oferta:66 - ♻️ Oferta repetida ignorada: https://r.amzlink.to/
2025-12-18 09:31:09.308 | INFO     | __main__:processar_oferta:66 - ♻️ Oferta repetida ignorada: https://www.mercadolivre.com.br/social/agenciarice
2025-12-18 09:31:48.813 | INFO     | __main__:processar_oferta:66 - ♻️ Oferta repetida ignorada: https://kabum.onelink.me/civn
2025-12-18 09:31:49.187 | INFO     | __main__:processar_oferta:66 - ♻️ Oferta repetida ignorada: https://kabum.onelink.me/civn
2025-12-18 09:32:48.487 | INFO     | __main__:processar_oferta:66 - ♻️ Oferta repetida ignorada: https://www.mercadolivre.com.br/social/xetdaspromocoes/lists/140c506e-ca9c-45ba-8623-e37b88be58f3
2025-12-18 09:32:48.496 | INFO     | __main__:processar_oferta:66 - ♻️ Oferta repetida ignorada: https://www.mercadolivre.com.br/social/ro20251028090844
2025-12-18 09:32:48.977 | INFO     | __main__:processar_oferta:66 - ♻️ Oferta repetida ignorada: https://kabum.onelink.me/civn
2025-12-18 09:32:49.684 | INFO     | __main__:processar_oferta:75 - 🚫 Link não Amazon (MERCADO LIVRE) ignorado.
2025-12-18 09:33:48.352 | INFO     | __main__:processar_oferta:66 - ♻️ Oferta repetida ignorada: https://www.mercadolivre.com.br/social/mesprom
2025-12-18 09:33:48.878 | INFO     | __main__:processar_oferta:66 - ♻️ Oferta repetida ignorada: https://kabum.onelink.me/civn
2025-12-18 09:34:48.595 | INFO     | __main__:processar_oferta:66 - ♻️ Oferta repetida ignorada: https://www.mercadolivre.com.br/social/agenciarice
2025-12-18 09:35:48.347 | INFO     | __main__:processar_oferta:66 - ♻️ Oferta repetida ignorada: https://reduz.me/e5bb5e60
2025-12-18 09:36:48.402 | INFO     | __main__:processar_oferta:66 - ♻️ Oferta repetida ignorada: https://www.mercadolivre.com.br/social/xetdaspromocoes
2025-12-18 09:36:48.470 | INFO     | __main__:processar_oferta:75 - 🚫 Link não Amazon (None) ignorado.
2025-12-18 09:36:49.355 | INFO     | __main__:processar_oferta:66 - ♻️ Oferta repetida ignorada: https://www.mercadolivre.com.br/social/promotom
2025-12-18 09:36:49.450 | INFO     | __main__:processar_oferta:66 - ♻️ Oferta repetida ignorada: https://www.mercadolivre.com.br/social/mesprom
2025-12-18 09:36:50.044 | INFO     | __main__:processar_oferta:66 - ♻️ Oferta repetida ignorada: https://descontostop.com/grupo-promocoes-whatsapp-telegram-cupom-desconto/
2025-12-18 09:36:50.414 | INFO     | __main__:processar_oferta:66 - ♻️ Oferta repetida ignorada: https://www.mercadolivre.com.br/social/promotom
2025-12-18 09:36:51.526 | INFO     | __main__:processar_oferta:66 - ♻️ Oferta repetida ignorada: https://www.mercadolivre.com.br/social/promotom
2025-12-18 09:36:52.585 | INFO     | __main__:processar_oferta:66 - ♻️ Oferta repetida ignorada: https://www.mercadolivre.com.br/social/promotom
2025-12-18 09:36:53.685 | INFO     | __main__:processar_oferta:66 - ♻️ Oferta repetida ignorada: https://www.mercadolivre.com.br/social/promotom
2025-12-18 09:36:54.548 | INFO     | __main__:processar_oferta:66 - ♻️ Oferta repetida ignorada: https://www.mercadolivre.com.br/social/promotom
2025-12-18 09:36:55.584 | INFO     | __main__:processar_oferta:66 - ♻️ Oferta repetida ignorada: https://www.mercadolivre.com.br/social/promotom
2025-12-18 09:38:48.462 | INFO     | __main__:processar_oferta:75 - 🚫 Link não Amazon (None) ignorado.
2025-12-18 09:38:48.618 | INFO     | __main__:processar_oferta:66 - ♻️ Oferta repetida ignorada: https://www.mercadolivre.com.br/social/agenciarice
2025-12-18 09:38:48.632 | INFO     | __main__:processar_oferta:66 - ♻️ Oferta repetida ignorada: https://www.mercadolivre.com.br/social/promotop
2025-12-18 09:38:49.402 | INFO     | __main__:processar_oferta:66 - ♻️ Oferta repetida ignorada: https://kabum.onelink.me/civn
2025-12-18 09:38:49.868 | INFO     | __main__:processar_oferta:66 - ♻️ Oferta repetida ignorada: https://descontostop.com/grupo-promocoes-whatsapp-telegram-cupom-desconto/
2025-12-18 09:38:51.504 | INFO     | __main__:processar_oferta:75 - 🚫 Link não Amazon (MERCADO LIVRE) ignorado.
2025-12-18 09:39:48.616 | INFO     | __main__:processar_oferta:66 - ♻️ Oferta repetida ignorada: https://www.mercadolivre.com.br/social/agenciarice
2025-12-18 09:39:48.661 | INFO     | __main__:processar_oferta:66 - ♻️ Oferta repetida ignorada: https://www.mercadolivre.com.br/social/ro20251028090844
2025-12-18 09:39:48.774 | INFO     | __main__:processar_oferta:66 - ♻️ Oferta repetida ignorada: https://www.mercadolivre.com.br/social/mesprom
2025-12-18 09:39:48.803 | INFO     | __main__:processar_oferta:75 - 🚫 Link não Amazon (MERCADO LIVRE) ignorado.
2025-12-18 09:39:49.068 | INFO     | __main__:processar_oferta:75 - 🚫 Link não Amazon (None) ignorado.
2025-12-18 09:39:49.303 | INFO     | __main__:processar_oferta:75 - 🚫 Link não Amazon (MERCADO LIVRE) ignorado.
2025-12-18 09:39:50.457 | INFO     | __main__:processar_oferta:66 - ♻️ Oferta repetida ignorada: https://lista.mercadolivre.com.br/casas-bahia-loja
2025-12-18 09:40:48.754 | INFO     | __main__:processar_oferta:66 - ♻️ Oferta repetida ignorada: https://www.mercadolivre.com.br/social/urubupromo
2025-12-18 09:40:48.956 | INFO     | __main__:processar_oferta:66 - ♻️ Oferta repetida ignorada: https://r.amzlink.to/
2025-12-18 09:40:49.333 | INFO     | __main__:processar_oferta:66 - ♻️ Oferta repetida ignorada: https://validate.perfdrive.com/ca4df1c7abf7ea2cc50ab30bdf7ed2bb/
2025-12-18 09:41:48.093 | INFO     | __main__:processar_oferta:66 - ♻️ Oferta repetida ignorada: https://www.mercadolivre.com.br/social/promotop
2025-12-18 09:41:48.158 | INFO     | __main__:processar_oferta:66 - ♻️ Oferta repetida ignorada: https://www.mercadolivre.com.br/social/xetdaspromocoes
2025-12-18 09:41:48.269 | INFO     | __main__:processar_oferta:66 - ♻️ Oferta repetida ignorada: https://www.mercadolivre.com.br/social/urubupromo
2025-12-18 09:41:48.279 | INFO     | __main__:processar_oferta:66 - ♻️ Oferta repetida ignorada: https://www.mercadolivre.com.br/social/agenciarice
2025-12-18 09:41:48.326 | INFO     | __main__:processar_oferta:66 - ♻️ Oferta repetida ignorada: https://validate.perfdrive.com/ca4df1c7abf7ea2cc50ab30bdf7ed2bb/
2025-12-18 09:41:49.205 | INFO     | __main__:processar_oferta:75 - 🚫 Link não Amazon (MERCADO LIVRE) ignorado.
2025-12-18 09:41:49.352 | INFO     | __main__:processar_oferta:66 - ♻️ Oferta repetida ignorada: https://www.mercadolivre.com.br/social/urubupromo
2025-12-18 09:42:47.518 | INFO     | __main__:processar_oferta:66 - ♻️ Oferta repetida ignorada: https://www.mercadolivre.com.br/social/agenciarice
2025-12-18 09:43:48.274 | INFO     | __main__:processar_oferta:66 - ♻️ Oferta repetida ignorada: https://www.mercadolivre.com.br/social/mesprom
2025-12-18 09:43:48.383 | INFO     | __main__:processar_oferta:66 - ♻️ Oferta repetida ignorada: https://www.mercadolivre.com.br/social/pq20251002095509
2025-12-18 09:43:53.282 | INFO     | __main__:processar_oferta:66 - ♻️ Oferta repetida ignorada: https://chat.whatsapp.com/H7WuUyHoFo632jZusMQtko
2025-12-18 09:44:48.914 | INFO     | __main__:processar_oferta:66 - ♻️ Oferta repetida ignorada: https://www.mercadolivre.com.br/social/promotom
2025-12-18 09:44:49.170 | INFO     | __main__:processar_oferta:66 - ♻️ Oferta repetida ignorada: https://www.mercadolivre.com.br/social/urubupromo
2025-12-18 09:44:49.945 | INFO     | __main__:processar_oferta:66 - ♻️ Oferta repetida ignorada: https://www.mercadolivre.com.br/social/promotom
2025-12-18 09:44:50.764 | INFO     | __main__:processar_oferta:66 - ♻️ Oferta repetida ignorada: https://www.mercadolivre.com.br/social/promotom
2025-12-18 09:44:51.572 | INFO     | __main__:processar_oferta:66 - ♻️ Oferta repetida ignorada: https://www.mercadolivre.com.br/social/promotom
2025-12-18 09:44:52.557 | INFO     | __main__:processar_oferta:66 - ♻️ Oferta repetida ignorada: https://www.mercadolivre.com.br/social/promotom
2025-12-18 09:44:53.674 | INFO     | __main__:processar_oferta:66 - ♻️ Oferta repetida ignorada: https://www.mercadolivre.com.br/social/promotom
2025-12-18 09:44:54.759 | INFO     | __main__:processar_oferta:66 - ♻️ Oferta repetida ignorada: https://www.mercadolivre.com.br/social/promotom
2025-12-18 09:45:47.772 | INFO     | __main__:processar_oferta:66 - ♻️ Oferta repetida ignorada: https://www.mercadolivre.com.br/social/xetdaspromocoes
2025-12-18 09:45:47.814 | INFO     | __main__:processar_oferta:66 - ♻️ Oferta repetida ignorada: https://www.mercadolivre.com.br/social/promozonevip
2025-12-18 09:45:47.818 | INFO     | __main__:processar_oferta:75 - 🚫 Link não Amazon (None) ignorado.
2025-12-18 09:45:47.920 | INFO     | __main__:processar_oferta:66 - ♻️ Oferta repetida ignorada: https://www.mercadolivre.com.br/social/mesprom
2025-12-18 09:45:47.957 | INFO     | __main__:processar_oferta:66 - ♻️ Oferta repetida ignorada: https://www.mercadolivre.com.br/social/agenciarice
2025-12-18 09:45:49.275 | INFO     | __main__:processar_oferta:66 - ♻️ Oferta repetida ignorada: https://descontostop.com/grupo-promocoes-whatsapp-telegram-cupom-desconto/
2025-12-18 09:45:55.167 | INFO     | __main__:processar_oferta:66 - ♻️ Oferta repetida ignorada: https://www.mercadolivre.com.br/social/agenciarice
2025-12-18 09:47:48.560 | INFO     | __main__:processar_oferta:66 - ♻️ Oferta repetida ignorada: https://www.mercadolivre.com.br/social/agenciarice
2025-12-18 09:47:48.913 | INFO     | __main__:processar_oferta:66 - ♻️ Oferta repetida ignorada: https://r.amzlink.to/
2025-12-18 09:48:48.755 | INFO     | __main__:processar_oferta:66 - ♻️ Oferta repetida ignorada: https://www.mercadolivre.com.br/social/mesprom
2025-12-18 09:48:48.796 | INFO     | __main__:processar_oferta:66 - ♻️ Oferta repetida ignorada: https://www.mercadolivre.com.br/social/xetdaspromocoes
2025-12-18 09:48:48.946 | INFO     | __main__:processar_oferta:66 - ♻️ Oferta repetida ignorada: https://www.mercadolivre.com.br/social/promotom
2025-12-18 09:48:49.082 | INFO     | __main__:processar_oferta:75 - 🚫 Link não Amazon (None) ignorado.
2025-12-18 09:48:49.766 | INFO     | __main__:processar_oferta:66 - ♻️ Oferta repetida ignorada: https://www.mercadolivre.com.br/social/promotom
2025-12-18 09:48:50.584 | INFO     | __main__:processar_oferta:66 - ♻️ Oferta repetida ignorada: https://www.mercadolivre.com.br/social/promotom
2025-12-18 09:48:51.637 | INFO     | __main__:processar_oferta:66 - ♻️ Oferta repetida ignorada: https://www.mercadolivre.com.br/social/promotom
2025-12-18 09:48:52.426 | INFO     | __main__:processar_oferta:66 - ♻️ Oferta repetida ignorada: https://www.mercadolivre.com.br/social/promotom
2025-12-18 09:48:53.466 | INFO     | __main__:processar_oferta:66 - ♻️ Oferta repetida ignorada: https://www.mercadolivre.com.br/social/promotom
2025-12-18 09:48:54.704 | INFO     | __main__:processar_oferta:66 - ♻️ Oferta repetida ignorada: https://www.mercadolivre.com.br/social/promotom
2025-12-18 09:48:55.762 | INFO     | __main__:processar_oferta:66 - ♻️ Oferta repetida ignorada: https://www.mercadolivre.com.br/social/promotom
2025-12-18 09:49:51.085 | INFO     | __main__:processar_oferta:66 - ♻️ Oferta repetida ignorada: https://www.amazon.com.br/dp/B0BW4NDV3N
2025-12-18 09:50:48.689 | INFO     | __main__:processar_oferta:75 - 🚫 Link não Amazon (None) ignorado.
2025-12-18 09:50:48.946 | INFO     | __main__:processar_oferta:66 - ♻️ Oferta repetida ignorada: https://www.mercadolivre.com.br/social/mesprom
2025-12-18 09:50:50.099 | INFO     | __main__:processar_oferta:66 - ♻️ Oferta repetida ignorada: https://descontostop.com/grupo-promocoes-whatsapp-telegram-cupom-desconto/
2025-12-18 09:50:58.475 | INFO     | __main__:processar_oferta:75 - 🚫 Link não Amazon (None) ignorado.
2025-12-18 09:52:07.670 | INFO     | __main__:processar_oferta:66 - ♻️ Oferta repetida ignorada: https://www.mercadolivre.com.br/social/xetdaspromocoes
2025-12-18 09:52:17.807 | INFO     | __main__:processar_oferta:66 - ♻️ Oferta repetida ignorada: https://www.mercadolivre.com.br/social/agenciarice
2025-12-18 09:52:48.855 | INFO     | __main__:processar_oferta:66 - ♻️ Oferta repetida ignorada: https://www.mercadolivre.com.br/social/mesprom
2025-12-18 09:52:48.993 | INFO     | __main__:processar_oferta:75 - 🚫 Link não Amazon (None) ignorado.
2025-12-18 09:52:50.359 | INFO     | __main__:processar_oferta:66 - ♻️ Oferta repetida ignorada: https://descontostop.com/grupo-promocoes-whatsapp-telegram-cupom-desconto/
2025-12-18 09:53:48.921 | INFO     | __main__:processar_oferta:66 - ♻️ Oferta repetida ignorada: https://www.mercadolivre.com.br/social/promotom/lists/8f90988a-1c69-4f23-8b26-76286c3cdc87
2025-12-18 09:53:49.168 | INFO     | __main__:processar_oferta:66 - ♻️ Oferta repetida ignorada: https://www.mercadolivre.com.br/social/agenciarice
2025-12-18 09:54:48.843 | INFO     | __main__:processar_oferta:75 - 🚫 Link não Amazon (None) ignorado.
2025-12-18 09:54:49.079 | INFO     | __main__:processar_oferta:66 - ♻️ Oferta repetida ignorada: https://www.mercadolivre.com.br/social/agenciarice
2025-12-18 09:54:50.104 | INFO     | __main__:processar_oferta:66 - ♻️ Oferta repetida ignorada: https://descontostop.com/grupo-promocoes-whatsapp-telegram-cupom-desconto/
2025-12-18 09:54:50.508 | INFO     | __main__:processar_oferta:78 - 🔎 Processando: AMAZON | Modo: 🤖 AUTO
2025-12-18 09:54:50.977 | INFO     | __main__:processar_oferta:88 - 📸 Baixando imagem do Telegram...
2025-12-18 09:54:55.007 | SUCCESS  | __main__:processar_oferta:96 - 📱 Oferta AMAZON enviada direto para o WhatsApp!
2025-12-18 09:54:56.518 | INFO     | __main__:processar_oferta:106 - 🧹 Arquivo temporário removido.
2025-12-18 09:55:49.029 | INFO     | __main__:processar_oferta:66 - ♻️ Oferta repetida ignorada: https://www.mercadolivre.com.br/social/promozonevip
2025-12-18 09:55:49.153 | INFO     | __main__:processar_oferta:66 - ♻️ Oferta repetida ignorada: https://www.mercadolivre.com.br/social/urubupromo
2025-12-18 09:56:47.688 | INFO     | __main__:processar_oferta:66 - ♻️ Oferta repetida ignorada: https://s.shopee.com.br/40RxcgvVPk
2025-12-18 09:56:48.005 | INFO     | __main__:processar_oferta:75 - 🚫 Link não Amazon (None) ignorado.
2025-12-18 09:56:48.046 | INFO     | __main__:processar_oferta:66 - ♻️ Oferta repetida ignorada: https://www.mercadolivre.com.br/social/promotop/lists
2025-12-18 09:56:48.141 | INFO     | __main__:processar_oferta:66 - ♻️ Oferta repetida ignorada: https://www.mercadolivre.com.br/social/ro20251028090844
2025-12-18 09:56:49.571 | INFO     | __main__:processar_oferta:66 - ♻️ Oferta repetida ignorada: https://descontostop.com/grupo-promocoes-whatsapp-telegram-cupom-desconto/
2025-12-18 09:57:48.149 | INFO     | __main__:processar_oferta:66 - ♻️ Oferta repetida ignorada: https://www.mercadolivre.com.br/social/xetdaspromocoes
2025-12-18 09:57:49.502 | INFO     | __main__:processar_oferta:75 - 🚫 Link não Amazon (MERCADO LIVRE) ignorado.
2025-12-18 09:58:00.977 | INFO     | __main__:processar_oferta:66 - ♻️ Oferta repetida ignorada: https://www.mercadolivre.com.br/social/mesprom
2025-12-18 09:58:48.657 | INFO     | __main__:processar_oferta:66 - ♻️ Oferta repetida ignorada: https://www.mercadolivre.com.br/social/cupons
2025-12-18 09:58:48.731 | INFO     | __main__:processar_oferta:66 - ♻️ Oferta repetida ignorada: https://www.mercadolivre.com.br/social/promotom
2025-12-18 09:58:48.746 | INFO     | __main__:processar_oferta:66 - ♻️ Oferta repetida ignorada: https://www.mercadolivre.com.br/social/promotop
2025-12-18 09:58:49.767 | INFO     | __main__:processar_oferta:66 - ♻️ Oferta repetida ignorada: https://www.mercadolivre.com.br/social/promotom
2025-12-18 09:59:49.150 | INFO     | __main__:processar_oferta:66 - ♻️ Oferta repetida ignorada: https://www.mercadolivre.com.br/social/agenciarice
2025-12-18 10:00:47.956 | INFO     | __main__:processar_oferta:75 - 🚫 Link não Amazon (None) ignorado.
2025-12-18 10:00:48.009 | INFO     | __main__:processar_oferta:66 - ♻️ Oferta repetida ignorada: https://www.mercadolivre.com.br/social/promozonevip
2025-12-18 10:00:48.060 | INFO     | __main__:processar_oferta:66 - ♻️ Oferta repetida ignorada: https://www.mercadolivre.com.br/social/agenciarice
2025-12-18 10:00:48.169 | INFO     | __main__:processar_oferta:66 - ♻️ Oferta repetida ignorada: https://www.mercadolivre.com.br/social/urubupromo
2025-12-18 10:00:49.295 | INFO     | __main__:processar_oferta:66 - ♻️ Oferta repetida ignorada: https://descontostop.com/grupo-promocoes-whatsapp-telegram-cupom-desconto/
2025-12-18 10:01:03.899 | INFO     | __main__:processar_oferta:66 - ♻️ Oferta repetida ignorada: https://www.mercadolivre.com.br/social/promotop
2025-12-18 10:01:18.286 | INFO     | __main__:processar_oferta:66 - ♻️ Oferta repetida ignorada: https://www.mercadolivre.com.br/social/mesprom
2025-12-18 10:02:49.043 | INFO     | __main__:processar_oferta:66 - ♻️ Oferta repetida ignorada: https://www.mercadolivre.com.br/social/urubupromo
2025-12-18 10:02:49.305 | INFO     | __main__:processar_oferta:66 - ♻️ Oferta repetida ignorada: https://www.mercadolivre.com.br/social/ro20251028090844
2025-12-18 10:02:49.357 | INFO     | __main__:processar_oferta:66 - ♻️ Oferta repetida ignorada: https://www.mercadolivre.com.br/social/agenciarice
2025-12-18 10:02:49.377 | INFO     | __main__:processar_oferta:66 - ♻️ Oferta repetida ignorada: https://www.mercadolivre.com.br/social/agenciarice
2025-12-18 10:02:49.402 | INFO     | __main__:processar_oferta:66 - ♻️ Oferta repetida ignorada: https://www.mercadolivre.com.br/social/xetdaspromocoes
2025-12-18 10:03:48.950 | INFO     | __main__:processar_oferta:78 - 🔎 Processando: AMAZON | Modo: 🤖 AUTO
2025-12-18 10:03:49.543 | INFO     | __main__:processar_oferta:88 - 📸 Baixando imagem do Telegram...
2025-12-18 10:03:52.880 | SUCCESS  | __main__:processar_oferta:96 - 📱 Oferta AMAZON enviada direto para o WhatsApp!
2025-12-18 10:03:54.382 | INFO     | __main__:processar_oferta:106 - 🧹 Arquivo temporário removido.
2025-12-18 10:04:49.206 | INFO     | __main__:processar_oferta:66 - ♻️ Oferta repetida ignorada: https://www.mercadolivre.com.br/social/promotom
2025-12-18 10:04:49.360 | INFO     | __main__:processar_oferta:75 - 🚫 Link não Amazon (None) ignorado.
2025-12-18 10:04:49.642 | INFO     | __main__:processar_oferta:66 - ♻️ Oferta repetida ignorada: https://www.mercadolivre.com.br/social/agenciarice
2025-12-18 10:04:49.888 | INFO     | __main__:processar_oferta:66 - ♻️ Oferta repetida ignorada: https://kabum.onelink.me/civn
2025-12-18 10:04:50.017 | INFO     | __main__:processar_oferta:66 - ♻️ Oferta repetida ignorada: https://kabum.onelink.me/civn
2025-12-18 10:04:51.044 | INFO     | __main__:processar_oferta:66 - ♻️ Oferta repetida ignorada: https://descontostop.com/grupo-promocoes-whatsapp-telegram-cupom-desconto/
2025-12-18 10:05:49.339 | INFO     | __main__:processar_oferta:66 - ♻️ Oferta repetida ignorada: https://www.mercadolivre.com.br/social/promotop
2025-12-18 10:05:49.388 | INFO     | __main__:processar_oferta:66 - ♻️ Oferta repetida ignorada: https://www.mercadolivre.com.br/social/agenciarice
2025-12-18 10:06:49.384 | INFO     | __main__:processar_oferta:75 - 🚫 Link não Amazon (None) ignorado.
2025-12-18 10:06:49.459 | INFO     | __main__:processar_oferta:66 - ♻️ Oferta repetida ignorada: https://www.mercadolivre.com.br/social/cupons
2025-12-18 10:06:49.613 | INFO     | __main__:processar_oferta:66 - ♻️ Oferta repetida ignorada: https://www.mercadolivre.com.br/social/cupons
2025-12-18 10:06:50.646 | INFO     | __main__:processar_oferta:66 - ♻️ Oferta repetida ignorada: https://descontostop.com/grupo-promocoes-whatsapp-telegram-cupom-desconto/
2025-12-18 10:07:49.266 | INFO     | __main__:processar_oferta:66 - ♻️ Oferta repetida ignorada: https://www.mercadolivre.com.br/social/ro20251028090844/lists/002e8a24-f080-44ce-b802-6b3862d97fa9
2025-12-18 10:08:49.173 | INFO     | __main__:processar_oferta:66 - ♻️ Oferta repetida ignorada: https://www.mercadolivre.com.br/social/xetdaspromocoes
2025-12-18 10:09:49.697 | INFO     | __main__:processar_oferta:66 - ♻️ Oferta repetida ignorada: https://kabum.onelink.me/civn
2025-12-18 10:10:49.346 | INFO     | __main__:processar_oferta:78 - 🔎 Processando: AMAZON | Modo: 🤖 AUTO
2025-12-18 10:10:49.492 | INFO     | __main__:processar_oferta:78 - 🔎 Processando: AMAZON | Modo: 🤖 AUTO
2025-12-18 10:10:49.581 | INFO     | __main__:processar_oferta:66 - ♻️ Oferta repetida ignorada: https://www.mercadolivre.com.br/social/promozonevip
2025-12-18 10:10:49.896 | INFO     | __main__:processar_oferta:88 - 📸 Baixando imagem do Telegram...
2025-12-18 10:10:49.926 | INFO     | __main__:processar_oferta:88 - 📸 Baixando imagem do Telegram...
2025-12-18 10:10:50.881 | INFO     | __main__:processar_oferta:78 - 🔎 Processando: AMAZON | Modo: 🤖 AUTO
2025-12-18 10:10:51.880 | INFO     | __main__:processar_oferta:88 - 📸 Baixando imagem do Telegram...
2025-12-18 10:10:53.210 | SUCCESS  | __main__:processar_oferta:96 - 📱 Oferta AMAZON enviada direto para o WhatsApp!
2025-12-18 10:10:53.213 | INFO     | __main__:processar_oferta:66 - ♻️ Oferta repetida ignorada: https://www.mercadolivre.com.br/social/cupons
2025-12-18 10:10:53.995 | SUCCESS  | __main__:processar_oferta:96 - 📱 Oferta AMAZON enviada direto para o WhatsApp!
2025-12-18 10:10:54.613 | SUCCESS  | __main__:processar_oferta:96 - 📱 Oferta AMAZON enviada direto para o WhatsApp!
2025-12-18 10:10:54.712 | INFO     | __main__:processar_oferta:106 - 🧹 Arquivo temporário removido.
2025-12-18 10:10:55.509 | INFO     | __main__:processar_oferta:106 - 🧹 Arquivo temporário removido.
2025-12-18 10:10:56.118 | INFO     | __main__:processar_oferta:106 - 🧹 Arquivo temporário removido.
2025-12-18 10:12:48.404 | INFO     | __main__:processar_oferta:66 - ♻️ Oferta repetida ignorada: https://www.mercadolivre.com.br/social/xetdaspromocoes
2025-12-18 10:15:48.156 | INFO     | __main__:processar_oferta:66 - ♻️ Oferta repetida ignorada: https://www.mercadolivre.com.br/social/promozonevip
2025-12-18 10:15:48.250 | INFO     | __main__:processar_oferta:66 - ♻️ Oferta repetida ignorada: https://www.mercadolivre.com.br/social/cupons
2025-12-18 10:15:48.747 | INFO     | __main__:processar_oferta:66 - ♻️ Oferta repetida ignorada: https://www.mercadolivre.com.br/social/promotom
2025-12-18 10:15:49.939 | INFO     | __main__:processar_oferta:66 - ♻️ Oferta repetida ignorada: https://www.mercadolivre.com.br/social/promotom
2025-12-18 10:15:50.953 | INFO     | __main__:processar_oferta:66 - ♻️ Oferta repetida ignorada: https://www.mercadolivre.com.br/social/promotom
2025-12-18 10:15:52.119 | INFO     | __main__:processar_oferta:66 - ♻️ Oferta repetida ignorada: https://www.mercadolivre.com.br/social/promotom
2025-12-18 10:15:53.136 | INFO     | __main__:processar_oferta:66 - ♻️ Oferta repetida ignorada: https://www.mercadolivre.com.br/social/promotom
2025-12-18 10:15:54.285 | INFO     | __main__:processar_oferta:66 - ♻️ Oferta repetida ignorada: https://www.mercadolivre.com.br/social/promotom
2025-12-18 10:16:49.112 | INFO     | __main__:processar_oferta:75 - 🚫 Link não Amazon (None) ignorado.
2025-12-18 10:16:49.355 | INFO     | __main__:processar_oferta:66 - ♻️ Oferta repetida ignorada: https://www.mercadolivre.com.br/social/agenciarice
2025-12-18 10:16:49.506 | INFO     | __main__:processar_oferta:66 - ♻️ Oferta repetida ignorada: https://www.mercadolivre.com.br/social/agenciarice
2025-12-18 10:16:50.157 | INFO     | __main__:processar_oferta:66 - ♻️ Oferta repetida ignorada: https://www.mercadolivre.com.br/social/pq20251002095509
2025-12-18 10:16:55.112 | INFO     | __main__:processar_oferta:66 - ♻️ Oferta repetida ignorada: https://chat.whatsapp.com/H7WuUyHoFo632jZusMQtko
2025-12-18 10:17:49.658 | INFO     | __main__:processar_oferta:66 - ♻️ Oferta repetida ignorada: https://www.mercadolivre.com.br/social/promotop
2025-12-18 10:17:49.759 | INFO     | __main__:processar_oferta:66 - ♻️ Oferta repetida ignorada: https://www.mercadolivre.com.br/social/agenciarice
2025-12-18 10:20:52.302 | INFO     | __main__:processar_oferta:78 - 🔎 Processando: AMAZON | Modo: 🤖 AUTO
2025-12-18 10:20:52.793 | INFO     | __main__:processar_oferta:88 - 📸 Baixando imagem do Telegram...
2025-12-18 10:20:54.974 | SUCCESS  | __main__:processar_oferta:96 - 📱 Oferta AMAZON enviada direto para o WhatsApp!
2025-12-18 10:20:56.489 | INFO     | __main__:processar_oferta:106 - 🧹 Arquivo temporário removido.
2025-12-18 10:21:22.032 | INFO     | __main__:processar_oferta:66 - ♻️ Oferta repetida ignorada: https://www.mercadolivre.com.br/social/mesprom
2025-12-18 10:21:22.068 | INFO     | __main__:processar_oferta:78 - 🔎 Processando: AMAZON | Modo: 🤖 AUTO
2025-12-18 10:21:22.071 | INFO     | __main__:processar_oferta:66 - ♻️ Oferta repetida ignorada: https://www.mercadolivre.com.br/social/cupons
2025-12-18 10:21:22.499 | INFO     | __main__:processar_oferta:88 - 📸 Baixando imagem do Telegram...
2025-12-18 10:21:23.267 | INFO     | __main__:processar_oferta:66 - ♻️ Oferta repetida ignorada: https://www.mercadolivre.com.br/social/mesprom
2025-12-18 10:21:25.310 | SUCCESS  | __main__:processar_oferta:96 - 📱 Oferta AMAZON enviada direto para o WhatsApp!
2025-12-18 10:21:26.814 | INFO     | __main__:processar_oferta:106 - 🧹 Arquivo temporário removido.
2025-12-18 10:21:49.668 | INFO     | __main__:processar_oferta:66 - ♻️ Oferta repetida ignorada: https://www.mercadolivre.com.br/social/agenciarice
2025-12-18 10:22:49.830 | INFO     | __main__:processar_oferta:66 - ♻️ Oferta repetida ignorada: https://www.mercadolivre.com.br/social/agenciarice
2025-12-18 10:23:49.705 | INFO     | __main__:processar_oferta:66 - ♻️ Oferta repetida ignorada: https://www.mercadolivre.com.br/social/urubupromo
2025-12-18 10:24:49.709 | INFO     | __main__:processar_oferta:75 - 🚫 Link não Amazon (None) ignorado.
2025-12-18 10:24:49.756 | INFO     | __main__:processar_oferta:66 - ♻️ Oferta repetida ignorada: https://www.mercadolivre.com.br/social/xetdaspromocoes
2025-12-18 10:24:49.887 | INFO     | __main__:processar_oferta:66 - ♻️ Oferta repetida ignorada: https://www.mercadolivre.com.br/social/mesprom
2025-12-18 10:24:51.384 | INFO     | __main__:processar_oferta:66 - ♻️ Oferta repetida ignorada: https://descontostop.com/grupo-promocoes-whatsapp-telegram-cupom-desconto/
2025-12-18 10:25:49.554 | INFO     | __main__:processar_oferta:66 - ♻️ Oferta repetida ignorada: https://www.mercadolivre.com.br/social/mesprom
2025-12-18 10:25:49.648 | INFO     | __main__:processar_oferta:66 - ♻️ Oferta repetida ignorada: https://www.mercadolivre.com.br/social/promozonevip
2025-12-18 10:25:49.747 | INFO     | __main__:processar_oferta:66 - ♻️ Oferta repetida ignorada: https://www.mercadolivre.com.br/social/promotop
2025-12-18 10:25:49.817 | INFO     | __main__:processar_oferta:66 - ♻️ Oferta repetida ignorada: https://www.mercadolivre.com.br/social/agenciarice
2025-12-18 10:26:48.179 | INFO     | __main__:processar_oferta:75 - 🚫 Link não Amazon (None) ignorado.
2025-12-18 10:26:50.114 | INFO     | __main__:processar_oferta:66 - ♻️ Oferta repetida ignorada: https://descontostop.com/grupo-promocoes-whatsapp-telegram-cupom-desconto/
2025-12-18 10:27:47.852 | INFO     | __main__:processar_oferta:75 - 🚫 Link não Amazon (None) ignorado.
2025-12-18 10:27:47.933 | INFO     | __main__:processar_oferta:75 - 🚫 Link não Amazon (None) ignorado.
2025-12-18 10:27:48.110 | INFO     | __main__:processar_oferta:75 - 🚫 Link não Amazon (MERCADO LIVRE) ignorado.
2025-12-18 10:27:48.321 | INFO     | __main__:processar_oferta:66 - ♻️ Oferta repetida ignorada: https://www.mercadolivre.com.br/social/agenciarice
2025-12-18 10:27:48.947 | INFO     | __main__:processar_oferta:66 - ♻️ Oferta repetida ignorada: https://www.mercadolivre.com.br/social/mesprom
2025-12-18 10:28:48.814 | INFO     | __main__:processar_oferta:75 - 🚫 Link não Amazon (None) ignorado.
2025-12-18 10:28:50.427 | INFO     | __main__:processar_oferta:66 - ♻️ Oferta repetida ignorada: https://descontostop.com/grupo-promocoes-whatsapp-telegram-cupom-desconto/
2025-12-18 10:29:48.845 | INFO     | __main__:processar_oferta:75 - 🚫 Link não Amazon (None) ignorado.
2025-12-18 10:29:49.740 | INFO     | __main__:processar_oferta:66 - ♻️ Oferta repetida ignorada: https://r.amzlink.to/
2025-12-18 10:29:49.773 | INFO     | __main__:processar_oferta:66 - ♻️ Oferta repetida ignorada: https://www.mercadolivre.com.br/social/pq20251002095509
2025-12-18 10:29:49.884 | INFO     | __main__:processar_oferta:66 - ♻️ Oferta repetida ignorada: https://www.mercadolivre.com.br/social/cupons
2025-12-18 10:29:49.901 | INFO     | __main__:processar_oferta:66 - ♻️ Oferta repetida ignorada: https://www.mercadolivre.com.br/social/mesprom
2025-12-18 10:29:49.917 | INFO     | __main__:processar_oferta:66 - ♻️ Oferta repetida ignorada: https://www.mercadolivre.com.br/social/xetdaspromocoes
2025-12-18 10:29:54.286 | INFO     | __main__:processar_oferta:66 - ♻️ Oferta repetida ignorada: https://chat.whatsapp.com/H7WuUyHoFo632jZusMQtko
2025-12-18 10:30:36.546 | INFO     | __main__:processar_oferta:75 - 🚫 Link não Amazon (None) ignorado.
2025-12-18 10:30:36.744 | INFO     | __main__:processar_oferta:66 - ♻️ Oferta repetida ignorada: https://www.mercadolivre.com.br/social/cupons
2025-12-18 10:30:36.846 | INFO     | __main__:processar_oferta:66 - ♻️ Oferta repetida ignorada: https://www.mercadolivre.com.br/social/promozonevip
2025-12-18 10:30:38.137 | INFO     | __main__:processar_oferta:66 - ♻️ Oferta repetida ignorada: https://descontostop.com/grupo-promocoes-whatsapp-telegram-cupom-desconto/
2025-12-18 10:30:48.519 | INFO     | __main__:processar_oferta:66 - ♻️ Oferta repetida ignorada: https://www.mercadolivre.com.br/social/mesprom
2025-12-18 10:32:48.817 | INFO     | __main__:processar_oferta:66 - ♻️ Oferta repetida ignorada: https://store.epicgames.com/pt-BR/free-games
2025-12-18 10:32:49.698 | INFO     | __main__:processar_oferta:66 - ♻️ Oferta repetida ignorada: https://www.mercadolivre.com.br/social/agenciarice
2025-12-18 10:33:49.750 | INFO     | __main__:processar_oferta:66 - ♻️ Oferta repetida ignorada: https://www.mercadolivre.com.br/social/ro20251028090844
2025-12-18 10:33:49.777 | INFO     | __main__:processar_oferta:66 - ♻️ Oferta repetida ignorada: https://www.mercadolivre.com.br/social/pq20251002095509
2025-12-18 10:33:49.940 | INFO     | __main__:processar_oferta:78 - 🔎 Processando: AMAZON | Modo: 🤖 AUTO
2025-12-18 10:33:50.344 | INFO     | __main__:processar_oferta:88 - 📸 Baixando imagem do Telegram...
2025-12-18 10:33:53.453 | SUCCESS  | __main__:processar_oferta:96 - 📱 Oferta AMAZON enviada direto para o WhatsApp!
2025-12-18 10:33:54.026 | INFO     | __main__:processar_oferta:66 - ♻️ Oferta repetida ignorada: https://chat.whatsapp.com/H7WuUyHoFo632jZusMQtko
2025-12-18 10:33:54.970 | INFO     | __main__:processar_oferta:106 - 🧹 Arquivo temporário removido.
2025-12-18 10:34:18.566 | INFO     | __main__:processar_oferta:66 - ♻️ Oferta repetida ignorada: https://www.mercadolivre.com.br/social/agenciarice
2025-12-18 10:34:49.651 | INFO     | __main__:processar_oferta:66 - ♻️ Oferta repetida ignorada: https://www.mercadolivre.com.br/social/cupons
2025-12-18 10:34:49.801 | INFO     | __main__:processar_oferta:66 - ♻️ Oferta repetida ignorada: https://www.mercadolivre.com.br/social/xetdaspromocoes
2025-12-18 10:34:50.049 | INFO     | __main__:processar_oferta:66 - ♻️ Oferta repetida ignorada: https://www.mercadolivre.com.br/social/xetdaspromocoes
2025-12-18 10:35:49.821 | INFO     | __main__:processar_oferta:66 - ♻️ Oferta repetida ignorada: https://www.mercadolivre.com.br/social/pq20251002095509
2025-12-18 10:35:53.971 | INFO     | __main__:processar_oferta:66 - ♻️ Oferta repetida ignorada: https://chat.whatsapp.com/H7WuUyHoFo632jZusMQtko
2025-12-18 10:36:49.816 | INFO     | __main__:processar_oferta:66 - ♻️ Oferta repetida ignorada: https://www.mercadolivre.com.br/social/agenciarice
2025-12-18 10:36:49.906 | INFO     | __main__:processar_oferta:66 - ♻️ Oferta repetida ignorada: https://www.mercadolivre.com.br/social/urubupromo
2025-12-18 10:40:50.613 | INFO     | __main__:processar_oferta:66 - ♻️ Oferta repetida ignorada: https://validate.perfdrive.com/ca4df1c7abf7ea2cc50ab30bdf7ed2bb/
2025-12-18 10:41:41.368 | INFO     | __main__:processar_oferta:66 - ♻️ Oferta repetida ignorada: https://www.mercadolivre.com.br/social/agenciarice
2025-12-18 10:41:41.738 | INFO     | __main__:processar_oferta:66 - ♻️ Oferta repetida ignorada: https://validate.perfdrive.com/ca4df1c7abf7ea2cc50ab30bdf7ed2bb/
2025-12-18 10:41:44.859 | INFO     | __main__:processar_oferta:66 - ♻️ Oferta repetida ignorada: https://chat.whatsapp.com/H7WuUyHoFo632jZusMQtko
2025-12-18 10:43:49.196 | INFO     | __main__:processar_oferta:66 - ♻️ Oferta repetida ignorada: https://www.mercadolivre.com.br/social/promotop
2025-12-18 10:44:49.974 | INFO     | __main__:processar_oferta:66 - ♻️ Oferta repetida ignorada: https://www.mercadolivre.com.br/social/agenciarice
2025-12-18 10:45:48.264 | INFO     | __main__:processar_oferta:66 - ♻️ Oferta repetida ignorada: https://www.mercadolivre.com.br/social/agenciarice
2025-12-18 10:45:48.472 | INFO     | __main__:processar_oferta:66 - ♻️ Oferta repetida ignorada: https://www.mercadolivre.com.br/social/promozonevip
2025-12-18 10:46:52.938 | INFO     | __main__:processar_oferta:66 - ♻️ Oferta repetida ignorada: https://www.magazinevoce.com.br/az-request-verify
2025-12-18 10:47:50.134 | INFO     | __main__:processar_oferta:66 - ♻️ Oferta repetida ignorada: https://www.mercadolivre.com.br/social/xetdaspromocoes
2025-12-18 10:48:49.073 | INFO     | __main__:processar_oferta:66 - ♻️ Oferta repetida ignorada: https://store.epicgames.com/pt-BR/free-games
2025-12-18 10:50:38.483 | INFO     | __main__:processar_oferta:75 - 🚫 Link não Amazon (None) ignorado.
2025-12-18 10:50:38.538 | INFO     | __main__:processar_oferta:66 - ♻️ Oferta repetida ignorada: https://www.mercadolivre.com.br/social/xetdaspromocoes
2025-12-18 10:50:40.574 | INFO     | __main__:processar_oferta:66 - ♻️ Oferta repetida ignorada: https://descontostop.com/grupo-promocoes-whatsapp-telegram-cupom-desconto/
2025-12-18 10:50:53.157 | INFO     | __main__:processar_oferta:66 - ♻️ Oferta repetida ignorada: https://www.mercadolivre.com.br/social/cupons
2025-12-18 10:51:50.030 | INFO     | __main__:processar_oferta:66 - ♻️ Oferta repetida ignorada: https://www.mercadolivre.com.br/social/cupons
2025-12-18 10:53:50.001 | INFO     | __main__:processar_oferta:75 - 🚫 Link não Amazon (MERCADO LIVRE) ignorado.
2025-12-18 10:53:50.042 | INFO     | __main__:processar_oferta:66 - ♻️ Oferta repetida ignorada: https://www.mercadolivre.com.br/social/xetdaspromocoes
2025-12-18 10:54:50.054 | INFO     | __main__:processar_oferta:66 - ♻️ Oferta repetida ignorada: https://www.mercadolivre.com.br/social/agenciarice
2025-12-18 10:55:50.144 | INFO     | __main__:processar_oferta:75 - 🚫 Link não Amazon (None) ignorado.
2025-12-18 10:55:51.848 | INFO     | __main__:processar_oferta:66 - ♻️ Oferta repetida ignorada: https://descontostop.com/grupo-promocoes-whatsapp-telegram-cupom-desconto/
2025-12-18 10:56:48.471 | INFO     | __main__:processar_oferta:75 - 🚫 Link não Amazon (None) ignorado.
2025-12-18 10:56:48.550 | INFO     | __main__:processar_oferta:75 - 🚫 Link não Amazon (None) ignorado.
2025-12-18 10:56:48.746 | INFO     | __main__:processar_oferta:66 - ♻️ Oferta repetida ignorada: https://www.mercadolivre.com.br/social/promotop
2025-12-18 10:56:48.868 | INFO     | __main__:processar_oferta:66 - ♻️ Oferta repetida ignorada: https://www.mercadolivre.com.br/social/mesprom
2025-12-18 10:56:48.896 | INFO     | __main__:processar_oferta:66 - ♻️ Oferta repetida ignorada: https://www.mercadolivre.com.br/social/agenciarice
2025-12-18 10:56:49.066 | INFO     | __main__:processar_oferta:66 - ♻️ Oferta repetida ignorada: https://www.mercadolivre.com.br/social/xetdaspromocoes
2025-12-18 10:56:50.097 | INFO     | __main__:processar_oferta:66 - ♻️ Oferta repetida ignorada: https://descontostop.com/grupo-promocoes-whatsapp-telegram-cupom-desconto/
2025-12-18 10:56:50.178 | INFO     | __main__:processar_oferta:66 - ♻️ Oferta repetida ignorada: https://www.mercadolivre.com.br/social/agenciarice
2025-12-18 10:56:50.330 | INFO     | __main__:processar_oferta:78 - 🔎 Processando: AMAZON | Modo: 🤖 AUTO
2025-12-18 10:56:50.736 | INFO     | __main__:processar_oferta:88 - 📸 Baixando imagem do Telegram...
2025-12-18 10:56:53.149 | SUCCESS  | __main__:processar_oferta:96 - 📱 Oferta AMAZON enviada direto para o WhatsApp!
2025-12-18 10:56:54.665 | INFO     | __main__:processar_oferta:106 - 🧹 Arquivo temporário removido.
2025-12-18 10:56:59.434 | INFO     | __main__:processar_oferta:66 - ♻️ Oferta repetida ignorada: https://chat.whatsapp.com/H7WuUyHoFo632jZusMQtko
2025-12-18 10:58:49.378 | INFO     | __main__:processar_oferta:66 - ♻️ Oferta repetida ignorada: https://www.mercadolivre.com.br/social/cupons
2025-12-18 10:58:49.443 | INFO     | __main__:processar_oferta:66 - ♻️ Oferta repetida ignorada: https://www.mercadolivre.com.br/social/agenciarice
2025-12-18 10:58:49.510 | INFO     | __main__:processar_oferta:66 - ♻️ Oferta repetida ignorada: https://www.mercadolivre.com.br/social/agenciarice
2025-12-18 10:59:49.916 | INFO     | __main__:processar_oferta:75 - 🚫 Link não Amazon (None) ignorado.
2025-12-18 10:59:51.516 | INFO     | __main__:processar_oferta:66 - ♻️ Oferta repetida ignorada: https://descontostop.com/grupo-promocoes-whatsapp-telegram-cupom-desconto/
2025-12-18 11:00:48.332 | INFO     | __main__:processar_oferta:75 - 🚫 Link não Amazon (None) ignorado.
2025-12-18 11:00:48.640 | INFO     | __main__:processar_oferta:66 - ♻️ Oferta repetida ignorada: https://www.mercadolivre.com.br/social/promozonevip
2025-12-18 11:00:48.758 | INFO     | __main__:processar_oferta:66 - ♻️ Oferta repetida ignorada: https://www.pelando.com.br/grupos/
2025-12-18 11:00:48.800 | INFO     | __main__:processar_oferta:66 - ♻️ Oferta repetida ignorada: https://www.mercadolivre.com.br/social/mesprom
2025-12-18 11:00:48.881 | INFO     | __main__:processar_oferta:66 - ♻️ Oferta repetida ignorada: https://r.amzlink.to/
2025-12-18 11:01:44.919 | INFO     | __main__:processar_oferta:75 - 🚫 Link não Amazon (None) ignorado.
2025-12-18 11:01:44.924 | INFO     | __main__:processar_oferta:78 - 🔎 Processando: AMAZON | Modo: 🤖 AUTO
2025-12-18 11:01:45.345 | INFO     | __main__:processar_oferta:88 - 📸 Baixando imagem do Telegram...
2025-12-18 11:01:46.682 | INFO     | __main__:processar_oferta:66 - ♻️ Oferta repetida ignorada: https://descontostop.com/grupo-promocoes-whatsapp-telegram-cupom-desconto/
2025-12-18 11:01:47.999 | SUCCESS  | __main__:processar_oferta:96 - 📱 Oferta AMAZON enviada direto para o WhatsApp!
2025-12-18 11:01:49.507 | INFO     | __main__:processar_oferta:106 - 🧹 Arquivo temporário removido.
2025-12-18 11:02:50.393 | INFO     | __main__:processar_oferta:66 - ♻️ Oferta repetida ignorada: https://www.mercadolivre.com.br/social/agenciarice
2025-12-18 11:03:49.200 | INFO     | __main__:processar_oferta:75 - 🚫 Link não Amazon (None) ignorado.
2025-12-18 11:04:49.960 | INFO     | __main__:processar_oferta:75 - 🚫 Link não Amazon (None) ignorado.
2025-12-18 11:04:51.856 | INFO     | __main__:processar_oferta:66 - ♻️ Oferta repetida ignorada: https://descontostop.com/grupo-promocoes-whatsapp-telegram-cupom-desconto/
2025-12-18 11:05:49.937 | INFO     | __main__:processar_oferta:66 - ♻️ Oferta repetida ignorada: https://www.mercadolivre.com.br/social/cupons
2025-12-18 11:05:49.974 | INFO     | __main__:processar_oferta:75 - 🚫 Link não Amazon (None) ignorado.
2025-12-18 11:05:50.110 | INFO     | __main__:processar_oferta:66 - ♻️ Oferta repetida ignorada: https://www.mercadolivre.com.br/social/xetdaspromocoes
2025-12-18 11:05:50.242 | INFO     | __main__:processar_oferta:78 - 🔎 Processando: AMAZON | Modo: 🤖 AUTO
2025-12-18 11:05:50.794 | INFO     | __main__:processar_oferta:88 - 📸 Baixando imagem do Telegram...
2025-12-18 11:05:51.194 | INFO     | __main__:processar_oferta:66 - ♻️ Oferta repetida ignorada: https://descontostop.com/grupo-promocoes-whatsapp-telegram-cupom-desconto/
2025-12-18 11:05:55.283 | SUCCESS  | __main__:processar_oferta:96 - 📱 Oferta AMAZON enviada direto para o WhatsApp!
2025-12-18 11:05:56.796 | INFO     | __main__:processar_oferta:106 - 🧹 Arquivo temporário removido.
2025-12-18 11:07:49.825 | INFO     | __main__:processar_oferta:66 - ♻️ Oferta repetida ignorada: https://www.amazon.com.br/dp/B0F4FNN2QL
2025-12-18 11:07:50.167 | INFO     | __main__:processar_oferta:66 - ♻️ Oferta repetida ignorada: https://www.mercadolivre.com.br/social/xetdaspromocoes
2025-12-18 11:07:50.383 | INFO     | __main__:processar_oferta:66 - ♻️ Oferta repetida ignorada: https://www.mercadolivre.com.br/social/mesprom
2025-12-18 11:07:50.587 | INFO     | __main__:processar_oferta:66 - ♻️ Oferta repetida ignorada: https://www.mercadolivre.com.br/social/pq20251002095509
2025-12-18 11:07:52.745 | INFO     | __main__:processar_oferta:66 - ♻️ Oferta repetida ignorada: https://chat.whatsapp.com/H7WuUyHoFo632jZusMQtko
2025-12-18 11:08:50.166 | INFO     | __main__:processar_oferta:75 - 🚫 Link não Amazon (None) ignorado.
2025-12-18 11:08:50.613 | INFO     | __main__:processar_oferta:66 - ♻️ Oferta repetida ignorada: https://www.mercadolivre.com.br/social/promotop
2025-12-18 11:08:50.680 | INFO     | __main__:processar_oferta:66 - ♻️ Oferta repetida ignorada: https://www.mercadolivre.com.br/social/agenciarice
2025-12-18 11:08:50.703 | INFO     | __main__:processar_oferta:66 - ♻️ Oferta repetida ignorada: https://www.mercadolivre.com.br/social/agenciarice
2025-12-18 11:08:51.593 | INFO     | __main__:processar_oferta:66 - ♻️ Oferta repetida ignorada: https://descontostop.com/grupo-promocoes-whatsapp-telegram-cupom-desconto/
2025-12-18 11:10:03.642 | INFO     | __main__:processar_oferta:66 - ♻️ Oferta repetida ignorada: https://www.mercadolivre.com.br/social/xetdaspromocoes
2025-12-18 11:10:03.683 | INFO     | __main__:processar_oferta:66 - ♻️ Oferta repetida ignorada: https://www.mercadolivre.com.br/social/agenciarice
2025-12-18 11:10:04.034 | INFO     | __main__:processar_oferta:66 - ♻️ Oferta repetida ignorada: https://www.mercadolivre.com.br/social/agenciarice
2025-12-18 11:10:49.966 | INFO     | __main__:processar_oferta:66 - ♻️ Oferta repetida ignorada: https://www.amazon.com.br/dp/B07MFR8KC8
2025-12-18 11:10:50.062 | INFO     | __main__:processar_oferta:75 - 🚫 Link não Amazon (None) ignorado.
2025-12-18 11:10:50.218 | INFO     | __main__:processar_oferta:66 - ♻️ Oferta repetida ignorada: https://www.mercadolivre.com.br/social/agenciarice
2025-12-18 11:10:50.404 | INFO     | __main__:processar_oferta:66 - ♻️ Oferta repetida ignorada: https://www.mercadolivre.com.br/social/cupons
2025-12-18 11:10:51.612 | INFO     | __main__:processar_oferta:78 - 🔎 Processando: AMAZON | Modo: 🤖 AUTO
2025-12-18 11:10:51.707 | INFO     | __main__:processar_oferta:66 - ♻️ Oferta repetida ignorada: https://descontostop.com/grupo-promocoes-whatsapp-telegram-cupom-desconto/
2025-12-18 11:10:52.027 | INFO     | __main__:processar_oferta:88 - 📸 Baixando imagem do Telegram...
2025-12-18 11:10:55.008 | SUCCESS  | __main__:processar_oferta:96 - 📱 Oferta AMAZON enviada direto para o WhatsApp!
2025-12-18 11:10:56.516 | INFO     | __main__:processar_oferta:106 - 🧹 Arquivo temporário removido.
2025-12-18 11:11:48.951 | INFO     | __main__:processar_oferta:66 - ♻️ Oferta repetida ignorada: https://www.mercadolivre.com.br/social/urubupromo
2025-12-18 11:13:49.404 | INFO     | __main__:processar_oferta:75 - 🚫 Link não Amazon (None) ignorado.
2025-12-18 11:13:49.569 | INFO     | __main__:processar_oferta:66 - ♻️ Oferta repetida ignorada: https://www.mercadolivre.com.br/social/pq20251002095509
2025-12-18 11:13:49.583 | INFO     | __main__:processar_oferta:66 - ♻️ Oferta repetida ignorada: https://www.mercadolivre.com.br/social/mesprom
2025-12-18 11:13:49.629 | INFO     | __main__:processar_oferta:66 - ♻️ Oferta repetida ignorada: https://www.mercadolivre.com.br/social/urubupromo
2025-12-18 11:13:49.634 | INFO     | __main__:processar_oferta:66 - ♻️ Oferta repetida ignorada: https://www.mercadolivre.com.br/social/agenciarice
2025-12-18 11:13:50.722 | INFO     | __main__:processar_oferta:66 - ♻️ Oferta repetida ignorada: https://descontostop.com/grupo-promocoes-whatsapp-telegram-cupom-desconto/
2025-12-18 11:13:51.893 | INFO     | __main__:processar_oferta:66 - ♻️ Oferta repetida ignorada: https://chat.whatsapp.com/H7WuUyHoFo632jZusMQtko
2025-12-18 11:14:50.028 | INFO     | __main__:processar_oferta:78 - 🔎 Processando: AMAZON | Modo: 🤖 AUTO
2025-12-18 11:14:50.919 | INFO     | __main__:processar_oferta:88 - 📸 Baixando imagem do Telegram...
2025-12-18 11:14:54.246 | SUCCESS  | __main__:processar_oferta:96 - 📱 Oferta AMAZON enviada direto para o WhatsApp!
2025-12-18 11:14:55.761 | INFO     | __main__:processar_oferta:106 - 🧹 Arquivo temporário removido.
2025-12-18 11:15:48.879 | INFO     | __main__:processar_oferta:78 - 🔎 Processando: AMAZON | Modo: 🤖 AUTO
2025-12-18 11:15:49.305 | INFO     | __main__:processar_oferta:88 - 📸 Baixando imagem do Telegram...
2025-12-18 11:15:50.236 | INFO     | __main__:processar_oferta:78 - 🔎 Processando: AMAZON | Modo: 🤖 AUTO
2025-12-18 11:15:50.679 | INFO     | __main__:processar_oferta:88 - 📸 Baixando imagem do Telegram...
2025-12-18 11:15:52.175 | SUCCESS  | __main__:processar_oferta:96 - 📱 Oferta AMAZON enviada direto para o WhatsApp!
2025-12-18 11:15:53.427 | SUCCESS  | __main__:processar_oferta:96 - 📱 Oferta AMAZON enviada direto para o WhatsApp!
2025-12-18 11:15:53.683 | INFO     | __main__:processar_oferta:106 - 🧹 Arquivo temporário removido.
2025-12-18 11:15:54.928 | INFO     | __main__:processar_oferta:106 - 🧹 Arquivo temporário removido.
2025-12-18 11:16:03.886 | INFO     | __main__:processar_oferta:75 - 🚫 Link não Amazon (None) ignorado.
2025-12-18 11:16:05.258 | INFO     | __main__:processar_oferta:66 - ♻️ Oferta repetida ignorada: https://descontostop.com/grupo-promocoes-whatsapp-telegram-cupom-desconto/
2025-12-18 11:16:45.117 | INFO     | __main__:processar_oferta:66 - ♻️ Oferta repetida ignorada: https://www.mercadolivre.com.br/social/agenciarice
2025-12-18 11:17:50.177 | INFO     | __main__:processar_oferta:66 - ♻️ Oferta repetida ignorada: https://www.mercadolivre.com.br/social/mesprom
2025-12-18 11:18:50.257 | INFO     | __main__:processar_oferta:66 - ♻️ Oferta repetida ignorada: https://www.mercadolivre.com.br/social/mesprom
2025-12-18 11:18:50.369 | INFO     | __main__:processar_oferta:66 - ♻️ Oferta repetida ignorada: https://www.mercadolivre.com.br/social/xetdaspromocoes
2025-12-18 11:18:50.400 | INFO     | __main__:processar_oferta:75 - 🚫 Link não Amazon (None) ignorado.
2025-12-18 11:18:52.077 | INFO     | __main__:processar_oferta:66 - ♻️ Oferta repetida ignorada: https://descontostop.com/grupo-promocoes-whatsapp-telegram-cupom-desconto/
2025-12-18 11:19:31.221 | INFO     | __main__:processar_oferta:66 - ♻️ Oferta repetida ignorada: https://www.mercadolivre.com.br/social/agenciarice
2025-12-18 11:19:31.308 | INFO     | __main__:processar_oferta:66 - ♻️ Oferta repetida ignorada: https://www.mercadolivre.com.br/social/urubupromo
2025-12-18 11:19:32.887 | INFO     | __main__:processar_oferta:78 - 🔎 Processando: AMAZON | Modo: 🤖 AUTO
2025-12-18 11:19:33.353 | INFO     | __main__:processar_oferta:88 - 📸 Baixando imagem do Telegram...
2025-12-18 11:19:36.267 | SUCCESS  | __main__:processar_oferta:96 - 📱 Oferta AMAZON enviada direto para o WhatsApp!
2025-12-18 11:19:37.776 | INFO     | __main__:processar_oferta:106 - 🧹 Arquivo temporário removido.
2025-12-18 11:20:49.772 | INFO     | __main__:processar_oferta:75 - 🚫 Link não Amazon (None) ignorado.
2025-12-18 11:20:50.154 | INFO     | __main__:processar_oferta:75 - 🚫 Link não Amazon (None) ignorado.
2025-12-18 11:20:50.180 | INFO     | __main__:processar_oferta:75 - 🚫 Link não Amazon (None) ignorado.
2025-12-18 11:20:50.370 | INFO     | __main__:processar_oferta:66 - ♻️ Oferta repetida ignorada: https://www.mercadolivre.com.br/social/agenciarice
2025-12-18 11:20:50.580 | INFO     | __main__:processar_oferta:66 - ♻️ Oferta repetida ignorada: https://www.pelando.com.br/grupos/
2025-12-18 11:20:51.789 | INFO     | __main__:processar_oferta:66 - ♻️ Oferta repetida ignorada: https://descontostop.com/grupo-promocoes-whatsapp-telegram-cupom-desconto/
2025-12-18 11:20:52.043 | INFO     | __main__:processar_oferta:78 - 🔎 Processando: AMAZON | Modo: 🤖 AUTO
2025-12-18 11:20:52.499 | INFO     | __main__:processar_oferta:88 - 📸 Baixando imagem do Telegram...
2025-12-18 11:20:56.102 | SUCCESS  | __main__:processar_oferta:96 - 📱 Oferta AMAZON enviada direto para o WhatsApp!
2025-12-18 11:20:57.617 | INFO     | __main__:processar_oferta:106 - 🧹 Arquivo temporário removido.
2025-12-18 11:21:50.185 | INFO     | __main__:processar_oferta:75 - 🚫 Link não Amazon (None) ignorado.
2025-12-18 11:21:50.225 | INFO     | __main__:processar_oferta:66 - ♻️ Oferta repetida ignorada: https://www.mercadolivre.com.br/social/mesprom
2025-12-18 11:21:51.316 | INFO     | __main__:processar_oferta:66 - ♻️ Oferta repetida ignorada: https://www.mercadolivre.com.br/social/mesprom
2025-12-18 11:21:51.941 | INFO     | __main__:processar_oferta:66 - ♻️ Oferta repetida ignorada: https://descontostop.com/grupo-promocoes-whatsapp-telegram-cupom-desconto/
2025-12-18 11:22:50.574 | INFO     | __main__:processar_oferta:66 - ♻️ Oferta repetida ignorada: https://www.mercadolivre.com.br/social/agenciarice
2025-12-18 11:22:51.844 | INFO     | __main__:processar_oferta:78 - 🔎 Processando: AMAZON | Modo: 🤖 AUTO
2025-12-18 11:22:52.313 | INFO     | __main__:processar_oferta:88 - 📸 Baixando imagem do Telegram...
2025-12-18 11:22:54.424 | SUCCESS  | __main__:processar_oferta:96 - 📱 Oferta AMAZON enviada direto para o WhatsApp!
2025-12-18 11:22:55.935 | INFO     | __main__:processar_oferta:106 - 🧹 Arquivo temporário removido.
2025-12-18 11:24:50.343 | INFO     | __main__:processar_oferta:75 - 🚫 Link não Amazon (None) ignorado.
2025-12-18 11:24:50.446 | INFO     | __main__:processar_oferta:66 - ♻️ Oferta repetida ignorada: https://www.mercadolivre.com.br/social/agenciarice
2025-12-18 11:24:50.571 | INFO     | __main__:processar_oferta:66 - ♻️ Oferta repetida ignorada: https://www.mercadolivre.com.br/social/mesprom
2025-12-18 11:24:52.160 | INFO     | __main__:processar_oferta:66 - ♻️ Oferta repetida ignorada: https://descontostop.com/grupo-promocoes-whatsapp-telegram-cupom-desconto/
2025-12-18 11:25:50.648 | INFO     | __main__:processar_oferta:78 - 🔎 Processando: AMAZON | Modo: 🤖 AUTO
2025-12-18 11:25:51.116 | INFO     | __main__:processar_oferta:88 - 📸 Baixando imagem do Telegram...
2025-12-18 11:25:54.893 | SUCCESS  | __main__:processar_oferta:96 - 📱 Oferta AMAZON enviada direto para o WhatsApp!
2025-12-18 11:25:56.397 | INFO     | __main__:processar_oferta:106 - 🧹 Arquivo temporário removido.
2025-12-18 11:26:48.992 | INFO     | __main__:processar_oferta:66 - ♻️ Oferta repetida ignorada: https://www.mercadolivre.com.br/social/agenciarice
2025-12-18 11:26:49.222 | INFO     | __main__:processar_oferta:66 - ♻️ Oferta repetida ignorada: https://www.mercadolivre.com.br/social/urubupromo
2025-12-18 11:26:49.256 | INFO     | __main__:processar_oferta:66 - ♻️ Oferta repetida ignorada: https://www.mercadolivre.com.br/social/mesprom
2025-12-18 11:26:49.305 | INFO     | __main__:processar_oferta:66 - ♻️ Oferta repetida ignorada: https://www.mercadolivre.com.br/social/xetdaspromocoes
2025-12-18 11:27:48.734 | INFO     | __main__:processar_oferta:75 - 🚫 Link não Amazon (None) ignorado.
2025-12-18 11:27:48.819 | INFO     | __main__:processar_oferta:78 - 🔎 Processando: AMAZON | Modo: 🤖 AUTO
2025-12-18 11:27:49.184 | INFO     | __main__:processar_oferta:66 - ♻️ Oferta repetida ignorada: https://www.mercadolivre.com.br/social/agenciarice
2025-12-18 11:27:49.491 | INFO     | __main__:processar_oferta:88 - 📸 Baixando imagem do Telegram...
2025-12-18 11:27:50.210 | INFO     | __main__:processar_oferta:66 - ♻️ Oferta repetida ignorada: https://descontostop.com/grupo-promocoes-whatsapp-telegram-cupom-desconto/
2025-12-18 11:27:51.736 | INFO     | __main__:processar_oferta:66 - ♻️ Oferta repetida ignorada: https://www.mercadolivre.com.br/social/agenciarice
2025-12-18 11:27:53.429 | SUCCESS  | __main__:processar_oferta:96 - 📱 Oferta AMAZON enviada direto para o WhatsApp!
2025-12-18 11:27:54.936 | INFO     | __main__:processar_oferta:106 - 🧹 Arquivo temporário removido.
2025-12-18 11:28:50.469 | INFO     | __main__:processar_oferta:66 - ♻️ Oferta repetida ignorada: https://www.mercadolivre.com.br/social/agenciarice
2025-12-18 11:29:49.890 | INFO     | __main__:processar_oferta:78 - 🔎 Processando: AMAZON | Modo: 🤖 AUTO
2025-12-18 11:29:50.389 | INFO     | __main__:processar_oferta:88 - 📸 Baixando imagem do Telegram...
2025-12-18 11:29:51.244 | INFO     | __main__:processar_oferta:66 - ♻️ Oferta repetida ignorada: https://www.mercadolivre.com.br/social/xetdaspromocoes
2025-12-18 11:29:51.245 | INFO     | __main__:processar_oferta:75 - 🚫 Link não Amazon (None) ignorado.
2025-12-18 11:29:52.824 | INFO     | __main__:processar_oferta:66 - ♻️ Oferta repetida ignorada: https://descontostop.com/grupo-promocoes-whatsapp-telegram-cupom-desconto/
2025-12-18 11:29:53.820 | SUCCESS  | __main__:processar_oferta:96 - 📱 Oferta AMAZON enviada direto para o WhatsApp!
2025-12-18 11:29:55.327 | INFO     | __main__:processar_oferta:106 - 🧹 Arquivo temporário removido.
2025-12-18 11:30:48.892 | INFO     | __main__:processar_oferta:78 - 🔎 Processando: AMAZON | Modo: 🤖 AUTO
2025-12-18 11:30:49.117 | INFO     | __main__:processar_oferta:66 - ♻️ Oferta repetida ignorada: https://www.mercadolivre.com.br/social/agenciarice
2025-12-18 11:30:49.313 | INFO     | __main__:processar_oferta:88 - 📸 Baixando imagem do Telegram...
2025-12-18 11:30:52.874 | SUCCESS  | __main__:processar_oferta:96 - 📱 Oferta AMAZON enviada direto para o WhatsApp!
2025-12-18 11:30:54.376 | INFO     | __main__:processar_oferta:106 - 🧹 Arquivo temporário removido.
2025-12-18 11:31:17.586 | INFO     | __main__:processar_oferta:75 - 🚫 Link não Amazon (None) ignorado.
2025-12-18 11:31:19.049 | INFO     | __main__:processar_oferta:66 - ♻️ Oferta repetida ignorada: https://descontostop.com/grupo-promocoes-whatsapp-telegram-cupom-desconto/
2025-12-18 11:31:45.429 | INFO     | __main__:processar_oferta:66 - ♻️ Oferta repetida ignorada: https://www.mercadolivre.com.br/social/xetdaspromocoes
2025-12-18 11:32:50.306 | INFO     | __main__:processar_oferta:66 - ♻️ Oferta repetida ignorada: https://www.mercadolivre.com.br/social/mesprom
2025-12-18 11:33:50.400 | INFO     | __main__:processar_oferta:75 - 🚫 Link não Amazon (None) ignorado.
2025-12-18 11:33:51.695 | INFO     | __main__:processar_oferta:66 - ♻️ Oferta repetida ignorada: https://descontostop.com/grupo-promocoes-whatsapp-telegram-cupom-desconto/
2025-12-18 11:34:50.500 | INFO     | __main__:processar_oferta:66 - ♻️ Oferta repetida ignorada: https://validate.perfdrive.com/ca4df1c7abf7ea2cc50ab30bdf7ed2bb/
2025-12-18 11:34:50.718 | INFO     | __main__:processar_oferta:66 - ♻️ Oferta repetida ignorada: https://www.mercadolivre.com.br/social/agenciarice
2025-12-18 11:35:50.425 | INFO     | __main__:processar_oferta:66 - ♻️ Oferta repetida ignorada: https://www.amazon.com.br/dp/B0BCRT6J3X
2025-12-18 11:35:50.693 | INFO     | __main__:processar_oferta:75 - 🚫 Link não Amazon (None) ignorado.
2025-12-18 11:35:51.944 | INFO     | __main__:processar_oferta:66 - ♻️ Oferta repetida ignorada: https://descontostop.com/grupo-promocoes-whatsapp-telegram-cupom-desconto/
2025-12-18 11:36:50.279 | INFO     | __main__:processar_oferta:75 - 🚫 Link não Amazon (None) ignorado.
2025-12-18 11:36:50.506 | INFO     | __main__:processar_oferta:66 - ♻️ Oferta repetida ignorada: https://www.mercadolivre.com.br/social/urubupromo
2025-12-18 11:37:49.863 | INFO     | __main__:processar_oferta:66 - ♻️ Oferta repetida ignorada: https://www.magazinevoce.com.br/az-request-verify
2025-12-18 11:37:51.142 | INFO     | __main__:processar_oferta:66 - ♻️ Oferta repetida ignorada: https://descontostop.com/loja/cupom-desconto-mercado-livre/
2025-12-18 11:39:50.549 | INFO     | __main__:processar_oferta:66 - ♻️ Oferta repetida ignorada: https://www.mercadolivre.com.br/social/mesprom
2025-12-18 11:40:50.134 | INFO     | __main__:processar_oferta:66 - ♻️ Oferta repetida ignorada: https://www.mercadolivre.com.br/social/cupons
2025-12-18 11:41:49.419 | INFO     | __main__:processar_oferta:66 - ♻️ Oferta repetida ignorada: https://www.mercadolivre.com.br/social/agenciarice
2025-12-18 11:41:50.827 | INFO     | __main__:processar_oferta:78 - 🔎 Processando: AMAZON | Modo: 🤖 AUTO
2025-12-18 11:41:51.351 | INFO     | __main__:processar_oferta:88 - 📸 Baixando imagem do Telegram...
2025-12-18 11:41:54.715 | SUCCESS  | __main__:processar_oferta:96 - 📱 Oferta AMAZON enviada direto para o WhatsApp!
2025-12-18 11:41:56.229 | INFO     | __main__:processar_oferta:106 - 🧹 Arquivo temporário removido.
2025-12-18 11:42:49.061 | INFO     | __main__:processar_oferta:75 - 🚫 Link não Amazon (None) ignorado.
2025-12-18 11:42:49.226 | INFO     | __main__:processar_oferta:66 - ♻️ Oferta repetida ignorada: https://www.mercadolivre.com.br/social/agenciarice
2025-12-18 11:42:49.234 | INFO     | __main__:processar_oferta:66 - ♻️ Oferta repetida ignorada: https://www.mercadolivre.com.br/social/agenciarice
2025-12-18 11:42:49.484 | INFO     | __main__:processar_oferta:66 - ♻️ Oferta repetida ignorada: https://www.mercadolivre.com.br/social/ro20251028090844
2025-12-18 11:42:49.717 | INFO     | __main__:processar_oferta:66 - ♻️ Oferta repetida ignorada: https://www.mercadolivre.com.br/social/mesprom
2025-12-18 11:42:50.466 | INFO     | __main__:processar_oferta:66 - ♻️ Oferta repetida ignorada: https://www.mercadolivre.com.br/social/promotom
2025-12-18 11:42:50.708 | INFO     | __main__:processar_oferta:78 - 🔎 Processando: AMAZON | Modo: 🤖 AUTO
2025-12-18 11:42:50.962 | INFO     | __main__:processar_oferta:66 - ♻️ Oferta repetida ignorada: https://descontostop.com/grupo-promocoes-whatsapp-telegram-cupom-desconto/
2025-12-18 11:42:51.146 | INFO     | __main__:processar_oferta:88 - 📸 Baixando imagem do Telegram...
2025-12-18 11:42:53.449 | SUCCESS  | __main__:processar_oferta:96 - 📱 Oferta AMAZON enviada direto para o WhatsApp!
2025-12-18 11:42:54.960 | INFO     | __main__:processar_oferta:106 - 🧹 Arquivo temporário removido.
2025-12-18 11:43:50.325 | INFO     | __main__:processar_oferta:66 - ♻️ Oferta repetida ignorada: https://www.mercadolivre.com.br/social/mesprom
2025-12-18 11:43:50.564 | INFO     | __main__:processar_oferta:66 - ♻️ Oferta repetida ignorada: https://www.mercadolivre.com.br/social/agenciarice
2025-12-18 11:43:50.634 | INFO     | __main__:processar_oferta:66 - ♻️ Oferta repetida ignorada: https://www.mercadolivre.com.br/social/xetdaspromocoes
2025-12-18 11:44:50.437 | INFO     | __main__:processar_oferta:75 - 🚫 Link não Amazon (None) ignorado.
2025-12-18 11:44:50.607 | INFO     | __main__:processar_oferta:66 - ♻️ Oferta repetida ignorada: https://www.mercadolivre.com.br/social/agenciarice
2025-12-18 11:44:50.643 | INFO     | __main__:processar_oferta:66 - ♻️ Oferta repetida ignorada: https://www.mercadolivre.com.br/social/xetdaspromocoes
2025-12-18 11:45:49.035 | INFO     | __main__:processar_oferta:75 - 🚫 Link não Amazon (None) ignorado.
2025-12-18 11:45:49.231 | INFO     | __main__:processar_oferta:66 - ♻️ Oferta repetida ignorada: https://www.mercadolivre.com.br/social/promozonevip
2025-12-18 11:45:49.336 | INFO     | __main__:processar_oferta:66 - ♻️ Oferta repetida ignorada: https://www.mercadolivre.com.br/social/agenciarice
2025-12-18 11:45:51.000 | INFO     | __main__:processar_oferta:66 - ♻️ Oferta repetida ignorada: https://descontostop.com/grupo-promocoes-whatsapp-telegram-cupom-desconto/
2025-12-18 11:46:50.479 | INFO     | __main__:processar_oferta:75 - 🚫 Link não Amazon (None) ignorado.
2025-12-18 11:47:50.574 | INFO     | __main__:processar_oferta:75 - 🚫 Link não Amazon (None) ignorado.
2025-12-18 11:47:52.010 | INFO     | __main__:processar_oferta:66 - ♻️ Oferta repetida ignorada: https://descontostop.com/grupo-promocoes-whatsapp-telegram-cupom-desconto/
2025-12-18 11:48:50.679 | INFO     | __main__:processar_oferta:66 - ♻️ Oferta repetida ignorada: https://www.mercadolivre.com.br/social/agenciarice
2025-12-18 11:49:50.770 | INFO     | __main__:processar_oferta:66 - ♻️ Oferta repetida ignorada: https://www.mercadolivre.com.br/social/agenciarice
2025-12-18 11:50:50.647 | INFO     | __main__:processar_oferta:66 - ♻️ Oferta repetida ignorada: https://www.mercadolivre.com.br/social/mesprom
2025-12-18 11:50:50.753 | INFO     | __main__:processar_oferta:75 - 🚫 Link não Amazon (None) ignorado.
2025-12-18 11:50:51.377 | INFO     | __main__:processar_oferta:66 - ♻️ Oferta repetida ignorada: https://www.mercadolivre.com.br/social/promozonevip
2025-12-18 11:50:52.191 | INFO     | __main__:processar_oferta:66 - ♻️ Oferta repetida ignorada: https://descontostop.com/grupo-promocoes-whatsapp-telegram-cupom-desconto/
2025-12-18 11:51:50.713 | INFO     | __main__:processar_oferta:66 - ♻️ Oferta repetida ignorada: https://www.mercadolivre.com.br/social/ro20251028090844
2025-12-18 11:52:50.400 | INFO     | __main__:processar_oferta:66 - ♻️ Oferta repetida ignorada: https://www.mercadolivre.com.br/social/xetdaspromocoes
2025-12-18 11:52:50.596 | INFO     | __main__:processar_oferta:66 - ♻️ Oferta repetida ignorada: https://www.mercadolivre.com.br/social/xetdaspromocoes
2025-12-18 11:52:50.723 | INFO     | __main__:processar_oferta:66 - ♻️ Oferta repetida ignorada: https://www.mercadolivre.com.br/social/mesprom
2025-12-18 11:52:50.842 | INFO     | __main__:processar_oferta:75 - 🚫 Link não Amazon (None) ignorado.
2025-12-18 11:52:52.230 | INFO     | __main__:processar_oferta:66 - ♻️ Oferta repetida ignorada: https://descontostop.com/grupo-promocoes-whatsapp-telegram-cupom-desconto/
2025-12-18 11:53:52.240 | INFO     | __main__:processar_oferta:78 - 🔎 Processando: AMAZON | Modo: 🤖 AUTO
2025-12-18 11:53:52.755 | INFO     | __main__:processar_oferta:88 - 📸 Baixando imagem do Telegram...
2025-12-18 11:53:54.701 | SUCCESS  | __main__:processar_oferta:96 - 📱 Oferta AMAZON enviada direto para o WhatsApp!
2025-12-18 11:53:56.204 | INFO     | __main__:processar_oferta:106 - 🧹 Arquivo temporário removido.
2025-12-18 11:54:50.633 | INFO     | __main__:processar_oferta:75 - 🚫 Link não Amazon (None) ignorado.
2025-12-18 11:54:50.761 | INFO     | __main__:processar_oferta:66 - ♻️ Oferta repetida ignorada: https://www.mercadolivre.com.br/social/agenciarice
2025-12-18 11:54:50.790 | INFO     | __main__:processar_oferta:66 - ♻️ Oferta repetida ignorada: https://www.mercadolivre.com.br/social/mesprom
2025-12-18 11:54:52.065 | INFO     | __main__:processar_oferta:66 - ♻️ Oferta repetida ignorada: https://descontostop.com/grupo-promocoes-whatsapp-telegram-cupom-desconto/
2025-12-18 11:55:50.685 | INFO     | __main__:processar_oferta:66 - ♻️ Oferta repetida ignorada: https://www.mercadolivre.com.br/social/agenciarice
2025-12-18 11:55:50.760 | INFO     | __main__:processar_oferta:66 - ♻️ Oferta repetida ignorada: https://www.mercadolivre.com.br/social/xetdaspromocoes
2025-12-18 11:55:50.941 | INFO     | __main__:processar_oferta:66 - ♻️ Oferta repetida ignorada: https://www.mercadolivre.com.br/social/agenciarice
2025-12-18 11:55:51.115 | INFO     | __main__:processar_oferta:66 - ♻️ Oferta repetida ignorada: https://www.mercadolivre.com.br/social/promozonevip
2025-12-18 11:56:49.563 | INFO     | __main__:processar_oferta:66 - ♻️ Oferta repetida ignorada: https://www.mercadolivre.com.br/social/agenciarice
2025-12-18 11:56:49.594 | INFO     | __main__:processar_oferta:66 - ♻️ Oferta repetida ignorada: https://www.mercadolivre.com.br/social/agenciarice
2025-12-18 11:56:49.620 | INFO     | __main__:processar_oferta:66 - ♻️ Oferta repetida ignorada: https://www.mercadolivre.com.br/social/agenciarice
2025-12-18 11:56:49.763 | INFO     | __main__:processar_oferta:66 - ♻️ Oferta repetida ignorada: https://www.mercadolivre.com.br/social/mesprom
2025-12-18 11:56:50.078 | INFO     | __main__:processar_oferta:66 - ♻️ Oferta repetida ignorada: https://www.mercadolivre.com.br/social/xetdaspromocoes/lists
2025-12-18 11:57:49.031 | INFO     | __main__:processar_oferta:75 - 🚫 Link não Amazon (None) ignorado.
2025-12-18 11:57:49.276 | INFO     | __main__:processar_oferta:66 - ♻️ Oferta repetida ignorada: https://www.mercadolivre.com.br/social/agenciarice
2025-12-18 11:57:50.426 | INFO     | __main__:processar_oferta:66 - ♻️ Oferta repetida ignorada: https://descontostop.com/grupo-promocoes-whatsapp-telegram-cupom-desconto/
2025-12-18 11:58:50.704 | INFO     | __main__:processar_oferta:66 - ♻️ Oferta repetida ignorada: https://www.mercadolivre.com.br/social/agenciarice
2025-12-18 11:58:50.804 | INFO     | __main__:processar_oferta:66 - ♻️ Oferta repetida ignorada: https://www.mercadolivre.com.br/social/mesprom
2025-12-18 11:58:50.829 | INFO     | __main__:processar_oferta:66 - ♻️ Oferta repetida ignorada: https://www.mercadolivre.com.br/social/xetdaspromocoes
2025-12-18 11:58:50.922 | INFO     | __main__:processar_oferta:66 - ♻️ Oferta repetida ignorada: https://www.mercadolivre.com.br/social/agenciarice
2025-12-18 11:59:50.682 | INFO     | __main__:processar_oferta:75 - 🚫 Link não Amazon (None) ignorado.
2025-12-18 11:59:50.843 | INFO     | __main__:processar_oferta:75 - 🚫 Link não Amazon (None) ignorado.
2025-12-18 11:59:50.880 | INFO     | __main__:processar_oferta:66 - ♻️ Oferta repetida ignorada: https://www.mercadolivre.com.br/social/agenciarice
2025-12-18 11:59:52.364 | INFO     | __main__:processar_oferta:66 - ♻️ Oferta repetida ignorada: https://descontostop.com/grupo-promocoes-whatsapp-telegram-cupom-desconto/
2025-12-18 12:00:49.394 | INFO     | __main__:processar_oferta:66 - ♻️ Oferta repetida ignorada: https://www.mercadolivre.com.br/social/agenciarice
2025-12-18 12:00:49.427 | INFO     | __main__:processar_oferta:66 - ♻️ Oferta repetida ignorada: https://www.mercadolivre.com.br/social/promozonevip
2025-12-18 12:00:49.830 | INFO     | __main__:processar_oferta:66 - ♻️ Oferta repetida ignorada: https://www.mercadolivre.com.br/social/agenciarice/lists
2025-12-18 12:01:45.700 | INFO     | __main__:processar_oferta:66 - ♻️ Oferta repetida ignorada: https://www.mercadolivre.com.br/social/agenciarice
2025-12-18 12:01:45.706 | INFO     | __main__:processar_oferta:66 - ♻️ Oferta repetida ignorada: https://www.mercadolivre.com.br/social/agenciarice
2025-12-18 12:02:50.638 | INFO     | __main__:processar_oferta:75 - 🚫 Link não Amazon (None) ignorado.
2025-12-18 12:02:52.222 | INFO     | __main__:processar_oferta:78 - 🔎 Processando: AMAZON | Modo: 🤖 AUTO
2025-12-18 12:02:52.358 | INFO     | __main__:processar_oferta:66 - ♻️ Oferta repetida ignorada: https://descontostop.com/grupo-promocoes-whatsapp-telegram-cupom-desconto/
2025-12-18 12:02:52.665 | INFO     | __main__:processar_oferta:88 - 📸 Baixando imagem do Telegram...
2025-12-18 12:02:55.908 | SUCCESS  | __main__:processar_oferta:96 - 📱 Oferta AMAZON enviada direto para o WhatsApp!
2025-12-18 12:02:57.422 | INFO     | __main__:processar_oferta:106 - 🧹 Arquivo temporário removido.
2025-12-18 12:03:50.856 | INFO     | __main__:processar_oferta:66 - ♻️ Oferta repetida ignorada: https://www.mercadolivre.com.br/social/mesprom
2025-12-18 12:03:50.927 | INFO     | __main__:processar_oferta:66 - ♻️ Oferta repetida ignorada: https://www.mercadolivre.com.br/social/cupons
2025-12-18 12:04:50.881 | INFO     | __main__:processar_oferta:66 - ♻️ Oferta repetida ignorada: https://www.mercadolivre.com.br/social/agenciarice
2025-12-18 12:04:51.375 | INFO     | __main__:processar_oferta:75 - 🚫 Link não Amazon (None) ignorado.
2025-12-18 12:05:50.773 | INFO     | __main__:processar_oferta:78 - 🔎 Processando: AMAZON | Modo: 🤖 AUTO
2025-12-18 12:05:51.186 | INFO     | __main__:processar_oferta:88 - 📸 Baixando imagem do Telegram...
2025-12-18 12:05:52.092 | INFO     | __main__:processar_oferta:66 - ♻️ Oferta repetida ignorada: https://www.amazon.com.br/dp/B09JZ8J5ZD
2025-12-18 12:05:54.896 | SUCCESS  | __main__:processar_oferta:96 - 📱 Oferta AMAZON enviada direto para o WhatsApp!
2025-12-18 12:05:56.406 | INFO     | __main__:processar_oferta:106 - 🧹 Arquivo temporário removido.
2025-12-18 12:06:50.664 | INFO     | __main__:processar_oferta:75 - 🚫 Link não Amazon (None) ignorado.
2025-12-18 12:06:50.930 | INFO     | __main__:processar_oferta:66 - ♻️ Oferta repetida ignorada: https://www.mercadolivre.com.br/social/mesprom
2025-12-18 12:06:52.331 | INFO     | __main__:processar_oferta:66 - ♻️ Oferta repetida ignorada: https://descontostop.com/grupo-promocoes-whatsapp-telegram-cupom-desconto/
2025-12-18 12:06:52.619 | INFO     | __main__:processar_oferta:66 - ♻️ Oferta repetida ignorada: https://www.amazon.com.br/dp/B0FKBZCZK6
2025-12-18 12:07:50.413 | INFO     | __main__:processar_oferta:78 - 🔎 Processando: AMAZON | Modo: 🤖 AUTO
2025-12-18 12:07:50.650 | INFO     | __main__:processar_oferta:66 - ♻️ Oferta repetida ignorada: https://www.mercadolivre.com.br/social/urubupromo
2025-12-18 12:07:50.789 | INFO     | __main__:processar_oferta:66 - ♻️ Oferta repetida ignorada: https://www.mercadolivre.com.br/social/xetdaspromocoes
2025-12-18 12:07:50.847 | INFO     | __main__:processar_oferta:88 - 📸 Baixando imagem do Telegram...
2025-12-18 12:07:50.863 | INFO     | __main__:processar_oferta:66 - ♻️ Oferta repetida ignorada: https://www.mercadolivre.com.br/social/cupons
2025-12-18 12:07:50.902 | INFO     | __main__:processar_oferta:66 - ♻️ Oferta repetida ignorada: https://www.mercadolivre.com.br/social/cupons
2025-12-18 12:07:52.979 | SUCCESS  | __main__:processar_oferta:96 - 📱 Oferta AMAZON enviada direto para o WhatsApp!
2025-12-18 12:07:54.482 | INFO     | __main__:processar_oferta:106 - 🧹 Arquivo temporário removido.
2025-12-18 12:08:50.944 | INFO     | __main__:processar_oferta:75 - 🚫 Link não Amazon (None) ignorado.
2025-12-18 12:08:51.131 | INFO     | __main__:processar_oferta:66 - ♻️ Oferta repetida ignorada: https://r.amzlink.to/
2025-12-18 12:08:52.289 | INFO     | __main__:processar_oferta:66 - ♻️ Oferta repetida ignorada: https://descontostop.com/grupo-promocoes-whatsapp-telegram-cupom-desconto/
2025-12-18 12:09:29.225 | INFO     | __main__:processar_oferta:66 - ♻️ Oferta repetida ignorada: https://www.mercadolivre.com.br/social/agenciarice
2025-12-18 12:09:29.465 | INFO     | __main__:processar_oferta:66 - ♻️ Oferta repetida ignorada: https://kabum.onelink.me/civn
2025-12-18 12:10:50.882 | INFO     | __main__:processar_oferta:75 - 🚫 Link não Amazon (None) ignorado.
2025-12-18 12:10:50.907 | INFO     | __main__:processar_oferta:66 - ♻️ Oferta repetida ignorada: https://www.mercadolivre.com.br/social/agenciarice
2025-12-18 12:10:50.954 | INFO     | __main__:processar_oferta:66 - ♻️ Oferta repetida ignorada: https://www.mercadolivre.com.br/social/promotop
2025-12-18 12:10:51.811 | INFO     | __main__:processar_oferta:78 - 🔎 Processando: AMAZON | Modo: 🤖 AUTO
2025-12-18 12:10:52.279 | INFO     | __main__:processar_oferta:88 - 📸 Baixando imagem do Telegram...
2025-12-18 12:10:52.552 | INFO     | __main__:processar_oferta:66 - ♻️ Oferta repetida ignorada: https://descontostop.com/grupo-promocoes-whatsapp-telegram-cupom-desconto/
2025-12-18 12:10:55.670 | SUCCESS  | __main__:processar_oferta:96 - 📱 Oferta AMAZON enviada direto para o WhatsApp!
2025-12-18 12:10:57.177 | INFO     | __main__:processar_oferta:106 - 🧹 Arquivo temporário removido.
2025-12-18 12:11:49.805 | INFO     | __main__:processar_oferta:66 - ♻️ Oferta repetida ignorada: https://www.mercadolivre.com.br/social/agenciarice
2025-12-18 12:13:50.763 | INFO     | __main__:processar_oferta:66 - ♻️ Oferta repetida ignorada: https://r.amzlink.to/
2025-12-18 12:13:50.854 | INFO     | __main__:processar_oferta:66 - ♻️ Oferta repetida ignorada: https://www.mercadolivre.com.br/social/mesprom
2025-12-18 12:14:50.742 | INFO     | __main__:processar_oferta:75 - 🚫 Link não Amazon (None) ignorado.
2025-12-18 12:14:52.509 | INFO     | __main__:processar_oferta:66 - ♻️ Oferta repetida ignorada: https://descontostop.com/grupo-promocoes-whatsapp-telegram-cupom-desconto/
2025-12-18 12:15:49.259 | INFO     | __main__:processar_oferta:66 - ♻️ Oferta repetida ignorada: https://www.mercadolivre.com.br/social/mesprom
2025-12-18 12:15:49.384 | INFO     | __main__:processar_oferta:75 - 🚫 Link não Amazon (None) ignorado.
2025-12-18 12:15:51.048 | INFO     | __main__:processar_oferta:66 - ♻️ Oferta repetida ignorada: https://descontostop.com/grupo-promocoes-whatsapp-telegram-cupom-desconto/
2025-12-18 12:17:50.986 | INFO     | __main__:processar_oferta:66 - ♻️ Oferta repetida ignorada: https://www.mercadolivre.com.br/social/agenciarice
2025-12-18 12:17:52.811 | INFO     | __main__:processar_oferta:78 - 🔎 Processando: AMAZON | Modo: 🤖 AUTO
2025-12-18 12:17:53.417 | INFO     | __main__:processar_oferta:88 - 📸 Baixando imagem do Telegram...
2025-12-18 12:17:56.704 | SUCCESS  | __main__:processar_oferta:96 - 📱 Oferta AMAZON enviada direto para o WhatsApp!
2025-12-18 12:17:58.206 | INFO     | __main__:processar_oferta:106 - 🧹 Arquivo temporário removido.
2025-12-18 12:18:50.947 | INFO     | __main__:processar_oferta:75 - 🚫 Link não Amazon (None) ignorado.
2025-12-18 12:18:52.644 | INFO     | __main__:processar_oferta:66 - ♻️ Oferta repetida ignorada: https://descontostop.com/grupo-promocoes-whatsapp-telegram-cupom-desconto/
2025-12-18 12:19:50.597 | INFO     | __main__:processar_oferta:66 - ♻️ Oferta repetida ignorada: https://www.amazon.com.br/dp/B0F1QN9C6S
2025-12-18 12:20:47.199 | INFO     | __main__:processar_oferta:75 - 🚫 Link não Amazon (None) ignorado.
2025-12-18 12:20:47.608 | INFO     | __main__:processar_oferta:66 - ♻️ Oferta repetida ignorada: https://www.pelando.com.br/grupos/
2025-12-18 12:20:47.882 | INFO     | __main__:processar_oferta:75 - 🚫 Link não Amazon (None) ignorado.
2025-12-18 12:20:48.065 | INFO     | __main__:processar_oferta:66 - ♻️ Oferta repetida ignorada: https://www.mercadolivre.com.br/social/promozonevip
2025-12-18 12:20:49.197 | INFO     | __main__:processar_oferta:66 - ♻️ Oferta repetida ignorada: https://descontostop.com/grupo-promocoes-whatsapp-telegram-cupom-desconto/
2025-12-18 12:23:50.797 | INFO     | __main__:processar_oferta:78 - 🔎 Processando: AMAZON | Modo: 🤖 AUTO
2025-12-18 12:23:51.102 | INFO     | __main__:processar_oferta:66 - ♻️ Oferta repetida ignorada: https://www.mercadolivre.com.br/social/cupons
2025-12-18 12:23:51.290 | INFO     | __main__:processar_oferta:88 - 📸 Baixando imagem do Telegram...
2025-12-18 12:23:54.937 | SUCCESS  | __main__:processar_oferta:96 - 📱 Oferta AMAZON enviada direto para o WhatsApp!
2025-12-18 12:23:56.446 | INFO     | __main__:processar_oferta:106 - 🧹 Arquivo temporário removido.
2025-12-18 12:25:51.209 | INFO     | __main__:processar_oferta:66 - ♻️ Oferta repetida ignorada: https://www.mercadolivre.com.br/social/agenciarice
2025-12-18 12:25:52.787 | INFO     | __main__:processar_oferta:78 - 🔎 Processando: AMAZON | Modo: 🤖 AUTO
2025-12-18 12:25:53.348 | INFO     | __main__:processar_oferta:88 - 📸 Baixando imagem do Telegram...
2025-12-18 12:25:56.035 | SUCCESS  | __main__:processar_oferta:96 - 📱 Oferta AMAZON enviada direto para o WhatsApp!
2025-12-18 12:25:57.537 | INFO     | __main__:processar_oferta:106 - 🧹 Arquivo temporário removido.
2025-12-18 12:26:50.788 | INFO     | __main__:processar_oferta:78 - 🔎 Processando: AMAZON | Modo: 🤖 AUTO
2025-12-18 12:26:51.321 | INFO     | __main__:processar_oferta:88 - 📸 Baixando imagem do Telegram...
2025-12-18 12:26:53.662 | SUCCESS  | __main__:processar_oferta:96 - 📱 Oferta AMAZON enviada direto para o WhatsApp!
2025-12-18 12:26:55.175 | INFO     | __main__:processar_oferta:106 - 🧹 Arquivo temporário removido.
2025-12-18 12:29:50.854 | INFO     | __main__:processar_oferta:75 - 🚫 Link não Amazon (None) ignorado.
2025-12-18 12:30:49.550 | INFO     | __main__:processar_oferta:66 - ♻️ Oferta repetida ignorada: https://www.mercadolivre.com.br/social/promozonevip
2025-12-18 12:32:35.663 | INFO     | __main__:processar_oferta:66 - ♻️ Oferta repetida ignorada: https://www.mercadolivre.com.br/social/promotop
2025-12-18 12:33:23.592 | INFO     | __main__:processar_oferta:78 - 🔎 Processando: AMAZON | Modo: 🤖 AUTO
2025-12-18 12:33:24.058 | INFO     | __main__:processar_oferta:88 - 📸 Baixando imagem do Telegram...
2025-12-18 12:33:26.655 | SUCCESS  | __main__:processar_oferta:96 - 📱 Oferta AMAZON enviada direto para o WhatsApp!
2025-12-18 12:33:28.160 | INFO     | __main__:processar_oferta:106 - 🧹 Arquivo temporário removido.
2025-12-18 12:33:51.126 | INFO     | __main__:processar_oferta:66 - ♻️ Oferta repetida ignorada: https://www.mercadolivre.com.br/social/cupons
2025-12-18 12:35:50.959 | INFO     | __main__:processar_oferta:66 - ♻️ Oferta repetida ignorada: https://www.mercadolivre.com.br/social/promozonevip
2025-12-18 12:35:51.507 | INFO     | __main__:processar_oferta:66 - ♻️ Oferta repetida ignorada: https://r.amzlink.to/
2025-12-18 12:36:51.210 | INFO     | __main__:processar_oferta:66 - ♻️ Oferta repetida ignorada: https://www.mercadolivre.com.br/social/agenciarice
2025-12-18 12:36:52.462 | INFO     | __main__:processar_oferta:66 - ♻️ Oferta repetida ignorada: https://www.amazon.com.br/dp/B0DP5QV87R
2025-12-18 12:38:51.148 | INFO     | __main__:processar_oferta:66 - ♻️ Oferta repetida ignorada: https://www.mercadolivre.com.br/social/xetdaspromocoes
2025-12-18 12:38:51.258 | INFO     | __main__:processar_oferta:66 - ♻️ Oferta repetida ignorada: https://validate.perfdrive.com/ca4df1c7abf7ea2cc50ab30bdf7ed2bb/
2025-12-18 12:38:51.362 | INFO     | __main__:processar_oferta:66 - ♻️ Oferta repetida ignorada: https://www.mercadolivre.com.br/social/promotop
2025-12-18 12:40:50.394 | INFO     | __main__:processar_oferta:75 - 🚫 Link não Amazon (None) ignorado.
2025-12-18 12:40:50.812 | INFO     | __main__:processar_oferta:66 - ♻️ Oferta repetida ignorada: https://www.pelando.com.br/grupos/
2025-12-18 12:40:53.728 | INFO     | __main__:processar_oferta:78 - 🔎 Processando: AMAZON | Modo: 🤖 AUTO
2025-12-18 12:40:54.190 | INFO     | __main__:processar_oferta:88 - 📸 Baixando imagem do Telegram...
2025-12-18 12:40:55.464 | INFO     | __main__:processar_oferta:66 - ♻️ Oferta repetida ignorada: https://www.mercadolivre.com.br/social/agenciarice
2025-12-18 12:40:57.843 | SUCCESS  | __main__:processar_oferta:96 - 📱 Oferta AMAZON enviada direto para o WhatsApp!
2025-12-18 12:40:59.356 | INFO     | __main__:processar_oferta:106 - 🧹 Arquivo temporário removido.
2025-12-18 12:41:50.046 | INFO     | __main__:processar_oferta:78 - 🔎 Processando: AMAZON | Modo: 🤖 AUTO
2025-12-18 12:41:50.606 | INFO     | __main__:processar_oferta:88 - 📸 Baixando imagem do Telegram...
2025-12-18 12:41:53.058 | INFO     | __main__:processar_oferta:66 - ♻️ Oferta repetida ignorada: https://www.mercadolivre.com.br/social/urubupromo
2025-12-18 12:41:54.767 | SUCCESS  | __main__:processar_oferta:96 - 📱 Oferta AMAZON enviada direto para o WhatsApp!
2025-12-18 12:41:56.275 | INFO     | __main__:processar_oferta:106 - 🧹 Arquivo temporário removido.
2025-12-18 12:42:47.320 | INFO     | __main__:processar_oferta:78 - 🔎 Processando: AMAZON | Modo: 🤖 AUTO
2025-12-18 12:42:47.746 | INFO     | __main__:processar_oferta:88 - 📸 Baixando imagem do Telegram...
2025-12-18 12:42:49.903 | SUCCESS  | __main__:processar_oferta:96 - 📱 Oferta AMAZON enviada direto para o WhatsApp!
2025-12-18 12:42:51.409 | INFO     | __main__:processar_oferta:106 - 🧹 Arquivo temporário removido.
2025-12-18 12:44:51.473 | INFO     | __main__:processar_oferta:78 - 🔎 Processando: AMAZON | Modo: 🤖 AUTO
2025-12-18 12:44:51.972 | INFO     | __main__:processar_oferta:88 - 📸 Baixando imagem do Telegram...
2025-12-18 12:44:52.652 | INFO     | __main__:processar_oferta:78 - 🔎 Processando: AMAZON | Modo: 🤖 AUTO
2025-12-18 12:44:53.149 | INFO     | __main__:processar_oferta:88 - 📸 Baixando imagem do Telegram...
2025-12-18 12:44:55.203 | SUCCESS  | __main__:processar_oferta:96 - 📱 Oferta AMAZON enviada direto para o WhatsApp!
2025-12-18 12:44:56.460 | SUCCESS  | __main__:processar_oferta:96 - 📱 Oferta AMAZON enviada direto para o WhatsApp!
2025-12-18 12:44:56.717 | INFO     | __main__:processar_oferta:106 - 🧹 Arquivo temporário removido.
2025-12-18 12:44:57.967 | INFO     | __main__:processar_oferta:106 - 🧹 Arquivo temporário removido.
2025-12-18 12:45:49.948 | INFO     | __main__:processar_oferta:66 - ♻️ Oferta repetida ignorada: https://www.mercadolivre.com.br/social/promozonevip
2025-12-18 12:48:51.581 | INFO     | __main__:processar_oferta:66 - ♻️ Oferta repetida ignorada: https://www.mercadolivre.com.br/social/agenciarice
2025-12-18 12:50:51.177 | INFO     | __main__:processar_oferta:78 - 🔎 Processando: AMAZON | Modo: 🤖 AUTO
2025-12-18 12:50:51.594 | INFO     | __main__:processar_oferta:88 - 📸 Baixando imagem do Telegram...
2025-12-18 12:50:52.413 | INFO     | __main__:processar_oferta:66 - ♻️ Oferta repetida ignorada: https://www.mercadolivre.com.br/social/promozonevip
2025-12-18 12:50:54.191 | SUCCESS  | __main__:processar_oferta:96 - 📱 Oferta AMAZON enviada direto para o WhatsApp!
2025-12-18 12:50:55.704 | INFO     | __main__:processar_oferta:106 - 🧹 Arquivo temporário removido.
2025-12-18 12:51:50.895 | INFO     | __main__:processar_oferta:78 - 🔎 Processando: AMAZON | Modo: 🤖 AUTO
2025-12-18 12:51:51.294 | INFO     | __main__:processar_oferta:88 - 📸 Baixando imagem do Telegram...
2025-12-18 12:51:53.194 | SUCCESS  | __main__:processar_oferta:96 - 📱 Oferta AMAZON enviada direto para o WhatsApp!
2025-12-18 12:51:54.696 | INFO     | __main__:processar_oferta:106 - 🧹 Arquivo temporário removido.
2025-12-18 12:52:51.213 | INFO     | __main__:processar_oferta:66 - ♻️ Oferta repetida ignorada: https://www.mercadolivre.com.br/social/agenciarice
2025-12-18 12:55:50.777 | INFO     | __main__:processar_oferta:66 - ♻️ Oferta repetida ignorada: https://www.magazinevoce.com.br/az-request-verify
2025-12-18 12:55:52.052 | INFO     | __main__:processar_oferta:66 - ♻️ Oferta repetida ignorada: https://www.amazon.com.br/dp/B075QHV5LD
2025-12-18 12:56:49.968 | INFO     | __main__:processar_oferta:66 - ♻️ Oferta repetida ignorada: https://www.amazon.com.br/dp/B09JZ8J5ZD
2025-12-18 12:56:50.096 | INFO     | __main__:processar_oferta:78 - 🔎 Processando: AMAZON | Modo: 🤖 AUTO
2025-12-18 12:56:50.523 | INFO     | __main__:processar_oferta:88 - 📸 Baixando imagem do Telegram...
2025-12-18 12:56:53.144 | SUCCESS  | __main__:processar_oferta:96 - 📱 Oferta AMAZON enviada direto para o WhatsApp!
2025-12-18 12:56:54.649 | INFO     | __main__:processar_oferta:106 - 🧹 Arquivo temporário removido.
2025-12-18 12:57:49.961 | INFO     | __main__:processar_oferta:66 - ♻️ Oferta repetida ignorada: https://www.mercadolivre.com.br/social/cupons
2025-12-18 12:58:51.233 | INFO     | __main__:processar_oferta:66 - ♻️ Oferta repetida ignorada: https://store.epicgames.com/pt-BR/free-games
2025-12-18 13:00:50.253 | INFO     | __main__:processar_oferta:75 - 🚫 Link não Amazon (None) ignorado.
2025-12-18 13:00:50.654 | INFO     | __main__:processar_oferta:66 - ♻️ Oferta repetida ignorada: https://www.pelando.com.br/grupos/
2025-12-18 13:00:50.778 | INFO     | __main__:processar_oferta:66 - ♻️ Oferta repetida ignorada: https://www.mercadolivre.com.br/social/promozonevip
2025-12-18 13:01:31.622 | INFO     | __main__:processar_oferta:66 - ♻️ Oferta repetida ignorada: https://store.epicgames.com/pt-BR/free-games
2025-12-18 13:02:51.430 | INFO     | __main__:processar_oferta:66 - ♻️ Oferta repetida ignorada: https://www.mercadolivre.com.br/social/promotop
2025-12-18 13:03:51.724 | INFO     | __main__:processar_oferta:66 - ♻️ Oferta repetida ignorada: https://validate.perfdrive.com/ca4df1c7abf7ea2cc50ab30bdf7ed2bb/
2025-12-18 13:04:51.652 | INFO     | __main__:processar_oferta:66 - ♻️ Oferta repetida ignorada: https://www.mercadolivre.com.br/social/mesprom
2025-12-18 13:05:50.510 | INFO     | __main__:processar_oferta:75 - 🚫 Link não Amazon (None) ignorado.
2025-12-18 13:05:51.444 | INFO     | __main__:processar_oferta:66 - ♻️ Oferta repetida ignorada: https://www.mercadolivre.com.br/social/agenciarice
2025-12-18 13:05:51.516 | INFO     | __main__:processar_oferta:66 - ♻️ Oferta repetida ignorada: https://www.mercadolivre.com.br/social/promozonevip
2025-12-18 13:06:50.489 | INFO     | __main__:processar_oferta:66 - ♻️ Oferta repetida ignorada: https://store.epicgames.com/pt-BR/p/jotunnslayer-hordes-of-hel-3579b3
2025-12-18 13:09:51.575 | INFO     | __main__:processar_oferta:66 - ♻️ Oferta repetida ignorada: https://www.mercadolivre.com.br/social/mesprom
2025-12-18 13:10:52.165 | INFO     | __main__:processar_oferta:66 - ♻️ Oferta repetida ignorada: https://www.mercadolivre.com.br/social/promozonevip
2025-12-18 13:11:50.390 | INFO     | __main__:processar_oferta:66 - ♻️ Oferta repetida ignorada: https://www.mercadolivre.com.br/social/mesprom
2025-12-18 13:14:51.540 | INFO     | __main__:processar_oferta:66 - ♻️ Oferta repetida ignorada: https://www.mercadolivre.com.br/social/urubupromo
2025-12-18 13:15:49.991 | INFO     | __main__:processar_oferta:75 - 🚫 Link não Amazon (None) ignorado.
2025-12-18 13:15:50.226 | INFO     | __main__:processar_oferta:66 - ♻️ Oferta repetida ignorada: https://www.mercadolivre.com.br/social/cupons
2025-12-18 13:15:50.827 | INFO     | __main__:processar_oferta:66 - ♻️ Oferta repetida ignorada: https://www.mercadolivre.com.br/social/promozonevip
2025-12-18 13:17:50.736 | INFO     | __main__:processar_oferta:75 - 🚫 Link não Amazon (None) ignorado.
2025-12-18 13:18:51.624 | INFO     | __main__:processar_oferta:66 - ♻️ Oferta repetida ignorada: https://www.mercadolivre.com.br/social/mesprom
2025-12-18 13:20:51.327 | INFO     | __main__:processar_oferta:75 - 🚫 Link não Amazon (None) ignorado.
2025-12-18 13:20:51.584 | INFO     | __main__:processar_oferta:66 - ♻️ Oferta repetida ignorada: https://www.mercadolivre.com.br/social/urubupromo
2025-12-18 13:20:51.621 | INFO     | __main__:processar_oferta:66 - ♻️ Oferta repetida ignorada: https://www.mercadolivre.com.br/social/mesprom
2025-12-18 13:20:51.730 | INFO     | __main__:processar_oferta:66 - ♻️ Oferta repetida ignorada: https://www.pelando.com.br/grupos/
2025-12-18 13:20:53.066 | INFO     | __main__:processar_oferta:78 - 🔎 Processando: AMAZON | Modo: 🤖 AUTO
2025-12-18 13:20:53.614 | INFO     | __main__:processar_oferta:88 - 📸 Baixando imagem do Telegram...
2025-12-18 13:20:56.773 | SUCCESS  | __main__:processar_oferta:96 - 📱 Oferta AMAZON enviada direto para o WhatsApp!
2025-12-18 13:20:58.287 | INFO     | __main__:processar_oferta:106 - 🧹 Arquivo temporário removido.
2025-12-18 13:22:51.786 | INFO     | __main__:processar_oferta:66 - ♻️ Oferta repetida ignorada: https://www.mercadolivre.com.br/social/cupons
2025-12-18 13:22:51.788 | INFO     | __main__:processar_oferta:66 - ♻️ Oferta repetida ignorada: https://www.mercadolivre.com.br/social/agenciarice
2025-12-18 13:22:51.834 | INFO     | __main__:processar_oferta:66 - ♻️ Oferta repetida ignorada: https://www.mercadolivre.com.br/social/mesprom
2025-12-18 13:24:51.622 | INFO     | __main__:processar_oferta:66 - ♻️ Oferta repetida ignorada: https://www.mercadolivre.com.br/social/mesprom
2025-12-18 13:24:51.698 | INFO     | __main__:processar_oferta:66 - ♻️ Oferta repetida ignorada: https://www.mercadolivre.com.br/social/xetdaspromocoes
2025-12-18 13:25:51.799 | INFO     | __main__:processar_oferta:78 - 🔎 Processando: AMAZON | Modo: 🤖 AUTO
2025-12-18 13:25:52.224 | INFO     | __main__:processar_oferta:88 - 📸 Baixando imagem do Telegram...
2025-12-18 13:25:55.791 | SUCCESS  | __main__:processar_oferta:96 - 📱 Oferta AMAZON enviada direto para o WhatsApp!
2025-12-18 13:25:57.306 | INFO     | __main__:processar_oferta:106 - 🧹 Arquivo temporário removido.
2025-12-18 13:26:50.604 | INFO     | __main__:processar_oferta:66 - ♻️ Oferta repetida ignorada: https://www.mercadolivre.com.br/social/tjgaming
2025-12-18 13:27:50.999 | INFO     | __main__:processar_oferta:66 - ♻️ Oferta repetida ignorada: https://www.mercadolivre.com.br/social/mesprom
2025-12-18 13:28:51.657 | INFO     | __main__:processar_oferta:66 - ♻️ Oferta repetida ignorada: https://www.mercadolivre.com.br/social/mesprom
2025-12-18 13:28:51.956 | INFO     | __main__:processar_oferta:66 - ♻️ Oferta repetida ignorada: https://r.amzlink.to/
2025-12-18 13:29:51.708 | INFO     | __main__:processar_oferta:66 - ♻️ Oferta repetida ignorada: https://www.mercadolivre.com.br/social/promotop
2025-12-18 13:29:51.759 | INFO     | __main__:processar_oferta:66 - ♻️ Oferta repetida ignorada: https://www.mercadolivre.com.br/social/tjgaming
2025-12-18 13:29:52.694 | INFO     | __main__:processar_oferta:66 - ♻️ Oferta repetida ignorada: https://t.me/TJGOFERTASs
2025-12-18 13:29:53.619 | INFO     | __main__:processar_oferta:66 - ♻️ Oferta repetida ignorada: https://t.me/PROMOSGERAISTJ
2025-12-18 13:29:55.204 | INFO     | __main__:processar_oferta:66 - ♻️ Oferta repetida ignorada: https://www.whatsapp.com/channel/0029Vb6EHc1KmCPTwxvrbT10
2025-12-18 13:30:50.384 | INFO     | __main__:processar_oferta:66 - ♻️ Oferta repetida ignorada: https://www.mercadolivre.com.br/social/promozonevip
2025-12-18 13:30:50.427 | INFO     | __main__:processar_oferta:66 - ♻️ Oferta repetida ignorada: https://www.mercadolivre.com.br/social/cupons
2025-12-18 13:32:51.782 | INFO     | __main__:processar_oferta:66 - ♻️ Oferta repetida ignorada: https://www.mercadolivre.com.br/social/xetdaspromocoes
2025-12-18 13:33:51.524 | INFO     | __main__:processar_oferta:66 - ♻️ Oferta repetida ignorada: https://www.mercadolivre.com.br/social/cupons
2025-12-18 13:34:51.732 | INFO     | __main__:processar_oferta:66 - ♻️ Oferta repetida ignorada: https://www.mercadolivre.com.br/social/promotom
2025-12-18 13:35:51.762 | INFO     | __main__:processar_oferta:66 - ♻️ Oferta repetida ignorada: https://www.mercadolivre.com.br/social/promozonevip
2025-12-18 13:36:51.783 | INFO     | __main__:processar_oferta:66 - ♻️ Oferta repetida ignorada: https://www.mercadolivre.com.br/social/agenciarice
2025-12-18 13:38:51.819 | INFO     | __main__:processar_oferta:66 - ♻️ Oferta repetida ignorada: https://www.mercadolivre.com.br/social/agenciarice
2025-12-18 13:39:53.578 | INFO     | __main__:processar_oferta:75 - 🚫 Link não Amazon (None) ignorado.
2025-12-18 13:40:51.811 | INFO     | __main__:processar_oferta:66 - ♻️ Oferta repetida ignorada: https://www.mercadolivre.com.br/social/cupons
2025-12-18 13:40:51.827 | INFO     | __main__:processar_oferta:66 - ♻️ Oferta repetida ignorada: https://www.mercadolivre.com.br/social/promozonevip
2025-12-18 13:42:51.078 | INFO     | __main__:processar_oferta:66 - ♻️ Oferta repetida ignorada: https://r.amzlink.to/
2025-12-18 13:45:50.558 | INFO     | __main__:processar_oferta:66 - ♻️ Oferta repetida ignorada: https://www.mercadolivre.com.br/social/promozonevip
2025-12-18 13:45:50.568 | INFO     | __main__:processar_oferta:66 - ♻️ Oferta repetida ignorada: https://www.mercadolivre.com.br/social/cupons
2025-12-18 13:48:52.570 | INFO     | __main__:processar_oferta:75 - 🚫 Link não Amazon (None) ignorado.
2025-12-18 13:49:27.382 | INFO     | __main__:processar_oferta:78 - 🔎 Processando: AMAZON | Modo: 🤖 AUTO
2025-12-18 13:49:27.876 | INFO     | __main__:processar_oferta:88 - 📸 Baixando imagem do Telegram...
2025-12-18 13:49:29.951 | SUCCESS  | __main__:processar_oferta:96 - 📱 Oferta AMAZON enviada direto para o WhatsApp!
2025-12-18 13:49:31.462 | INFO     | __main__:processar_oferta:106 - 🧹 Arquivo temporário removido.
2025-12-18 13:49:51.867 | INFO     | __main__:processar_oferta:66 - ♻️ Oferta repetida ignorada: https://www.mercadolivre.com.br/social/cupons
2025-12-18 13:50:51.691 | INFO     | __main__:processar_oferta:75 - 🚫 Link não Amazon (None) ignorado.
2025-12-18 13:50:51.902 | INFO     | __main__:processar_oferta:66 - ♻️ Oferta repetida ignorada: https://www.mercadolivre.com.br/social/xetdaspromocoes
2025-12-18 13:50:51.908 | INFO     | __main__:processar_oferta:66 - ♻️ Oferta repetida ignorada: https://www.mercadolivre.com.br/social/agenciarice
2025-12-18 13:50:52.360 | INFO     | __main__:processar_oferta:66 - ♻️ Oferta repetida ignorada: https://www.mercadolivre.com.br/social/promozonevip
2025-12-18 13:50:53.390 | INFO     | __main__:processar_oferta:66 - ♻️ Oferta repetida ignorada: https://descontostop.com/grupo-promocoes-whatsapp-telegram-cupom-desconto/
2025-12-18 13:52:51.802 | INFO     | __main__:processar_oferta:75 - 🚫 Link não Amazon (None) ignorado.
2025-12-18 13:52:52.032 | INFO     | __main__:processar_oferta:66 - ♻️ Oferta repetida ignorada: https://www.mercadolivre.com.br/social/cupons
2025-12-18 13:52:53.467 | INFO     | __main__:processar_oferta:66 - ♻️ Oferta repetida ignorada: https://descontostop.com/grupo-promocoes-whatsapp-telegram-cupom-desconto/
2025-12-18 13:53:51.909 | INFO     | __main__:processar_oferta:66 - ♻️ Oferta repetida ignorada: https://www.mercadolivre.com.br/social/agenciarice
2025-12-18 13:55:52.009 | INFO     | __main__:processar_oferta:66 - ♻️ Oferta repetida ignorada: https://www.mercadolivre.com.br/social/promotop
2025-12-18 13:55:52.267 | INFO     | __main__:processar_oferta:66 - ♻️ Oferta repetida ignorada: https://www.mercadolivre.com.br/social/promozonevip
2025-12-18 13:57:52.333 | INFO     | __main__:processar_oferta:66 - ♻️ Oferta repetida ignorada: https://www.mercadolivre.com.br/social/xetdaspromocoes
2025-12-18 13:58:51.956 | INFO     | __main__:processar_oferta:66 - ♻️ Oferta repetida ignorada: https://r.amzlink.to/
2025-12-18 13:58:51.977 | INFO     | __main__:processar_oferta:78 - 🔎 Processando: AMAZON | Modo: 🤖 AUTO
2025-12-18 13:58:51.980 | INFO     | __main__:processar_oferta:66 - ♻️ Oferta repetida ignorada: https://www.mercadolivre.com.br/social/xetdaspromocoes
2025-12-18 13:58:52.482 | INFO     | __main__:processar_oferta:88 - 📸 Baixando imagem do Telegram...
2025-12-18 13:58:54.829 | SUCCESS  | __main__:processar_oferta:96 - 📱 Oferta AMAZON enviada direto para o WhatsApp!
2025-12-18 13:58:56.344 | INFO     | __main__:processar_oferta:106 - 🧹 Arquivo temporário removido.
2025-12-18 13:59:51.812 | INFO     | __main__:processar_oferta:78 - 🔎 Processando: AMAZON | Modo: 🤖 AUTO
2025-12-18 13:59:51.885 | INFO     | __main__:processar_oferta:66 - ♻️ Oferta repetida ignorada: https://www.mercadolivre.com.br/social/agenciarice
2025-12-18 13:59:51.972 | INFO     | __main__:processar_oferta:66 - ♻️ Oferta repetida ignorada: https://www.mercadolivre.com.br/social/xetdaspromocoes
2025-12-18 13:59:52.374 | INFO     | __main__:processar_oferta:88 - 📸 Baixando imagem do Telegram...
2025-12-18 13:59:54.554 | SUCCESS  | __main__:processar_oferta:96 - 📱 Oferta AMAZON enviada direto para o WhatsApp!
2025-12-18 13:59:56.057 | INFO     | __main__:processar_oferta:106 - 🧹 Arquivo temporário removido.
2025-12-18 14:00:50.276 | INFO     | __main__:processar_oferta:75 - 🚫 Link não Amazon (None) ignorado.
2025-12-18 14:00:50.649 | INFO     | __main__:processar_oferta:75 - 🚫 Link não Amazon (None) ignorado.
2025-12-18 14:00:50.673 | INFO     | __main__:processar_oferta:66 - ♻️ Oferta repetida ignorada: https://www.pelando.com.br/grupos/
2025-12-18 14:00:50.797 | INFO     | __main__:processar_oferta:66 - ♻️ Oferta repetida ignorada: https://www.mercadolivre.com.br/social/promozonevip
2025-12-18 14:00:50.830 | INFO     | __main__:processar_oferta:66 - ♻️ Oferta repetida ignorada: https://www.mercadolivre.com.br/social/agenciarice
2025-12-18 14:00:52.758 | INFO     | __main__:processar_oferta:66 - ♻️ Oferta repetida ignorada: https://descontostop.com/grupo-promocoes-whatsapp-telegram-cupom-desconto/
2025-12-18 14:01:12.477 | INFO     | __main__:processar_oferta:66 - ♻️ Oferta repetida ignorada: https://www.mercadolivre.com.br/social/agenciarice
2025-12-18 14:01:46.963 | INFO     | __main__:processar_oferta:66 - ♻️ Oferta repetida ignorada: https://www.mercadolivre.com.br/social/xetdaspromocoes
2025-12-18 14:01:47.061 | INFO     | __main__:processar_oferta:66 - ♻️ Oferta repetida ignorada: https://www.mercadolivre.com.br/social/mesprom
2025-12-18 14:02:51.929 | INFO     | __main__:processar_oferta:75 - 🚫 Link não Amazon (None) ignorado.
2025-12-18 14:02:52.037 | INFO     | __main__:processar_oferta:66 - ♻️ Oferta repetida ignorada: https://www.mercadolivre.com.br/social/agenciarice
2025-12-18 14:02:53.550 | INFO     | __main__:processar_oferta:66 - ♻️ Oferta repetida ignorada: https://descontostop.com/grupo-promocoes-whatsapp-telegram-cupom-desconto/
2025-12-18 14:03:51.660 | INFO     | __main__:processar_oferta:66 - ♻️ Oferta repetida ignorada: https://www.amazon.com.br/dp/B0779BRVVS
2025-12-18 14:03:52.023 | INFO     | __main__:processar_oferta:66 - ♻️ Oferta repetida ignorada: https://www.mercadolivre.com.br/social/agenciarice
2025-12-18 14:03:52.578 | INFO     | __main__:processar_oferta:66 - ♻️ Oferta repetida ignorada: https://r.amzlink.to/
2025-12-18 14:03:56.321 | INFO     | __main__:processar_oferta:75 - 🚫 Link não Amazon (None) ignorado.
2025-12-18 14:04:32.402 | INFO     | __main__:processar_oferta:66 - ♻️ Oferta repetida ignorada: https://r.amzlink.to/
2025-12-18 14:04:51.691 | INFO     | __main__:processar_oferta:75 - 🚫 Link não Amazon (None) ignorado.
2025-12-18 14:04:51.768 | INFO     | __main__:processar_oferta:66 - ♻️ Oferta repetida ignorada: https://www.mercadolivre.com.br/social/promotop
2025-12-18 14:04:52.002 | INFO     | __main__:processar_oferta:75 - 🚫 Link não Amazon (MERCADO LIVRE) ignorado.
2025-12-18 14:04:53.021 | INFO     | __main__:processar_oferta:66 - ♻️ Oferta repetida ignorada: https://descontostop.com/grupo-promocoes-whatsapp-telegram-cupom-desconto/
2025-12-18 14:05:02.479 | INFO     | __main__:processar_oferta:75 - 🚫 Link não Amazon (None) ignorado.
2025-12-18 14:05:28.809 | INFO     | __main__:processar_oferta:78 - 🔎 Processando: AMAZON | Modo: 🤖 AUTO
2025-12-18 14:05:29.369 | INFO     | __main__:processar_oferta:88 - 📸 Baixando imagem do Telegram...
2025-12-18 14:05:31.770 | SUCCESS  | __main__:processar_oferta:96 - 📱 Oferta AMAZON enviada direto para o WhatsApp!
2025-12-18 14:05:33.286 | INFO     | __main__:processar_oferta:106 - 🧹 Arquivo temporário removido.
2025-12-18 14:05:52.246 | INFO     | __main__:processar_oferta:66 - ♻️ Oferta repetida ignorada: https://www.mercadolivre.com.br/social/agenciarice
2025-12-18 14:05:52.259 | INFO     | __main__:processar_oferta:66 - ♻️ Oferta repetida ignorada: https://www.mercadolivre.com.br/social/mesprom
2025-12-18 14:06:51.851 | INFO     | __main__:processar_oferta:78 - 🔎 Processando: AMAZON | Modo: 🤖 AUTO
2025-12-18 14:06:52.265 | INFO     | __main__:processar_oferta:88 - 📸 Baixando imagem do Telegram...
2025-12-18 14:06:54.479 | SUCCESS  | __main__:processar_oferta:96 - 📱 Oferta AMAZON enviada direto para o WhatsApp!
2025-12-18 14:06:55.995 | INFO     | __main__:processar_oferta:106 - 🧹 Arquivo temporário removido.
2025-12-18 14:07:51.956 | INFO     | __main__:processar_oferta:66 - ♻️ Oferta repetida ignorada: https://www.mercadolivre.com.br/social/xetdaspromocoes
2025-12-18 14:07:51.964 | INFO     | __main__:processar_oferta:75 - 🚫 Link não Amazon (None) ignorado.
2025-12-18 14:07:52.031 | INFO     | __main__:processar_oferta:66 - ♻️ Oferta repetida ignorada: https://www.mercadolivre.com.br/social/agenciarice
2025-12-18 14:07:53.929 | INFO     | __main__:processar_oferta:66 - ♻️ Oferta repetida ignorada: https://descontostop.com/grupo-promocoes-whatsapp-telegram-cupom-desconto/
2025-12-18 14:09:51.883 | INFO     | __main__:processar_oferta:66 - ♻️ Oferta repetida ignorada: https://www.mercadolivre.com.br/social/agenciarice
2025-12-18 14:09:52.062 | INFO     | __main__:processar_oferta:66 - ♻️ Oferta repetida ignorada: https://www.mercadolivre.com.br/social/xetdaspromocoes
2025-12-18 14:09:53.382 | INFO     | __main__:processar_oferta:66 - ♻️ Oferta repetida ignorada: https://www.amazon.com.br/dp/B0DR3BLGF5
2025-12-18 14:10:52.067 | INFO     | __main__:processar_oferta:66 - ♻️ Oferta repetida ignorada: https://www.mercadolivre.com.br/social/promozonevip
2025-12-19 06:38:44.050 | INFO     | __main__:<module>:20 - 🐭 INICIANDO O RATO GARIMPEIRO ENTERPRISE (Modo AMAZON/WHATSAPP)...
2025-12-19 06:38:44.373 | SUCCESS  | __main__:<module>:26 - ✅ Sistemas Core iniciados!
2025-12-19 06:38:44.374 | SUCCESS  | __main__:<module>:38 - 🐦 Twitter/X Conectado com sucesso!
2025-12-19 06:38:45.417 | INFO     | __main__:main:121 - 👀 Validando canais fonte...
2025-12-19 06:38:45.698 | SUCCESS  | __main__:main:131 - ✅ Monitoramento iniciado com 21 canais.
