2025-12-17 06:43:38.496 | INFO     | __main__:<module>:20 - 🐭 INICIANDO O RATO GARIMPEIRO ENTERPRISE (Modo AMAZON/WHATSAPP)...
2025-12-17 06:43:38.894 | SUCCESS  | __main__:<module>:26 - ✅ Sistemas Core iniciados!
2025-12-17 06:43:38.894 | SUCCESS  | __main__:<module>:38 - 🐦 Twitter/X Conectado com sucesso!
2025-12-17 06:43:39.853 | INFO     | __main__:main:127 - 👀 Validando canais fonte (Este passo pode demorar alguns segundos)...
2025-12-17 06:43:40.356 | ERROR    | __main__:resolve_safe_channels:58 - ❌ Canal inválido ou não existente: @tecdicas -> IGNORADO.
2025-12-17 06:43:40.723 | ERROR    | __main__:resolve_safe_channels:58 - ❌ Canal inválido ou não existente: @ofertasdevideo -> IGNORADO.
2025-12-17 06:43:40.888 | ERROR    | __main__:resolve_safe_channels:58 - ❌ Canal inválido ou não existente: @ofertasparacasa -> IGNORADO.
2025-12-17 06:43:41.030 | ERROR    | __main__:resolve_safe_channels:58 - ❌ Canal inválido ou não existente: @livrosepromocao -> IGNORADO.
2025-12-17 06:43:41.031 | SUCCESS  | __main__:main:137 - ✅ Monitoramento iniciado com 21 canais válidos.
2025-12-17 07:00:41.158 | INFO     | __main__:processar_oferta:83 - 🚫 Link não Amazon (MERCADO LIVRE) ignorado: https://www.mercadolivre.com.br/social/promozonevip
2025-12-17 07:10:41.019 | INFO     | __main__:processar_oferta:73 - ♻️ Oferta repetida ignorada: https://www.mercadolivre.com.br/social/promozonevip
2025-12-17 07:13:40.698 | INFO     | __main__:processar_oferta:86 - 🔎 Processando: AMAZON | Modo: 🤖 AUTO
2025-12-17 07:13:41.748 | ERROR    | src.infrastructure.whatsapp_client:enviar_oferta:34 - ❌ Falha ao enviar WhatsApp (401): {"code":401,"message":"Invalid token.","data":{}}

2025-12-17 07:13:41.748 | ERROR    | __main__:processar_oferta:104 - ❌ Falha no envio da oferta Amazon via WhatsApp. Enviando backup para o Telegram 'me'.
2025-12-17 07:13:42.499 | SUCCESS  | __main__:processar_oferta:117 - 🐦 Postado no X (1/15)
2025-12-17 07:15:41.272 | INFO     | __main__:processar_oferta:73 - ♻️ Oferta repetida ignorada: https://www.mercadolivre.com.br/social/promozonevip
2025-12-17 07:22:41.318 | INFO     | __main__:processar_oferta:86 - 🔎 Processando: AMAZON | Modo: 🤖 AUTO
2025-12-17 07:22:42.288 | ERROR    | src.infrastructure.whatsapp_client:enviar_oferta:34 - ❌ Falha ao enviar WhatsApp (401): {"code":401,"message":"Invalid token.","data":{}}

2025-12-17 07:22:42.288 | ERROR    | __main__:processar_oferta:104 - ❌ Falha no envio da oferta Amazon via WhatsApp. Enviando backup para o Telegram 'me'.
2025-12-17 07:22:42.471 | ERROR    | __main__:processar_oferta:119 - ❌ Erro ao postar no Twitter: ('Connection aborted.', ConnectionResetError(10054, 'Foi forçado o cancelamento de uma conexão existente pelo host remoto', None, 10054, None))
2025-12-17 07:22:44.986 | INFO     | __main__:processar_oferta:83 - 🚫 Link não Amazon (None) ignorado: https://chat.whatsapp.com/H7WuUyHoFo632jZusMQtko
2025-12-17 07:27:43.333 | INFO     | __main__:processar_oferta:86 - 🔎 Processando: AMAZON | Modo: 🤖 AUTO
2025-12-17 07:27:44.433 | ERROR    | src.infrastructure.whatsapp_client:enviar_oferta:34 - ❌ Falha ao enviar WhatsApp (401): {"code":401,"message":"Invalid token.","data":{}}

2025-12-17 07:27:44.434 | ERROR    | __main__:processar_oferta:104 - ❌ Falha no envio da oferta Amazon via WhatsApp. Enviando backup para o Telegram 'me'.
2025-12-17 07:27:45.212 | SUCCESS  | __main__:processar_oferta:117 - 🐦 Postado no X (2/15)
2025-12-17 07:30:41.285 | INFO     | __main__:processar_oferta:73 - ♻️ Oferta repetida ignorada: https://www.mercadolivre.com.br/social/promozonevip
2025-12-17 07:31:41.480 | INFO     | __main__:processar_oferta:83 - 🚫 Link não Amazon (None) ignorado: https://reduz.me/99736216
2025-12-17 07:31:43.222 | INFO     | __main__:processar_oferta:86 - 🔎 Processando: AMAZON | Modo: 🤖 AUTO
2025-12-17 07:31:44.303 | ERROR    | src.infrastructure.whatsapp_client:enviar_oferta:34 - ❌ Falha ao enviar WhatsApp (401): {"code":401,"message":"Invalid token.","data":{}}

2025-12-17 07:31:44.303 | ERROR    | __main__:processar_oferta:104 - ❌ Falha no envio da oferta Amazon via WhatsApp. Enviando backup para o Telegram 'me'.
2025-12-17 07:31:44.471 | ERROR    | __main__:processar_oferta:119 - ❌ Erro ao postar no Twitter: ('Connection aborted.', ConnectionResetError(10054, 'Foi forçado o cancelamento de uma conexão existente pelo host remoto', None, 10054, None))
2025-12-17 07:36:41.638 | INFO     | __main__:processar_oferta:86 - 🔎 Processando: AMAZON | Modo: 🤖 AUTO
2025-12-17 07:36:42.788 | ERROR    | src.infrastructure.whatsapp_client:enviar_oferta:34 - ❌ Falha ao enviar WhatsApp (401): {"code":401,"message":"Invalid token.","data":{}}

2025-12-17 07:36:42.788 | ERROR    | __main__:processar_oferta:104 - ❌ Falha no envio da oferta Amazon via WhatsApp. Enviando backup para o Telegram 'me'.
2025-12-17 07:36:43.524 | SUCCESS  | __main__:processar_oferta:117 - 🐦 Postado no X (3/15)
2025-12-17 07:36:43.530 | INFO     | __main__:processar_oferta:86 - 🔎 Processando: AMAZON | Modo: 🤖 AUTO
2025-12-17 07:36:44.392 | ERROR    | src.infrastructure.whatsapp_client:enviar_oferta:34 - ❌ Falha ao enviar WhatsApp (401): {"code":401,"message":"Invalid token.","data":{}}

2025-12-17 07:36:44.392 | ERROR    | __main__:processar_oferta:104 - ❌ Falha no envio da oferta Amazon via WhatsApp. Enviando backup para o Telegram 'me'.
2025-12-17 07:36:44.828 | SUCCESS  | __main__:processar_oferta:117 - 🐦 Postado no X (4/15)
2025-12-17 07:36:46.088 | INFO     | __main__:processar_oferta:73 - ♻️ Oferta repetida ignorada: https://chat.whatsapp.com/H7WuUyHoFo632jZusMQtko
2025-12-17 07:37:41.559 | INFO     | __main__:processar_oferta:86 - 🔎 Processando: AMAZON | Modo: 🤖 AUTO
2025-12-17 07:37:41.869 | INFO     | __main__:processar_oferta:86 - 🔎 Processando: AMAZON | Modo: 🤖 AUTO
2025-12-17 07:37:42.651 | ERROR    | src.infrastructure.whatsapp_client:enviar_oferta:34 - ❌ Falha ao enviar WhatsApp (401): {"code":401,"message":"Invalid token.","data":{}}

2025-12-17 07:37:42.652 | ERROR    | __main__:processar_oferta:104 - ❌ Falha no envio da oferta Amazon via WhatsApp. Enviando backup para o Telegram 'me'.
2025-12-17 07:37:42.737 | ERROR    | src.infrastructure.whatsapp_client:enviar_oferta:34 - ❌ Falha ao enviar WhatsApp (401): {"code":401,"message":"Invalid token.","data":{}}

2025-12-17 07:37:42.738 | ERROR    | __main__:processar_oferta:104 - ❌ Falha no envio da oferta Amazon via WhatsApp. Enviando backup para o Telegram 'me'.
2025-12-17 07:37:43.083 | SUCCESS  | __main__:processar_oferta:117 - 🐦 Postado no X (5/15)
2025-12-17 07:37:43.368 | SUCCESS  | __main__:processar_oferta:117 - 🐦 Postado no X (6/15)
2025-12-17 07:41:43.184 | INFO     | __main__:processar_oferta:86 - 🔎 Processando: AMAZON | Modo: 🤖 AUTO
2025-12-17 07:41:44.097 | ERROR    | src.infrastructure.whatsapp_client:enviar_oferta:34 - ❌ Falha ao enviar WhatsApp (401): {"code":401,"message":"Invalid token.","data":{}}

2025-12-17 07:41:44.098 | ERROR    | __main__:processar_oferta:104 - ❌ Falha no envio da oferta Amazon via WhatsApp. Enviando backup para o Telegram 'me'.
2025-12-17 07:41:44.263 | ERROR    | __main__:processar_oferta:119 - ❌ Erro ao postar no Twitter: ('Connection aborted.', ConnectionResetError(10054, 'Foi forçado o cancelamento de uma conexão existente pelo host remoto', None, 10054, None))
2025-12-17 07:45:29.695 | INFO     | __main__:processar_oferta:86 - 🔎 Processando: AMAZON | Modo: 🤖 AUTO
2025-12-17 07:45:30.526 | ERROR    | src.infrastructure.whatsapp_client:enviar_oferta:34 - ❌ Falha ao enviar WhatsApp (401): {"code":401,"message":"Invalid token.","data":{}}

2025-12-17 07:45:30.527 | ERROR    | __main__:processar_oferta:104 - ❌ Falha no envio da oferta Amazon via WhatsApp. Enviando backup para o Telegram 'me'.
2025-12-17 07:45:31.269 | SUCCESS  | __main__:processar_oferta:117 - 🐦 Postado no X (7/15)
2025-12-17 07:51:41.744 | INFO     | __main__:processar_oferta:86 - 🔎 Processando: AMAZON | Modo: 🤖 AUTO
2025-12-17 07:51:42.703 | ERROR    | src.infrastructure.whatsapp_client:enviar_oferta:34 - ❌ Falha ao enviar WhatsApp (401): {"code":401,"message":"Invalid token.","data":{}}

2025-12-17 07:51:42.704 | ERROR    | __main__:processar_oferta:104 - ❌ Falha no envio da oferta Amazon via WhatsApp. Enviando backup para o Telegram 'me'.
2025-12-17 07:51:42.888 | ERROR    | __main__:processar_oferta:119 - ❌ Erro ao postar no Twitter: ('Connection aborted.', ConnectionResetError(10054, 'Foi forçado o cancelamento de uma conexão existente pelo host remoto', None, 10054, None))
2025-12-17 07:55:41.977 | INFO     | __main__:processar_oferta:83 - 🚫 Link não Amazon (None) ignorado: https://reduz.me/36817272
2025-12-17 07:55:42.107 | INFO     | __main__:processar_oferta:86 - 🔎 Processando: AMAZON | Modo: 🤖 AUTO
2025-12-17 07:55:42.983 | ERROR    | src.infrastructure.whatsapp_client:enviar_oferta:34 - ❌ Falha ao enviar WhatsApp (401): {"code":401,"message":"Invalid token.","data":{}}

2025-12-17 07:55:42.984 | ERROR    | __main__:processar_oferta:104 - ❌ Falha no envio da oferta Amazon via WhatsApp. Enviando backup para o Telegram 'me'.
2025-12-17 07:55:43.700 | SUCCESS  | __main__:processar_oferta:117 - 🐦 Postado no X (8/15)
2025-12-17 07:56:42.126 | INFO     | __main__:processar_oferta:86 - 🔎 Processando: AMAZON | Modo: 🤖 AUTO
2025-12-17 07:56:43.035 | ERROR    | src.infrastructure.whatsapp_client:enviar_oferta:34 - ❌ Falha ao enviar WhatsApp (401): {"code":401,"message":"Invalid token.","data":{}}

2025-12-17 07:56:43.036 | ERROR    | __main__:processar_oferta:104 - ❌ Falha no envio da oferta Amazon via WhatsApp. Enviando backup para o Telegram 'me'.
2025-12-17 07:56:43.531 | SUCCESS  | __main__:processar_oferta:117 - 🐦 Postado no X (9/15)
2025-12-17 07:59:43.693 | INFO     | __main__:processar_oferta:86 - 🔎 Processando: AMAZON | Modo: 🤖 AUTO
2025-12-17 07:59:44.588 | ERROR    | src.infrastructure.whatsapp_client:enviar_oferta:34 - ❌ Falha ao enviar WhatsApp (401): {"code":401,"message":"Invalid token.","data":{}}

2025-12-17 07:59:44.589 | ERROR    | __main__:processar_oferta:104 - ❌ Falha no envio da oferta Amazon via WhatsApp. Enviando backup para o Telegram 'me'.
2025-12-17 07:59:44.768 | ERROR    | __main__:processar_oferta:119 - ❌ Erro ao postar no Twitter: ('Connection aborted.', ConnectionResetError(10054, 'Foi forçado o cancelamento de uma conexão existente pelo host remoto', None, 10054, None))
2025-12-17 08:00:41.958 | INFO     | __main__:processar_oferta:73 - ♻️ Oferta repetida ignorada: https://www.mercadolivre.com.br/social/promozonevip
2025-12-17 08:00:43.876 | INFO     | __main__:processar_oferta:86 - 🔎 Processando: AMAZON | Modo: 🤖 AUTO
2025-12-17 08:00:44.768 | ERROR    | src.infrastructure.whatsapp_client:enviar_oferta:34 - ❌ Falha ao enviar WhatsApp (401): {"code":401,"message":"Invalid token.","data":{}}

2025-12-17 08:00:44.769 | ERROR    | __main__:processar_oferta:104 - ❌ Falha no envio da oferta Amazon via WhatsApp. Enviando backup para o Telegram 'me'.
2025-12-17 08:00:45.482 | SUCCESS  | __main__:processar_oferta:117 - 🐦 Postado no X (10/15)
2025-12-17 08:03:43.663 | INFO     | __main__:processar_oferta:86 - 🔎 Processando: AMAZON | Modo: 🤖 AUTO
2025-12-17 08:03:44.610 | ERROR    | src.infrastructure.whatsapp_client:enviar_oferta:34 - ❌ Falha ao enviar WhatsApp (401): {"code":401,"message":"Invalid token.","data":{}}

2025-12-17 08:03:44.610 | ERROR    | __main__:processar_oferta:104 - ❌ Falha no envio da oferta Amazon via WhatsApp. Enviando backup para o Telegram 'me'.
2025-12-17 08:03:44.779 | ERROR    | __main__:processar_oferta:119 - ❌ Erro ao postar no Twitter: ('Connection aborted.', ConnectionResetError(10054, 'Foi forçado o cancelamento de uma conexão existente pelo host remoto', None, 10054, None))
2025-12-17 08:07:42.349 | INFO     | __main__:processar_oferta:86 - 🔎 Processando: AMAZON | Modo: 🤖 AUTO
2025-12-17 08:07:43.258 | ERROR    | src.infrastructure.whatsapp_client:enviar_oferta:34 - ❌ Falha ao enviar WhatsApp (401): {"code":401,"message":"Invalid token.","data":{}}

2025-12-17 08:07:43.259 | ERROR    | __main__:processar_oferta:104 - ❌ Falha no envio da oferta Amazon via WhatsApp. Enviando backup para o Telegram 'me'.
2025-12-17 08:07:44.029 | SUCCESS  | __main__:processar_oferta:117 - 🐦 Postado no X (11/15)
2025-12-17 08:07:51.037 | INFO     | __main__:processar_oferta:86 - 🔎 Processando: AMAZON | Modo: 🤖 AUTO
2025-12-17 08:07:52.259 | ERROR    | src.infrastructure.whatsapp_client:enviar_oferta:34 - ❌ Falha ao enviar WhatsApp (401): {"code":401,"message":"Invalid token.","data":{}}

2025-12-17 08:07:52.259 | ERROR    | __main__:processar_oferta:104 - ❌ Falha no envio da oferta Amazon via WhatsApp. Enviando backup para o Telegram 'me'.
2025-12-17 08:07:52.690 | SUCCESS  | __main__:processar_oferta:117 - 🐦 Postado no X (12/15)
2025-12-17 08:08:42.413 | INFO     | __main__:processar_oferta:83 - 🚫 Link não Amazon (None) ignorado: https://r.amzlink.to/
2025-12-17 08:10:43.917 | INFO     | __main__:processar_oferta:86 - 🔎 Processando: AMAZON | Modo: 🤖 AUTO
2025-12-17 08:10:44.822 | ERROR    | src.infrastructure.whatsapp_client:enviar_oferta:34 - ❌ Falha ao enviar WhatsApp (401): {"code":401,"message":"Invalid token.","data":{}}

2025-12-17 08:10:44.822 | ERROR    | __main__:processar_oferta:104 - ❌ Falha no envio da oferta Amazon via WhatsApp. Enviando backup para o Telegram 'me'.
2025-12-17 08:10:44.991 | ERROR    | __main__:processar_oferta:119 - ❌ Erro ao postar no Twitter: ('Connection aborted.', ConnectionResetError(10054, 'Foi forçado o cancelamento de uma conexão existente pelo host remoto', None, 10054, None))
2025-12-17 08:11:44.999 | INFO     | __main__:processar_oferta:86 - 🔎 Processando: AMAZON | Modo: 🤖 AUTO
2025-12-17 08:11:45.929 | ERROR    | src.infrastructure.whatsapp_client:enviar_oferta:34 - ❌ Falha ao enviar WhatsApp (401): {"code":401,"message":"Invalid token.","data":{}}

2025-12-17 08:11:45.930 | ERROR    | __main__:processar_oferta:104 - ❌ Falha no envio da oferta Amazon via WhatsApp. Enviando backup para o Telegram 'me'.
2025-12-17 08:11:46.660 | SUCCESS  | __main__:processar_oferta:117 - 🐦 Postado no X (13/15)
2025-12-17 08:13:41.624 | INFO     | __main__:processar_oferta:86 - 🔎 Processando: AMAZON | Modo: 🤖 AUTO
2025-12-17 08:13:42.764 | ERROR    | src.infrastructure.whatsapp_client:enviar_oferta:34 - ❌ Falha ao enviar WhatsApp (401): {"code":401,"message":"Invalid token.","data":{}}

2025-12-17 08:13:42.765 | ERROR    | __main__:processar_oferta:104 - ❌ Falha no envio da oferta Amazon via WhatsApp. Enviando backup para o Telegram 'me'.
2025-12-17 08:13:43.207 | SUCCESS  | __main__:processar_oferta:117 - 🐦 Postado no X (14/15)
2025-12-17 08:15:42.521 | INFO     | __main__:processar_oferta:73 - ♻️ Oferta repetida ignorada: https://www.mercadolivre.com.br/social/promozonevip
2025-12-17 08:16:44.154 | INFO     | __main__:processar_oferta:86 - 🔎 Processando: AMAZON | Modo: 🤖 AUTO
2025-12-17 08:16:45.071 | ERROR    | src.infrastructure.whatsapp_client:enviar_oferta:34 - ❌ Falha ao enviar WhatsApp (401): {"code":401,"message":"Invalid token.","data":{}}

2025-12-17 08:16:45.071 | ERROR    | __main__:processar_oferta:104 - ❌ Falha no envio da oferta Amazon via WhatsApp. Enviando backup para o Telegram 'me'.
2025-12-17 08:16:45.239 | ERROR    | __main__:processar_oferta:119 - ❌ Erro ao postar no Twitter: ('Connection aborted.', ConnectionResetError(10054, 'Foi forçado o cancelamento de uma conexão existente pelo host remoto', None, 10054, None))
2025-12-17 08:17:12.230 | INFO     | __main__:processar_oferta:86 - 🔎 Processando: AMAZON | Modo: 🤖 AUTO
2025-12-17 08:17:13.069 | ERROR    | src.infrastructure.whatsapp_client:enviar_oferta:34 - ❌ Falha ao enviar WhatsApp (401): {"code":401,"message":"Invalid token.","data":{}}

2025-12-17 08:17:13.069 | ERROR    | __main__:processar_oferta:104 - ❌ Falha no envio da oferta Amazon via WhatsApp. Enviando backup para o Telegram 'me'.
2025-12-17 08:17:13.839 | SUCCESS  | __main__:processar_oferta:117 - 🐦 Postado no X (15/15)
2025-12-17 08:20:42.755 | INFO     | __main__:processar_oferta:86 - 🔎 Processando: AMAZON | Modo: 🤖 AUTO
2025-12-17 08:20:43.611 | ERROR    | src.infrastructure.whatsapp_client:enviar_oferta:34 - ❌ Falha ao enviar WhatsApp (401): {"code":401,"message":"Invalid token.","data":{}}

2025-12-17 08:20:43.611 | ERROR    | __main__:processar_oferta:104 - ❌ Falha no envio da oferta Amazon via WhatsApp. Enviando backup para o Telegram 'me'.
2025-12-17 08:21:42.917 | INFO     | __main__:processar_oferta:83 - 🚫 Link não Amazon (None) ignorado: https://validate.perfdrive.com/ca4df1c7abf7ea2cc50ab30bdf7ed2bb/
2025-12-17 08:24:43.242 | INFO     | __main__:processar_oferta:73 - ♻️ Oferta repetida ignorada: https://validate.perfdrive.com/ca4df1c7abf7ea2cc50ab30bdf7ed2bb/
2025-12-17 08:25:42.846 | INFO     | __main__:processar_oferta:73 - ♻️ Oferta repetida ignorada: https://www.amazon.com.br/Refrigerante-Pepsi-Zero-350Ml-Unidades/dp/B0954R6FNH
2025-12-17 08:25:44.929 | INFO     | __main__:processar_oferta:73 - ♻️ Oferta repetida ignorada: https://www.amazon.com.br/dp/B07L5VS2HJ
2025-12-17 08:25:45.407 | INFO     | __main__:processar_oferta:73 - ♻️ Oferta repetida ignorada: https://chat.whatsapp.com/H7WuUyHoFo632jZusMQtko
2025-12-17 08:26:44.559 | INFO     | __main__:processar_oferta:86 - 🔎 Processando: AMAZON | Modo: 🤖 AUTO
2025-12-17 08:26:44.822 | INFO     | __main__:processar_oferta:86 - 🔎 Processando: AMAZON | Modo: 🤖 AUTO
2025-12-17 08:26:45.726 | ERROR    | src.infrastructure.whatsapp_client:enviar_oferta:34 - ❌ Falha ao enviar WhatsApp (401): {"code":401,"message":"Invalid token.","data":{}}

2025-12-17 08:26:45.726 | ERROR    | __main__:processar_oferta:104 - ❌ Falha no envio da oferta Amazon via WhatsApp. Enviando backup para o Telegram 'me'.
2025-12-17 08:26:45.729 | ERROR    | src.infrastructure.whatsapp_client:enviar_oferta:34 - ❌ Falha ao enviar WhatsApp (401): {"code":401,"message":"Invalid token.","data":{}}

2025-12-17 08:26:45.730 | ERROR    | __main__:processar_oferta:104 - ❌ Falha no envio da oferta Amazon via WhatsApp. Enviando backup para o Telegram 'me'.
2025-12-17 08:27:14.459 | INFO     | __main__:processar_oferta:73 - ♻️ Oferta repetida ignorada: https://www.amazon.com.br/dp/B0C7DLXV6Q
2025-12-17 08:27:16.917 | INFO     | __main__:processar_oferta:73 - ♻️ Oferta repetida ignorada: https://chat.whatsapp.com/H7WuUyHoFo632jZusMQtko
2025-12-17 08:30:42.979 | INFO     | __main__:processar_oferta:73 - ♻️ Oferta repetida ignorada: https://www.mercadolivre.com.br/social/promozonevip
2025-12-17 08:32:42.836 | INFO     | __main__:processar_oferta:86 - 🔎 Processando: AMAZON | Modo: 🤖 AUTO
2025-12-17 08:32:43.950 | ERROR    | src.infrastructure.whatsapp_client:enviar_oferta:34 - ❌ Falha ao enviar WhatsApp (401): {"code":401,"message":"Invalid token.","data":{}}

2025-12-17 08:32:43.950 | ERROR    | __main__:processar_oferta:104 - ❌ Falha no envio da oferta Amazon via WhatsApp. Enviando backup para o Telegram 'me'.
2025-12-17 08:35:43.038 | INFO     | __main__:processar_oferta:73 - ♻️ Oferta repetida ignorada: https://www.mercadolivre.com.br/social/promozonevip
2025-12-17 08:39:26.781 | INFO     | __main__:processar_oferta:86 - 🔎 Processando: AMAZON | Modo: 🤖 AUTO
2025-12-17 08:39:27.715 | ERROR    | src.infrastructure.whatsapp_client:enviar_oferta:34 - ❌ Falha ao enviar WhatsApp (401): {"code":401,"message":"Invalid token.","data":{}}

2025-12-17 08:39:27.716 | ERROR    | __main__:processar_oferta:104 - ❌ Falha no envio da oferta Amazon via WhatsApp. Enviando backup para o Telegram 'me'.
2025-12-17 08:40:22.796 | INFO     | __main__:processar_oferta:83 - 🚫 Link não Amazon (None) ignorado: https://www.pelando.com.br/d/smart-tv-lg-50-4k-nanocell-alexa-webos-25-460b
2025-12-17 08:40:23.218 | INFO     | __main__:processar_oferta:83 - 🚫 Link não Amazon (None) ignorado: https://www.pelando.com.br/grupos/
2025-12-17 08:41:43.731 | INFO     | __main__:processar_oferta:83 - 🚫 Link não Amazon (None) ignorado: https://best.aliexpress.com/
2025-12-17 08:41:44.591 | INFO     | __main__:processar_oferta:73 - ♻️ Oferta repetida ignorada: https://best.aliexpress.com/
2025-12-17 08:41:44.827 | INFO     | __main__:processar_oferta:86 - 🔎 Processando: AMAZON | Modo: 🤖 AUTO
2025-12-17 08:41:45.736 | ERROR    | src.infrastructure.whatsapp_client:enviar_oferta:34 - ❌ Falha ao enviar WhatsApp (401): {"code":401,"message":"Invalid token.","data":{}}

2025-12-17 08:41:45.737 | ERROR    | __main__:processar_oferta:104 - ❌ Falha no envio da oferta Amazon via WhatsApp. Enviando backup para o Telegram 'me'.
2025-12-17 08:43:42.928 | INFO     | __main__:processar_oferta:83 - 🚫 Link não Amazon (None) ignorado: https://star.aliexpress.com/share/share.htm
2025-12-17 08:43:45.406 | INFO     | __main__:processar_oferta:83 - 🚫 Link não Amazon (None) ignorado: https://pt.aliexpress.com/item/1005010266181724.html
2025-12-17 08:45:43.223 | INFO     | __main__:processar_oferta:73 - ♻️ Oferta repetida ignorada: https://www.mercadolivre.com.br/social/promozonevip
2025-12-17 08:45:44.777 | INFO     | __main__:processar_oferta:86 - 🔎 Processando: AMAZON | Modo: 🤖 AUTO
2025-12-17 08:45:45.717 | ERROR    | src.infrastructure.whatsapp_client:enviar_oferta:34 - ❌ Falha ao enviar WhatsApp (401): {"code":401,"message":"Invalid token.","data":{}}

2025-12-17 08:45:45.717 | ERROR    | __main__:processar_oferta:104 - ❌ Falha no envio da oferta Amazon via WhatsApp. Enviando backup para o Telegram 'me'.
2025-12-17 08:48:25.167 | INFO     | __main__:processar_oferta:83 - 🚫 Link não Amazon (MERCADO LIVRE) ignorado: https://www.mercadolivre.com.br/social/ro20251028090844
2025-12-17 08:49:45.174 | INFO     | __main__:processar_oferta:86 - 🔎 Processando: AMAZON | Modo: 🤖 AUTO
2025-12-17 08:49:46.080 | ERROR    | src.infrastructure.whatsapp_client:enviar_oferta:34 - ❌ Falha ao enviar WhatsApp (401): {"code":401,"message":"Invalid token.","data":{}}

2025-12-17 08:49:46.081 | ERROR    | __main__:processar_oferta:104 - ❌ Falha no envio da oferta Amazon via WhatsApp. Enviando backup para o Telegram 'me'.
2025-12-17 08:49:47.081 | INFO     | __main__:processar_oferta:83 - 🚫 Link não Amazon (MERCADO LIVRE) ignorado: https://www.mercadolivre.com.br/social/pq20251002095509
2025-12-17 08:49:49.245 | INFO     | __main__:processar_oferta:73 - ♻️ Oferta repetida ignorada: https://chat.whatsapp.com/H7WuUyHoFo632jZusMQtko
2025-12-17 08:50:43.375 | INFO     | __main__:processar_oferta:86 - 🔎 Processando: AMAZON | Modo: 🤖 AUTO
2025-12-17 08:50:44.456 | ERROR    | src.infrastructure.whatsapp_client:enviar_oferta:34 - ❌ Falha ao enviar WhatsApp (401): {"code":401,"message":"Invalid token.","data":{}}

2025-12-17 08:50:44.457 | ERROR    | __main__:processar_oferta:104 - ❌ Falha no envio da oferta Amazon via WhatsApp. Enviando backup para o Telegram 'me'.
2025-12-17 08:55:42.980 | INFO     | __main__:processar_oferta:83 - 🚫 Link não Amazon (MERCADO LIVRE) ignorado: https://www.mercadolivre.com.br/social/xetdaspromocoes/lists/79c9d38b-3316-4d89-aefc-04fc724a70e1
2025-12-17 08:55:43.007 | INFO     | __main__:processar_oferta:83 - 🚫 Link não Amazon (MERCADO LIVRE) ignorado: https://www.mercadolivre.com.br/social/promotom
2025-12-17 08:55:43.070 | INFO     | __main__:processar_oferta:73 - ♻️ Oferta repetida ignorada: https://www.mercadolivre.com.br/social/promozonevip
2025-12-17 08:58:42.023 | INFO     | __main__:processar_oferta:73 - ♻️ Oferta repetida ignorada: https://www.mercadolivre.com.br/social/xetdaspromocoes
2025-12-17 08:58:44.632 | INFO     | __main__:processar_oferta:86 - 🔎 Processando: AMAZON | Modo: 🤖 AUTO
2025-12-17 08:58:45.943 | ERROR    | src.infrastructure.whatsapp_client:enviar_oferta:34 - ❌ Falha ao enviar WhatsApp (401): {"code":401,"message":"Invalid token.","data":{}}

2025-12-17 08:58:45.943 | ERROR    | __main__:processar_oferta:104 - ❌ Falha no envio da oferta Amazon via WhatsApp. Enviando backup para o Telegram 'me'.
2025-12-17 08:59:43.753 | INFO     | __main__:processar_oferta:73 - ♻️ Oferta repetida ignorada: https://www.mercadolivre.com.br/social/ro20251028090844
2025-12-17 08:59:44.210 | INFO     | __main__:processar_oferta:83 - 🚫 Link não Amazon (MERCADO LIVRE) ignorado: https://www.mercadolivre.com.br/social/promotom/lists/8f90988a-1c69-4f23-8b26-76286c3cdc87
2025-12-17 08:59:44.711 | INFO     | __main__:processar_oferta:83 - 🚫 Link não Amazon (None) ignorado: https://kabum.onelink.me/civn
2025-12-17 08:59:44.854 | INFO     | __main__:processar_oferta:73 - ♻️ Oferta repetida ignorada: https://kabum.onelink.me/civn
2025-12-17 08:59:44.855 | INFO     | __main__:processar_oferta:73 - ♻️ Oferta repetida ignorada: https://kabum.onelink.me/civn
2025-12-17 09:00:42.933 | INFO     | __main__:processar_oferta:83 - 🚫 Link não Amazon (None) ignorado: https://www.pelando.com.br/d/controle-ps5-e-para-pc-sem-fio-dualsense-sony-c2bb
2025-12-17 09:00:43.346 | INFO     | __main__:processar_oferta:73 - ♻️ Oferta repetida ignorada: https://www.pelando.com.br/grupos/
2025-12-17 09:00:43.587 | INFO     | __main__:processar_oferta:83 - 🚫 Link não Amazon (MERCADO LIVRE) ignorado: https://www.mercadolivre.com.br/social/urubupromo
2025-12-17 09:00:43.831 | INFO     | __main__:processar_oferta:83 - 🚫 Link não Amazon (None) ignorado: https://descontostop.com/promocao/mouse-compacto-e-silencioso-dell-pro-ms355
2025-12-17 09:00:43.962 | INFO     | __main__:processar_oferta:73 - ♻️ Oferta repetida ignorada: https://www.mercadolivre.com.br/social/promozonevip
2025-12-17 09:00:44.144 | INFO     | __main__:processar_oferta:83 - 🚫 Link não Amazon (MERCADO LIVRE) ignorado: https://www.mercadolivre.com.br/ofertas
2025-12-17 09:00:44.912 | INFO     | __main__:processar_oferta:73 - ♻️ Oferta repetida ignorada: https://kabum.onelink.me/civn
2025-12-17 09:00:44.922 | INFO     | __main__:processar_oferta:73 - ♻️ Oferta repetida ignorada: https://kabum.onelink.me/civn
2025-12-17 09:00:44.926 | INFO     | __main__:processar_oferta:73 - ♻️ Oferta repetida ignorada: https://kabum.onelink.me/civn
2025-12-17 09:00:44.933 | INFO     | __main__:processar_oferta:73 - ♻️ Oferta repetida ignorada: https://kabum.onelink.me/civn
2025-12-17 09:00:45.157 | INFO     | __main__:processar_oferta:83 - 🚫 Link não Amazon (None) ignorado: https://descontostop.com/grupo-promocoes-whatsapp-telegram-cupom-desconto/
2025-12-17 09:01:43.506 | INFO     | __main__:processar_oferta:83 - 🚫 Link não Amazon (MERCADO LIVRE) ignorado: https://www.mercadolivre.com.br/social/promotop/lists
2025-12-17 09:01:44.133 | INFO     | __main__:processar_oferta:73 - ♻️ Oferta repetida ignorada: https://kabum.onelink.me/civn
2025-12-17 09:01:44.283 | INFO     | __main__:processar_oferta:73 - ♻️ Oferta repetida ignorada: https://kabum.onelink.me/civn
2025-12-17 09:01:44.668 | INFO     | __main__:processar_oferta:73 - ♻️ Oferta repetida ignorada: https://kabum.onelink.me/civn
2025-12-17 09:01:44.843 | INFO     | __main__:processar_oferta:83 - 🚫 Link não Amazon (MERCADO LIVRE) ignorado: https://www.mercadolivre.com.br/monitor-lg-ultragear-24g411a-b-24fhd-144hz-1ms-mbr-nvidia-g-sync-amd-freesync-hdr10/p/MLB57489948
2025-12-17 09:01:45.979 | INFO     | __main__:processar_oferta:73 - ♻️ Oferta repetida ignorada: https://kabum.onelink.me/civn
2025-12-17 09:02:13.701 | INFO     | __main__:processar_oferta:83 - 🚫 Link não Amazon (MERCADO LIVRE) ignorado: https://www.mercadolivre.com.br/up/MLBU3670718648
2025-12-17 09:02:13.960 | INFO     | __main__:processar_oferta:83 - 🚫 Link não Amazon (MERCADO LIVRE) ignorado: https://www.mercadolivre.com.br/up/MLBU3405753704
2025-12-17 09:02:14.432 | INFO     | __main__:processar_oferta:73 - ♻️ Oferta repetida ignorada: https://kabum.onelink.me/civn
2025-12-17 09:02:15.719 | INFO     | __main__:processar_oferta:73 - ♻️ Oferta repetida ignorada: https://kabum.onelink.me/civn
2025-12-17 09:02:43.629 | INFO     | __main__:processar_oferta:83 - 🚫 Link não Amazon (None) ignorado: https://reduz.me/e5bb5e60
2025-12-17 09:02:43.691 | INFO     | __main__:processar_oferta:83 - 🚫 Link não Amazon (MERCADO LIVRE) ignorado: https://www.mercadolivre.com.br/social/mesprom/lists/01ccc7c4-2d45-47bd-a55f-0842f2334008
2025-12-17 09:02:43.753 | INFO     | __main__:processar_oferta:83 - 🚫 Link não Amazon (MERCADO LIVRE) ignorado: https://www.mercadolivre.com.br/up/MLBU3016446803
2025-12-17 09:03:06.081 | INFO     | __main__:processar_oferta:73 - ♻️ Oferta repetida ignorada: https://kabum.onelink.me/civn
2025-12-17 09:03:06.574 | INFO     | __main__:processar_oferta:73 - ♻️ Oferta repetida ignorada: https://kabum.onelink.me/civn
2025-12-17 09:03:07.410 | INFO     | __main__:processar_oferta:73 - ♻️ Oferta repetida ignorada: https://kabum.onelink.me/civn
2025-12-17 09:03:43.400 | INFO     | __main__:processar_oferta:73 - ♻️ Oferta repetida ignorada: https://www.amazon.com.br/Refrigerante-Pepsi-Zero-350Ml-Unidades/dp/B0954R6FNH
2025-12-17 09:03:44.129 | INFO     | __main__:processar_oferta:73 - ♻️ Oferta repetida ignorada: https://kabum.onelink.me/civn
2025-12-17 09:03:44.187 | INFO     | __main__:processar_oferta:73 - ♻️ Oferta repetida ignorada: https://kabum.onelink.me/civn
2025-12-17 09:04:43.681 | INFO     | __main__:processar_oferta:83 - 🚫 Link não Amazon (MERCADO LIVRE) ignorado: https://www.mercadolivre.com.br/social/pq20251002095509/lists
2025-12-17 09:04:43.817 | INFO     | __main__:processar_oferta:83 - 🚫 Link não Amazon (MERCADO LIVRE) ignorado: https://www.mercadolivre.com.br/social/agenciarice
2025-12-17 09:04:44.163 | INFO     | __main__:processar_oferta:73 - ♻️ Oferta repetida ignorada: https://kabum.onelink.me/civn
2025-12-17 09:04:44.176 | INFO     | __main__:processar_oferta:73 - ♻️ Oferta repetida ignorada: https://kabum.onelink.me/civn
2025-12-17 09:04:44.374 | INFO     | __main__:processar_oferta:73 - ♻️ Oferta repetida ignorada: https://kabum.onelink.me/civn
2025-12-17 09:04:45.886 | INFO     | __main__:processar_oferta:73 - ♻️ Oferta repetida ignorada: https://kabum.onelink.me/civn
2025-12-17 09:04:47.352 | INFO     | __main__:processar_oferta:73 - ♻️ Oferta repetida ignorada: https://kabum.onelink.me/civn
2025-12-17 09:04:48.879 | INFO     | __main__:processar_oferta:73 - ♻️ Oferta repetida ignorada: https://kabum.onelink.me/civn
2025-12-17 09:05:43.334 | INFO     | __main__:processar_oferta:86 - 🔎 Processando: AMAZON | Modo: 🤖 AUTO
2025-12-17 09:05:44.159 | INFO     | __main__:processar_oferta:73 - ♻️ Oferta repetida ignorada: https://kabum.onelink.me/civn
2025-12-17 09:05:44.246 | INFO     | __main__:processar_oferta:73 - ♻️ Oferta repetida ignorada: https://kabum.onelink.me/civn
2025-12-17 09:05:44.348 | INFO     | __main__:processar_oferta:73 - ♻️ Oferta repetida ignorada: https://kabum.onelink.me/civn
2025-12-17 09:05:44.435 | INFO     | __main__:processar_oferta:73 - ♻️ Oferta repetida ignorada: https://kabum.onelink.me/civn
2025-12-17 09:05:44.511 | ERROR    | src.infrastructure.whatsapp_client:enviar_oferta:34 - ❌ Falha ao enviar WhatsApp (401): {"code":401,"message":"Invalid token.","data":{}}

2025-12-17 09:05:44.512 | ERROR    | __main__:processar_oferta:104 - ❌ Falha no envio da oferta Amazon via WhatsApp. Enviando backup para o Telegram 'me'.
2025-12-17 09:05:45.477 | INFO     | __main__:processar_oferta:73 - ♻️ Oferta repetida ignorada: https://www.mercadolivre.com.br/social/urubupromo
2025-12-17 09:06:44.214 | INFO     | __main__:processar_oferta:73 - ♻️ Oferta repetida ignorada: https://kabum.onelink.me/civn
2025-12-17 09:06:44.335 | INFO     | __main__:processar_oferta:73 - ♻️ Oferta repetida ignorada: https://kabum.onelink.me/civn
2025-12-17 09:06:44.345 | INFO     | __main__:processar_oferta:73 - ♻️ Oferta repetida ignorada: https://kabum.onelink.me/civn
2025-12-17 09:06:45.347 | INFO     | __main__:processar_oferta:73 - ♻️ Oferta repetida ignorada: https://www.amazon.com.br/dp/B0CYVVRSSZ
2025-12-17 09:07:43.726 | INFO     | __main__:processar_oferta:83 - 🚫 Link não Amazon (MERCADO LIVRE) ignorado: https://www.mercadolivre.com.br/social/agenciarice/lists/c3e8264e-c140-4566-aa77-dd1ead996cb7
2025-12-17 09:07:43.756 | INFO     | __main__:processar_oferta:86 - 🔎 Processando: AMAZON | Modo: 🤖 AUTO
2025-12-17 09:07:43.773 | INFO     | __main__:processar_oferta:73 - ♻️ Oferta repetida ignorada: https://www.mercadolivre.com.br/social/pq20251002095509
2025-12-17 09:07:43.819 | INFO     | __main__:processar_oferta:73 - ♻️ Oferta repetida ignorada: https://www.mercadolivre.com.br/social/urubupromo
2025-12-17 09:07:44.607 | INFO     | __main__:processar_oferta:73 - ♻️ Oferta repetida ignorada: https://kabum.onelink.me/civn
2025-12-17 09:07:44.861 | ERROR    | src.infrastructure.whatsapp_client:enviar_oferta:34 - ❌ Falha ao enviar WhatsApp (401): {"code":401,"message":"Invalid token.","data":{}}

2025-12-17 09:07:44.861 | ERROR    | __main__:processar_oferta:104 - ❌ Falha no envio da oferta Amazon via WhatsApp. Enviando backup para o Telegram 'me'.
2025-12-17 09:07:46.017 | INFO     | __main__:processar_oferta:73 - ♻️ Oferta repetida ignorada: https://chat.whatsapp.com/H7WuUyHoFo632jZusMQtko
2025-12-17 09:07:47.478 | INFO     | __main__:processar_oferta:86 - 🔎 Processando: AMAZON | Modo: 🤖 AUTO
2025-12-17 09:07:48.471 | ERROR    | src.infrastructure.whatsapp_client:enviar_oferta:34 - ❌ Falha ao enviar WhatsApp (401): {"code":401,"message":"Invalid token.","data":{}}

2025-12-17 09:07:48.471 | ERROR    | __main__:processar_oferta:104 - ❌ Falha no envio da oferta Amazon via WhatsApp. Enviando backup para o Telegram 'me'.
2025-12-17 09:07:49.715 | INFO     | __main__:processar_oferta:86 - 🔎 Processando: AMAZON | Modo: 🤖 AUTO
2025-12-17 09:07:50.912 | ERROR    | src.infrastructure.whatsapp_client:enviar_oferta:34 - ❌ Falha ao enviar WhatsApp (401): {"code":401,"message":"Invalid token.","data":{}}

2025-12-17 09:07:50.913 | ERROR    | __main__:processar_oferta:104 - ❌ Falha no envio da oferta Amazon via WhatsApp. Enviando backup para o Telegram 'me'.
2025-12-17 09:08:43.598 | INFO     | __main__:processar_oferta:86 - 🔎 Processando: AMAZON | Modo: 🤖 AUTO
2025-12-17 09:08:43.804 | INFO     | __main__:processar_oferta:73 - ♻️ Oferta repetida ignorada: https://r.amzlink.to/
2025-12-17 09:08:43.819 | INFO     | __main__:processar_oferta:73 - ♻️ Oferta repetida ignorada: https://www.mercadolivre.com.br/social/pq20251002095509
2025-12-17 09:08:43.869 | INFO     | __main__:processar_oferta:73 - ♻️ Oferta repetida ignorada: https://r.amzlink.to/
2025-12-17 09:08:44.419 | INFO     | __main__:processar_oferta:73 - ♻️ Oferta repetida ignorada: https://kabum.onelink.me/civn
2025-12-17 09:08:44.570 | ERROR    | src.infrastructure.whatsapp_client:enviar_oferta:34 - ❌ Falha ao enviar WhatsApp (401): {"code":401,"message":"Invalid token.","data":{}}

2025-12-17 09:08:44.570 | ERROR    | __main__:processar_oferta:104 - ❌ Falha no envio da oferta Amazon via WhatsApp. Enviando backup para o Telegram 'me'.
2025-12-17 09:08:45.104 | INFO     | __main__:processar_oferta:73 - ♻️ Oferta repetida ignorada: https://chat.whatsapp.com/H7WuUyHoFo632jZusMQtko
2025-12-17 09:08:45.161 | INFO     | __main__:processar_oferta:83 - 🚫 Link não Amazon (MERCADO LIVRE) ignorado: https://produto.mercadolivre.com.br/MLB-4232991913-quadro-branco-90x60-stalo-lousa-com-apagador-e-4-canetas-_JM
2025-12-17 09:08:47.044 | INFO     | __main__:processar_oferta:73 - ♻️ Oferta repetida ignorada: https://www.amazon.com.br/dp/B0DCW6W5BK
2025-12-17 09:09:07.655 | INFO     | __main__:processar_oferta:73 - ♻️ Oferta repetida ignorada: https://www.amazon.com.br/
2025-12-17 09:09:07.768 | INFO     | __main__:processar_oferta:73 - ♻️ Oferta repetida ignorada: https://www.amazon.com.br/dp/B0DCW6W5BK
2025-12-17 09:09:08.215 | INFO     | __main__:processar_oferta:73 - ♻️ Oferta repetida ignorada: https://www.amazon.com.br/prime
2025-12-17 09:09:08.299 | INFO     | __main__:processar_oferta:83 - 🚫 Link não Amazon (MERCADO LIVRE) ignorado: https://www.mercadolivre.com.br/social/ro20251028090844/lists/002e8a24-f080-44ce-b802-6b3862d97fa9
2025-12-17 09:09:10.054 | INFO     | __main__:processar_oferta:73 - ♻️ Oferta repetida ignorada: https://www.amazon.com.br/dp/B0DCW6W5BK
2025-12-17 09:09:44.436 | INFO     | __main__:processar_oferta:73 - ♻️ Oferta repetida ignorada: https://kabum.onelink.me/civn
2025-12-17 09:09:44.438 | INFO     | __main__:processar_oferta:73 - ♻️ Oferta repetida ignorada: https://kabum.onelink.me/civn
2025-12-17 09:10:34.827 | INFO     | __main__:processar_oferta:73 - ♻️ Oferta repetida ignorada: https://www.mercadolivre.com.br/social/promozonevip
2025-12-17 09:10:44.040 | INFO     | __main__:processar_oferta:73 - ♻️ Oferta repetida ignorada: https://kabum.onelink.me/civn
2025-12-17 09:11:43.265 | INFO     | __main__:processar_oferta:83 - 🚫 Link não Amazon (MERCADO LIVRE) ignorado: https://www.mercadolivre.com.br/social/promozonevip/lists
2025-12-17 09:11:43.342 | INFO     | __main__:processar_oferta:73 - ♻️ Oferta repetida ignorada: https://www.amazon.com.br/dp/B0DCW6W5BK
2025-12-17 09:11:43.674 | INFO     | __main__:processar_oferta:73 - ♻️ Oferta repetida ignorada: https://r.amzlink.to/
2025-12-17 09:11:44.065 | INFO     | __main__:processar_oferta:83 - 🚫 Link não Amazon (MERCADO LIVRE) ignorado: https://lista.mercadolivre.com.br/loja/casas-bahia/lista/informatica/monitores-acessorios/_PriceRange_737BRL-738BRL_NoIndex_True
2025-12-17 09:12:13.984 | INFO     | __main__:processar_oferta:73 - ♻️ Oferta repetida ignorada: https://kabum.onelink.me/civn
2025-12-17 09:12:16.128 | INFO     | __main__:processar_oferta:83 - 🚫 Link não Amazon (None) ignorado: https://descontostop.com/promocao/aparador-de-pelos-faciais-philips
2025-12-17 09:12:18.775 | INFO     | __main__:processar_oferta:73 - ♻️ Oferta repetida ignorada: https://descontostop.com/grupo-promocoes-whatsapp-telegram-cupom-desconto/
2025-12-17 09:12:43.656 | INFO     | __main__:processar_oferta:86 - 🔎 Processando: AMAZON | Modo: 🤖 AUTO
2025-12-17 09:12:44.398 | INFO     | __main__:processar_oferta:73 - ♻️ Oferta repetida ignorada: https://www.amazon.com.br/
2025-12-17 09:12:44.660 | ERROR    | src.infrastructure.whatsapp_client:enviar_oferta:34 - ❌ Falha ao enviar WhatsApp (401): {"code":401,"message":"Invalid token.","data":{}}

2025-12-17 09:12:44.660 | ERROR    | __main__:processar_oferta:104 - ❌ Falha no envio da oferta Amazon via WhatsApp. Enviando backup para o Telegram 'me'.
2025-12-17 09:13:42.254 | INFO     | __main__:processar_oferta:86 - 🔎 Processando: AMAZON | Modo: 🤖 AUTO
2025-12-17 09:13:42.275 | INFO     | __main__:processar_oferta:73 - ♻️ Oferta repetida ignorada: https://www.amazon.com.br/dp/B0DCW6W5BK
2025-12-17 09:13:42.334 | INFO     | __main__:processar_oferta:86 - 🔎 Processando: AMAZON | Modo: 🤖 AUTO
2025-12-17 09:13:42.535 | INFO     | __main__:processar_oferta:73 - ♻️ Oferta repetida ignorada: https://r.amzlink.to/
2025-12-17 09:13:43.499 | ERROR    | src.infrastructure.whatsapp_client:enviar_oferta:34 - ❌ Falha ao enviar WhatsApp (401): {"code":401,"message":"Invalid token.","data":{}}

2025-12-17 09:13:43.499 | ERROR    | __main__:processar_oferta:104 - ❌ Falha no envio da oferta Amazon via WhatsApp. Enviando backup para o Telegram 'me'.
2025-12-17 09:13:43.502 | ERROR    | src.infrastructure.whatsapp_client:enviar_oferta:34 - ❌ Falha ao enviar WhatsApp (401): {"code":401,"message":"Invalid token.","data":{}}

2025-12-17 09:13:43.503 | ERROR    | __main__:processar_oferta:104 - ❌ Falha no envio da oferta Amazon via WhatsApp. Enviando backup para o Telegram 'me'.
2025-12-17 09:13:46.566 | INFO     | __main__:processar_oferta:83 - 🚫 Link não Amazon (MERCADO LIVRE) ignorado: https://lista.mercadolivre.com.br/casas-bahia-loja
2025-12-17 09:13:47.817 | INFO     | __main__:processar_oferta:73 - ♻️ Oferta repetida ignorada: https://www.amazon.com.br/dp/B0DCW6W5BK
2025-12-17 09:14:43.931 | INFO     | __main__:processar_oferta:83 - 🚫 Link não Amazon (None) ignorado: https://descontostop.com/promocao/smartphone-motorola-moto-g05-128gb-cinza-4g-4gb-ram-67-50mp-selfie-8mp
2025-12-17 09:14:44.113 | INFO     | __main__:processar_oferta:73 - ♻️ Oferta repetida ignorada: https://www.mercadolivre.com.br/social/urubupromo
2025-12-17 09:14:44.395 | INFO     | __main__:processar_oferta:73 - ♻️ Oferta repetida ignorada: https://www.mercadolivre.com.br/ofertas
2025-12-17 09:14:45.566 | INFO     | __main__:processar_oferta:73 - ♻️ Oferta repetida ignorada: https://descontostop.com/grupo-promocoes-whatsapp-telegram-cupom-desconto/
2025-12-17 09:15:43.972 | INFO     | __main__:processar_oferta:73 - ♻️ Oferta repetida ignorada: https://www.mercadolivre.com.br/social/promozonevip
2025-12-17 09:15:44.005 | INFO     | __main__:processar_oferta:73 - ♻️ Oferta repetida ignorada: https://www.mercadolivre.com.br/social/agenciarice
2025-12-17 09:15:44.759 | INFO     | __main__:processar_oferta:83 - 🚫 Link não Amazon (None) ignorado: https://nike-br.onelink.me/Q0y9
2025-12-17 09:15:44.895 | INFO     | __main__:processar_oferta:73 - ♻️ Oferta repetida ignorada: https://kabum.onelink.me/civn
2025-12-17 09:15:45.284 | INFO     | __main__:processar_oferta:73 - ♻️ Oferta repetida ignorada: https://kabum.onelink.me/civn
2025-12-17 09:16:44.061 | INFO     | __main__:processar_oferta:83 - 🚫 Link não Amazon (MERCADO LIVRE) ignorado: https://www.mercadolivre.com.br/social/cupons
2025-12-17 09:16:44.226 | INFO     | __main__:processar_oferta:83 - 🚫 Link não Amazon (None) ignorado: https://descontostop.com/promocao/aspirador-de-po-e-agua-karcher-wdl
2025-12-17 09:16:45.577 | INFO     | __main__:processar_oferta:73 - ♻️ Oferta repetida ignorada: https://descontostop.com/grupo-promocoes-whatsapp-telegram-cupom-desconto/
2025-12-17 09:16:45.642 | INFO     | __main__:processar_oferta:86 - 🔎 Processando: AMAZON | Modo: 🤖 AUTO
2025-12-17 09:16:46.549 | ERROR    | src.infrastructure.whatsapp_client:enviar_oferta:34 - ❌ Falha ao enviar WhatsApp (401): {"code":401,"message":"Invalid token.","data":{}}

2025-12-17 09:16:46.550 | ERROR    | __main__:processar_oferta:104 - ❌ Falha no envio da oferta Amazon via WhatsApp. Enviando backup para o Telegram 'me'.
2025-12-17 09:16:47.393 | INFO     | __main__:processar_oferta:73 - ♻️ Oferta repetida ignorada: https://www.mercadolivre.com.br/social/ro20251028090844
2025-12-17 09:16:48.048 | INFO     | __main__:processar_oferta:73 - ♻️ Oferta repetida ignorada: https://kabum.onelink.me/civn
2025-12-17 09:17:44.044 | INFO     | __main__:processar_oferta:83 - 🚫 Link não Amazon (None) ignorado: https://reduz.me/06967c9c
2025-12-17 09:18:44.817 | INFO     | __main__:processar_oferta:73 - ♻️ Oferta repetida ignorada: https://kabum.onelink.me/civn
2025-12-17 09:18:46.280 | INFO     | __main__:processar_oferta:73 - ♻️ Oferta repetida ignorada: https://kabum.onelink.me/civn
2025-12-17 09:19:44.073 | INFO     | __main__:processar_oferta:73 - ♻️ Oferta repetida ignorada: https://www.mercadolivre.com.br/social/agenciarice
2025-12-17 09:20:43.555 | INFO     | __main__:processar_oferta:83 - 🚫 Link não Amazon (None) ignorado: https://www.pelando.com.br/d/doce-de-leite-pastoso-souvenir-800gr-fe19
2025-12-17 09:20:43.964 | INFO     | __main__:processar_oferta:73 - ♻️ Oferta repetida ignorada: https://www.pelando.com.br/grupos/
2025-12-17 09:20:44.940 | INFO     | __main__:processar_oferta:73 - ♻️ Oferta repetida ignorada: https://nike-br.onelink.me/Q0y9
2025-12-17 09:21:44.255 | INFO     | __main__:processar_oferta:73 - ♻️ Oferta repetida ignorada: https://www.mercadolivre.com.br/social/ro20251028090844/lists/002e8a24-f080-44ce-b802-6b3862d97fa9
2025-12-17 09:21:44.278 | INFO     | __main__:processar_oferta:73 - ♻️ Oferta repetida ignorada: https://www.mercadolivre.com.br/social/mesprom
2025-12-17 09:21:44.573 | INFO     | __main__:processar_oferta:73 - ♻️ Oferta repetida ignorada: https://www.mercadolivre.com.br/social/promotom
2025-12-17 09:21:45.049 | INFO     | __main__:processar_oferta:73 - ♻️ Oferta repetida ignorada: https://kabum.onelink.me/civn
2025-12-17 09:21:45.050 | INFO     | __main__:processar_oferta:73 - ♻️ Oferta repetida ignorada: https://www.mercadolivre.com.br/social/mesprom
2025-12-17 09:22:44.530 | INFO     | __main__:processar_oferta:73 - ♻️ Oferta repetida ignorada: https://www.mercadolivre.com.br/social/ro20251028090844
2025-12-17 09:22:45.015 | INFO     | __main__:processar_oferta:73 - ♻️ Oferta repetida ignorada: https://r.amzlink.to/
2025-12-17 09:22:45.190 | INFO     | __main__:processar_oferta:73 - ♻️ Oferta repetida ignorada: https://kabum.onelink.me/civn
2025-12-17 09:23:44.007 | INFO     | __main__:processar_oferta:86 - 🔎 Processando: AMAZON | Modo: 🤖 AUTO
2025-12-17 09:23:44.440 | INFO     | __main__:processar_oferta:73 - ♻️ Oferta repetida ignorada: https://www.mercadolivre.com.br/social/mesprom
2025-12-17 09:23:44.980 | ERROR    | src.infrastructure.whatsapp_client:enviar_oferta:34 - ❌ Falha ao enviar WhatsApp (401): {"code":401,"message":"Invalid token.","data":{}}

2025-12-17 09:23:44.981 | ERROR    | __main__:processar_oferta:104 - ❌ Falha no envio da oferta Amazon via WhatsApp. Enviando backup para o Telegram 'me'.
2025-12-17 09:23:49.980 | INFO     | __main__:processar_oferta:86 - 🔎 Processando: AMAZON | Modo: 🤖 AUTO
2025-12-17 09:23:50.608 | INFO     | __main__:processar_oferta:73 - ♻️ Oferta repetida ignorada: https://r.amzlink.to/
2025-12-17 09:23:50.843 | ERROR    | src.infrastructure.whatsapp_client:enviar_oferta:34 - ❌ Falha ao enviar WhatsApp (401): {"code":401,"message":"Invalid token.","data":{}}

2025-12-17 09:23:50.844 | ERROR    | __main__:processar_oferta:104 - ❌ Falha no envio da oferta Amazon via WhatsApp. Enviando backup para o Telegram 'me'.
2025-12-17 09:23:51.636 | INFO     | __main__:processar_oferta:86 - 🔎 Processando: AMAZON | Modo: 🤖 AUTO
2025-12-17 09:23:52.464 | ERROR    | src.infrastructure.whatsapp_client:enviar_oferta:34 - ❌ Falha ao enviar WhatsApp (401): {"code":401,"message":"Invalid token.","data":{}}

2025-12-17 09:23:52.464 | ERROR    | __main__:processar_oferta:104 - ❌ Falha no envio da oferta Amazon via WhatsApp. Enviando backup para o Telegram 'me'.
2025-12-17 09:23:53.052 | INFO     | __main__:processar_oferta:73 - ♻️ Oferta repetida ignorada: https://www.amazon.com.br/prime
2025-12-17 09:24:44.320 | INFO     | __main__:processar_oferta:86 - 🔎 Processando: AMAZON | Modo: 🤖 AUTO
2025-12-17 09:24:44.351 | INFO     | __main__:processar_oferta:73 - ♻️ Oferta repetida ignorada: https://www.mercadolivre.com.br/social/mesprom
2025-12-17 09:24:44.607 | INFO     | __main__:processar_oferta:83 - 🚫 Link não Amazon (None) ignorado: https://descontostop.com/promocao/monitor-gamer-philips-24-evnia-ips-180hz-05ms-cor-preto
2025-12-17 09:24:45.312 | ERROR    | src.infrastructure.whatsapp_client:enviar_oferta:34 - ❌ Falha ao enviar WhatsApp (401): {"code":401,"message":"Invalid token.","data":{}}

2025-12-17 09:24:45.313 | ERROR    | __main__:processar_oferta:104 - ❌ Falha no envio da oferta Amazon via WhatsApp. Enviando backup para o Telegram 'me'.
2025-12-17 09:24:46.294 | INFO     | __main__:processar_oferta:73 - ♻️ Oferta repetida ignorada: https://descontostop.com/grupo-promocoes-whatsapp-telegram-cupom-desconto/
2025-12-17 09:24:49.988 | INFO     | __main__:processar_oferta:86 - 🔎 Processando: AMAZON | Modo: 🤖 AUTO
2025-12-17 09:24:50.020 | INFO     | __main__:processar_oferta:73 - ♻️ Oferta repetida ignorada: https://www.mercadolivre.com.br/social/urubupromo
2025-12-17 09:24:50.952 | ERROR    | src.infrastructure.whatsapp_client:enviar_oferta:34 - ❌ Falha ao enviar WhatsApp (401): {"code":401,"message":"Invalid token.","data":{}}

2025-12-17 09:24:50.952 | ERROR    | __main__:processar_oferta:104 - ❌ Falha no envio da oferta Amazon via WhatsApp. Enviando backup para o Telegram 'me'.
2025-12-17 09:25:43.392 | INFO     | __main__:processar_oferta:73 - ♻️ Oferta repetida ignorada: https://www.mercadolivre.com.br/social/agenciarice
2025-12-17 09:25:44.173 | INFO     | __main__:processar_oferta:73 - ♻️ Oferta repetida ignorada: https://www.mercadolivre.com.br/social/promozonevip
2025-12-17 09:26:43.549 | INFO     | __main__:processar_oferta:73 - ♻️ Oferta repetida ignorada: https://www.amazon.com.br/dp/B0CHM63K9W
2025-12-17 09:26:43.850 | INFO     | __main__:processar_oferta:83 - 🚫 Link não Amazon (None) ignorado: https://descontostop.com/promocao/apple-iphone-16-128gb-61-camera-dupla-48mp-ios-5g-ultramarino
2025-12-17 09:26:45.727 | INFO     | __main__:processar_oferta:73 - ♻️ Oferta repetida ignorada: https://descontostop.com/grupo-promocoes-whatsapp-telegram-cupom-desconto/
2025-12-17 09:27:44.537 | INFO     | __main__:processar_oferta:73 - ♻️ Oferta repetida ignorada: https://www.mercadolivre.com.br/social/mesprom
2025-12-17 09:27:44.566 | INFO     | __main__:processar_oferta:73 - ♻️ Oferta repetida ignorada: https://www.mercadolivre.com.br/social/promotom
2025-12-17 09:28:42.615 | INFO     | __main__:processar_oferta:83 - 🚫 Link não Amazon (None) ignorado: https://descontostop.com/promocao/kit-3-pares-tenis-sneakers-casual-moda-blogueira
2025-12-17 09:28:42.938 | INFO     | __main__:processar_oferta:73 - ♻️ Oferta repetida ignorada: https://www.mercadolivre.com.br/social/urubupromo
2025-12-17 09:28:42.955 | INFO     | __main__:processar_oferta:73 - ♻️ Oferta repetida ignorada: https://www.mercadolivre.com.br/social/xetdaspromocoes
2025-12-17 09:28:44.499 | INFO     | __main__:processar_oferta:73 - ♻️ Oferta repetida ignorada: https://descontostop.com/grupo-promocoes-whatsapp-telegram-cupom-desconto/
2025-12-17 09:29:16.740 | INFO     | __main__:processar_oferta:73 - ♻️ Oferta repetida ignorada: https://www.mercadolivre.com.br/social/mesprom/lists/01ccc7c4-2d45-47bd-a55f-0842f2334008
2025-12-17 09:29:18.566 | INFO     | __main__:processar_oferta:86 - 🔎 Processando: AMAZON | Modo: 🤖 AUTO
2025-12-17 09:29:19.518 | ERROR    | src.infrastructure.whatsapp_client:enviar_oferta:34 - ❌ Falha ao enviar WhatsApp (401): {"code":401,"message":"Invalid token.","data":{}}

2025-12-17 09:29:19.519 | ERROR    | __main__:processar_oferta:104 - ❌ Falha no envio da oferta Amazon via WhatsApp. Enviando backup para o Telegram 'me'.
2025-12-17 09:30:44.471 | INFO     | __main__:processar_oferta:86 - 🔎 Processando: AMAZON | Modo: 🤖 AUTO
2025-12-17 09:30:44.730 | INFO     | __main__:processar_oferta:83 - 🚫 Link não Amazon (None) ignorado: https://descontostop.com/promocao/lavadora-de-alta-pressao-wap-ousada-plus-2200-1500w-1750-psi-220v
2025-12-17 09:30:44.831 | INFO     | __main__:processar_oferta:86 - 🔎 Processando: AMAZON | Modo: 🤖 AUTO
2025-12-17 09:30:45.568 | ERROR    | src.infrastructure.whatsapp_client:enviar_oferta:34 - ❌ Falha ao enviar WhatsApp (401): {"code":401,"message":"Invalid token.","data":{}}

2025-12-17 09:30:45.569 | ERROR    | __main__:processar_oferta:104 - ❌ Falha no envio da oferta Amazon via WhatsApp. Enviando backup para o Telegram 'me'.
2025-12-17 09:30:45.719 | ERROR    | src.infrastructure.whatsapp_client:enviar_oferta:34 - ❌ Falha ao enviar WhatsApp (401): {"code":401,"message":"Invalid token.","data":{}}

2025-12-17 09:30:45.719 | ERROR    | __main__:processar_oferta:104 - ❌ Falha no envio da oferta Amazon via WhatsApp. Enviando backup para o Telegram 'me'.
2025-12-17 09:30:46.188 | INFO     | __main__:processar_oferta:73 - ♻️ Oferta repetida ignorada: https://descontostop.com/grupo-promocoes-whatsapp-telegram-cupom-desconto/
2025-12-17 09:31:43.519 | INFO     | __main__:processar_oferta:83 - 🚫 Link não Amazon (None) ignorado: https://www.terabyteshop.com.br/produto/34286/placa-de-video-intel-arc-b580-limited-edition-12gb-gddr6-xe2-ray-tracing-31p06hb0ba
2025-12-17 09:31:44.163 | INFO     | __main__:processar_oferta:73 - ♻️ Oferta repetida ignorada: https://www.mercadolivre.com.br/social/mesprom
2025-12-17 09:31:44.204 | INFO     | __main__:processar_oferta:73 - ♻️ Oferta repetida ignorada: https://www.mercadolivre.com.br/social/agenciarice
2025-12-17 09:32:44.490 | INFO     | __main__:processar_oferta:73 - ♻️ Oferta repetida ignorada: https://www.mercadolivre.com.br/social/agenciarice
2025-12-17 09:32:44.519 | INFO     | __main__:processar_oferta:83 - 🚫 Link não Amazon (None) ignorado: https://descontostop.com/promocao/smart-tv-samsung-32-hd-tizen-hdr-wi-fi-hdmi-monitor-bivolt-preta
2025-12-17 09:32:44.603 | INFO     | __main__:processar_oferta:73 - ♻️ Oferta repetida ignorada: https://reduz.me/e5bb5e60
2025-12-17 09:32:44.694 | INFO     | __main__:processar_oferta:73 - ♻️ Oferta repetida ignorada: https://www.mercadolivre.com.br/social/mesprom
2025-12-17 09:32:45.778 | INFO     | __main__:processar_oferta:73 - ♻️ Oferta repetida ignorada: https://descontostop.com/grupo-promocoes-whatsapp-telegram-cupom-desconto/
2025-12-17 09:32:49.615 | INFO     | __main__:processar_oferta:73 - ♻️ Oferta repetida ignorada: https://kabum.onelink.me/civn
2025-12-17 09:33:44.602 | INFO     | __main__:processar_oferta:73 - ♻️ Oferta repetida ignorada: https://www.mercadolivre.com.br/social/mesprom
2025-12-17 09:33:44.619 | INFO     | __main__:processar_oferta:73 - ♻️ Oferta repetida ignorada: https://www.mercadolivre.com.br/social/agenciarice
2025-12-17 09:33:44.627 | INFO     | __main__:processar_oferta:73 - ♻️ Oferta repetida ignorada: https://www.mercadolivre.com.br/social/ro20251028090844
2025-12-17 09:33:44.657 | INFO     | __main__:processar_oferta:73 - ♻️ Oferta repetida ignorada: https://www.mercadolivre.com.br/social/agenciarice
2025-12-17 09:33:44.682 | INFO     | __main__:processar_oferta:73 - ♻️ Oferta repetida ignorada: https://www.mercadolivre.com.br/social/agenciarice
2025-12-17 09:33:44.899 | INFO     | __main__:processar_oferta:83 - 🚫 Link não Amazon (MERCADO LIVRE) ignorado: https://www.mercadolivre.com.br/up/MLBU2699618653
2025-12-17 09:34:44.688 | INFO     | __main__:processar_oferta:73 - ♻️ Oferta repetida ignorada: https://www.mercadolivre.com.br/social/mesprom
2025-12-17 09:34:44.746 | INFO     | __main__:processar_oferta:73 - ♻️ Oferta repetida ignorada: https://www.mercadolivre.com.br/social/urubupromo
2025-12-17 09:35:44.686 | INFO     | __main__:processar_oferta:73 - ♻️ Oferta repetida ignorada: https://www.mercadolivre.com.br/social/promozonevip
2025-12-17 09:36:44.214 | INFO     | __main__:processar_oferta:73 - ♻️ Oferta repetida ignorada: https://www.terabyteshop.com.br/produto/34286/placa-de-video-intel-arc-b580-limited-edition-12gb-gddr6-xe2-ray-tracing-31p06hb0ba
2025-12-17 09:36:44.784 | INFO     | __main__:processar_oferta:73 - ♻️ Oferta repetida ignorada: https://www.mercadolivre.com.br/social/agenciarice
2025-12-17 09:36:44.836 | INFO     | __main__:processar_oferta:73 - ♻️ Oferta repetida ignorada: https://www.mercadolivre.com.br/social/urubupromo
2025-12-17 09:36:45.672 | INFO     | __main__:processar_oferta:83 - 🚫 Link não Amazon (MERCADO LIVRE) ignorado: https://www.mercadolivre.com.br/smart-tv-hq-40-full-hd-android-12-slim-hqs40nkhm/p/MLB2048760958
2025-12-17 09:36:46.024 | INFO     | __main__:processar_oferta:83 - 🚫 Link não Amazon (None) ignorado: https://descontostop.com/loja/cupom-desconto-mercado-livre/
2025-12-17 09:36:46.051 | INFO     | __main__:processar_oferta:73 - ♻️ Oferta repetida ignorada: https://kabum.onelink.me/civn
2025-12-17 09:38:44.774 | INFO     | __main__:processar_oferta:73 - ♻️ Oferta repetida ignorada: https://www.mercadolivre.com.br/social/urubupromo
2025-12-17 09:38:45.637 | INFO     | __main__:processar_oferta:73 - ♻️ Oferta repetida ignorada: https://kabum.onelink.me/civn
2025-12-17 09:39:44.770 | INFO     | __main__:processar_oferta:86 - 🔎 Processando: AMAZON | Modo: 🤖 AUTO
2025-12-17 09:39:44.784 | INFO     | __main__:processar_oferta:73 - ♻️ Oferta repetida ignorada: https://www.mercadolivre.com.br/social/ro20251028090844
2025-12-17 09:39:44.839 | INFO     | __main__:processar_oferta:86 - 🔎 Processando: AMAZON | Modo: 🤖 AUTO
2025-12-17 09:39:45.958 | ERROR    | src.infrastructure.whatsapp_client:enviar_oferta:34 - ❌ Falha ao enviar WhatsApp (401): {"code":401,"message":"Invalid token.","data":{}}

2025-12-17 09:39:45.958 | ERROR    | __main__:processar_oferta:104 - ❌ Falha no envio da oferta Amazon via WhatsApp. Enviando backup para o Telegram 'me'.
2025-12-17 09:39:45.971 | ERROR    | src.infrastructure.whatsapp_client:enviar_oferta:34 - ❌ Falha ao enviar WhatsApp (401): {"code":401,"message":"Invalid token.","data":{}}

2025-12-17 09:39:45.972 | ERROR    | __main__:processar_oferta:104 - ❌ Falha no envio da oferta Amazon via WhatsApp. Enviando backup para o Telegram 'me'.
2025-12-17 09:39:46.872 | INFO     | __main__:processar_oferta:73 - ♻️ Oferta repetida ignorada: https://www.mercadolivre.com.br/social/agenciarice/lists/c3e8264e-c140-4566-aa77-dd1ead996cb7
2025-12-17 09:40:43.587 | INFO     | __main__:processar_oferta:73 - ♻️ Oferta repetida ignorada: https://www.mercadolivre.com.br/social/urubupromo
2025-12-17 09:41:44.802 | INFO     | __main__:processar_oferta:86 - 🔎 Processando: AMAZON | Modo: 🤖 AUTO
2025-12-17 09:41:44.910 | INFO     | __main__:processar_oferta:73 - ♻️ Oferta repetida ignorada: https://www.mercadolivre.com.br/social/mesprom
2025-12-17 09:41:44.913 | INFO     | __main__:processar_oferta:73 - ♻️ Oferta repetida ignorada: https://www.mercadolivre.com.br/social/xetdaspromocoes
2025-12-17 09:41:45.039 | INFO     | __main__:processar_oferta:83 - 🚫 Link não Amazon (None) ignorado: https://descontostop.com/promocao/carregador-fonte-apple-ipad-iphone-turbo-usb-c-20w-original
2025-12-17 09:41:45.112 | INFO     | __main__:processar_oferta:73 - ♻️ Oferta repetida ignorada: https://www.mercadolivre.com.br/social/ro20251028090844/lists/002e8a24-f080-44ce-b802-6b3862d97fa9
2025-12-17 09:41:45.767 | ERROR    | src.infrastructure.whatsapp_client:enviar_oferta:34 - ❌ Falha ao enviar WhatsApp (401): {"code":401,"message":"Invalid token.","data":{}}

2025-12-17 09:41:45.768 | ERROR    | __main__:processar_oferta:104 - ❌ Falha no envio da oferta Amazon via WhatsApp. Enviando backup para o Telegram 'me'.
2025-12-17 09:41:46.770 | INFO     | __main__:processar_oferta:73 - ♻️ Oferta repetida ignorada: https://descontostop.com/grupo-promocoes-whatsapp-telegram-cupom-desconto/
2025-12-17 09:42:44.875 | INFO     | __main__:processar_oferta:73 - ♻️ Oferta repetida ignorada: https://www.mercadolivre.com.br/social/mesprom
2025-12-17 09:42:45.121 | INFO     | __main__:processar_oferta:73 - ♻️ Oferta repetida ignorada: https://www.mercadolivre.com.br/social/agenciarice
2025-12-17 09:43:42.428 | INFO     | __main__:processar_oferta:83 - 🚫 Link não Amazon (None) ignorado: https://www.pichau.com.br/headset-gamer-marvo-tactic-x-pro-rgb-wireless-drivers-53mm-preto-hg9076w
2025-12-17 09:43:42.584 | INFO     | __main__:processar_oferta:73 - ♻️ Oferta repetida ignorada: https://www.mercadolivre.com.br/social/promotop
2025-12-17 09:43:42.641 | INFO     | __main__:processar_oferta:86 - 🔎 Processando: AMAZON | Modo: 🤖 AUTO
2025-12-17 09:43:42.890 | INFO     | __main__:processar_oferta:83 - 🚫 Link não Amazon (None) ignorado: https://descontostop.com/promocao/vestido-feminino-keity-colecao-candy-colors-elegante-mod
2025-12-17 09:43:43.068 | INFO     | __main__:processar_oferta:73 - ♻️ Oferta repetida ignorada: https://www.mercadolivre.com.br/social/xetdaspromocoes
2025-12-17 09:43:43.542 | ERROR    | src.infrastructure.whatsapp_client:enviar_oferta:34 - ❌ Falha ao enviar WhatsApp (401): {"code":401,"message":"Invalid token.","data":{}}

2025-12-17 09:43:43.542 | ERROR    | __main__:processar_oferta:104 - ❌ Falha no envio da oferta Amazon via WhatsApp. Enviando backup para o Telegram 'me'.
2025-12-17 09:43:44.579 | INFO     | __main__:processar_oferta:73 - ♻️ Oferta repetida ignorada: https://descontostop.com/grupo-promocoes-whatsapp-telegram-cupom-desconto/
2025-12-17 09:43:58.985 | INFO     | __main__:processar_oferta:86 - 🔎 Processando: AMAZON | Modo: 🤖 AUTO
2025-12-17 09:43:59.921 | ERROR    | src.infrastructure.whatsapp_client:enviar_oferta:34 - ❌ Falha ao enviar WhatsApp (401): {"code":401,"message":"Invalid token.","data":{}}

2025-12-17 09:43:59.921 | ERROR    | __main__:processar_oferta:104 - ❌ Falha no envio da oferta Amazon via WhatsApp. Enviando backup para o Telegram 'me'.
2025-12-17 09:44:00.636 | INFO     | __main__:processar_oferta:86 - 🔎 Processando: AMAZON | Modo: 🤖 AUTO
2025-12-17 09:44:01.475 | ERROR    | src.infrastructure.whatsapp_client:enviar_oferta:34 - ❌ Falha ao enviar WhatsApp (401): {"code":401,"message":"Invalid token.","data":{}}

2025-12-17 09:44:01.476 | ERROR    | __main__:processar_oferta:104 - ❌ Falha no envio da oferta Amazon via WhatsApp. Enviando backup para o Telegram 'me'.
2025-12-17 09:44:02.077 | INFO     | __main__:processar_oferta:73 - ♻️ Oferta repetida ignorada: https://www.amazon.com.br/prime
2025-12-17 09:44:44.960 | INFO     | __main__:processar_oferta:73 - ♻️ Oferta repetida ignorada: https://www.mercadolivre.com.br/social/mesprom
2025-12-17 09:44:45.614 | INFO     | __main__:processar_oferta:73 - ♻️ Oferta repetida ignorada: https://validate.perfdrive.com/ca4df1c7abf7ea2cc50ab30bdf7ed2bb/
2025-12-17 09:44:47.186 | INFO     | __main__:processar_oferta:73 - ♻️ Oferta repetida ignorada: https://kabum.onelink.me/civn
2025-12-17 09:45:44.205 | INFO     | __main__:processar_oferta:83 - 🚫 Link não Amazon (None) ignorado: https://www.pichau.com.br/headset-gamer-motospeed-h11-drivers-40mm-p2-preto-e-vermelho-hg-h11-bk-ww
2025-12-17 09:45:44.894 | INFO     | __main__:processar_oferta:73 - ♻️ Oferta repetida ignorada: https://www.mercadolivre.com.br/social/mesprom
2025-12-17 09:45:44.986 | INFO     | __main__:processar_oferta:86 - 🔎 Processando: AMAZON | Modo: 🤖 AUTO
2025-12-17 09:45:45.022 | INFO     | __main__:processar_oferta:73 - ♻️ Oferta repetida ignorada: https://www.mercadolivre.com.br/social/agenciarice
2025-12-17 09:45:45.025 | INFO     | __main__:processar_oferta:73 - ♻️ Oferta repetida ignorada: https://www.mercadolivre.com.br/social/agenciarice
2025-12-17 09:45:45.100 | INFO     | __main__:processar_oferta:83 - 🚫 Link não Amazon (None) ignorado: https://descontostop.com/promocao/balanca-digital-de-bioimpedancia-corporal-com-bluetooth-alta-capacidade-app-gratuito-android-e-ios-cor-preta-davely
2025-12-17 09:45:45.306 | INFO     | __main__:processar_oferta:86 - 🔎 Processando: AMAZON | Modo: 🤖 AUTO
2025-12-17 09:45:46.208 | ERROR    | src.infrastructure.whatsapp_client:enviar_oferta:34 - ❌ Falha ao enviar WhatsApp (401): {"code":401,"message":"Invalid token.","data":{}}

2025-12-17 09:45:46.209 | ERROR    | __main__:processar_oferta:104 - ❌ Falha no envio da oferta Amazon via WhatsApp. Enviando backup para o Telegram 'me'.
2025-12-17 09:45:46.214 | ERROR    | src.infrastructure.whatsapp_client:enviar_oferta:34 - ❌ Falha ao enviar WhatsApp (401): {"code":401,"message":"Invalid token.","data":{}}

2025-12-17 09:45:46.214 | ERROR    | __main__:processar_oferta:104 - ❌ Falha no envio da oferta Amazon via WhatsApp. Enviando backup para o Telegram 'me'.
2025-12-17 09:45:46.926 | INFO     | __main__:processar_oferta:73 - ♻️ Oferta repetida ignorada: https://descontostop.com/grupo-promocoes-whatsapp-telegram-cupom-desconto/
2025-12-17 09:46:44.538 | INFO     | __main__:processar_oferta:83 - 🚫 Link não Amazon (None) ignorado: https://descontostop.com/promocao/camiseta-termica-segunda-pele-protecao-uv-extreme-premium
2025-12-17 09:46:44.669 | INFO     | __main__:processar_oferta:73 - ♻️ Oferta repetida ignorada: https://r.amzlink.to/
2025-12-17 09:46:46.021 | INFO     | __main__:processar_oferta:73 - ♻️ Oferta repetida ignorada: https://descontostop.com/grupo-promocoes-whatsapp-telegram-cupom-desconto/
2025-12-17 09:47:04.306 | INFO     | __main__:processar_oferta:73 - ♻️ Oferta repetida ignorada: https://www.amazon.com.br/dp/B0FBRZ1ZPB
2025-12-17 09:47:04.479 | INFO     | __main__:processar_oferta:73 - ♻️ Oferta repetida ignorada: https://www.mercadolivre.com.br/social/mesprom
2025-12-17 09:47:04.573 | INFO     | __main__:processar_oferta:73 - ♻️ Oferta repetida ignorada: https://www.mercadolivre.com.br/social/xetdaspromocoes
2025-12-17 09:47:44.961 | INFO     | __main__:processar_oferta:73 - ♻️ Oferta repetida ignorada: https://www.mercadolivre.com.br/social/mesprom
2025-12-17 09:47:44.978 | INFO     | __main__:processar_oferta:83 - 🚫 Link não Amazon (None) ignorado: https://reduz.me/5b95cd7e
2025-12-17 09:47:45.221 | INFO     | __main__:processar_oferta:73 - ♻️ Oferta repetida ignorada: https://www.mercadolivre.com.br/social/agenciarice
2025-12-17 09:48:44.745 | INFO     | __main__:processar_oferta:86 - 🔎 Processando: AMAZON | Modo: 🤖 AUTO
2025-12-17 09:48:44.946 | INFO     | __main__:processar_oferta:83 - 🚫 Link não Amazon (None) ignorado: https://descontostop.com/promocao/kit-4-lampadas-led-pera-smart-inteligente-wi-fi-24ghz-10w
2025-12-17 09:48:44.999 | INFO     | __main__:processar_oferta:73 - ♻️ Oferta repetida ignorada: https://www.mercadolivre.com.br/social/mesprom
2025-12-17 09:48:45.713 | ERROR    | src.infrastructure.whatsapp_client:enviar_oferta:34 - ❌ Falha ao enviar WhatsApp (401): {"code":401,"message":"Invalid token.","data":{}}

2025-12-17 09:48:45.714 | ERROR    | __main__:processar_oferta:104 - ❌ Falha no envio da oferta Amazon via WhatsApp. Enviando backup para o Telegram 'me'.
2025-12-17 09:48:46.504 | INFO     | __main__:processar_oferta:73 - ♻️ Oferta repetida ignorada: https://descontostop.com/grupo-promocoes-whatsapp-telegram-cupom-desconto/
2025-12-17 09:49:45.026 | INFO     | __main__:processar_oferta:86 - 🔎 Processando: AMAZON | Modo: 🤖 AUTO
2025-12-17 09:49:45.029 | INFO     | __main__:processar_oferta:73 - ♻️ Oferta repetida ignorada: https://www.mercadolivre.com.br/social/mesprom
2025-12-17 09:49:45.901 | ERROR    | src.infrastructure.whatsapp_client:enviar_oferta:34 - ❌ Falha ao enviar WhatsApp (401): {"code":401,"message":"Invalid token.","data":{}}

2025-12-17 09:49:45.901 | ERROR    | __main__:processar_oferta:104 - ❌ Falha no envio da oferta Amazon via WhatsApp. Enviando backup para o Telegram 'me'.
2025-12-17 09:50:45.001 | INFO     | __main__:processar_oferta:73 - ♻️ Oferta repetida ignorada: https://www.mercadolivre.com.br/social/mesprom
2025-12-17 09:50:45.069 | INFO     | __main__:processar_oferta:83 - 🚫 Link não Amazon (None) ignorado: https://descontostop.com/promocao/copo-termico-1200ml-com-alca-de-transporte-e-canudo
2025-12-17 09:50:45.146 | INFO     | __main__:processar_oferta:73 - ♻️ Oferta repetida ignorada: https://www.mercadolivre.com.br/social/urubupromo
2025-12-17 09:50:46.699 | INFO     | __main__:processar_oferta:73 - ♻️ Oferta repetida ignorada: https://descontostop.com/grupo-promocoes-whatsapp-telegram-cupom-desconto/
2025-12-17 09:51:44.944 | INFO     | __main__:processar_oferta:73 - ♻️ Oferta repetida ignorada: https://www.mercadolivre.com.br/social/xetdaspromocoes
2025-12-17 09:51:45.369 | INFO     | __main__:processar_oferta:86 - 🔎 Processando: AMAZON | Modo: 🤖 AUTO
2025-12-17 09:51:46.844 | ERROR    | src.infrastructure.whatsapp_client:enviar_oferta:34 - ❌ Falha ao enviar WhatsApp (401): {"code":401,"message":"Invalid token.","data":{}}

2025-12-17 09:51:46.845 | ERROR    | __main__:processar_oferta:104 - ❌ Falha no envio da oferta Amazon via WhatsApp. Enviando backup para o Telegram 'me'.
2025-12-17 09:51:47.447 | INFO     | __main__:processar_oferta:73 - ♻️ Oferta repetida ignorada: https://www.amazon.com.br/prime
2025-12-17 09:52:44.961 | INFO     | __main__:processar_oferta:86 - 🔎 Processando: AMAZON | Modo: 🤖 AUTO
2025-12-17 09:52:45.115 | INFO     | __main__:processar_oferta:73 - ♻️ Oferta repetida ignorada: https://www.mercadolivre.com.br/social/agenciarice
2025-12-17 09:52:45.209 | INFO     | __main__:processar_oferta:83 - 🚫 Link não Amazon (None) ignorado: https://descontostop.com/promocao/hub-usb-com-7-portas-e-saida-usb-c-ideal-para-mobiladores
2025-12-17 09:52:45.893 | ERROR    | src.infrastructure.whatsapp_client:enviar_oferta:34 - ❌ Falha ao enviar WhatsApp (401): {"code":401,"message":"Invalid token.","data":{}}

2025-12-17 09:52:45.893 | ERROR    | __main__:processar_oferta:104 - ❌ Falha no envio da oferta Amazon via WhatsApp. Enviando backup para o Telegram 'me'.
2025-12-17 09:52:46.920 | INFO     | __main__:processar_oferta:73 - ♻️ Oferta repetida ignorada: https://descontostop.com/grupo-promocoes-whatsapp-telegram-cupom-desconto/
2025-12-17 09:53:44.987 | INFO     | __main__:processar_oferta:73 - ♻️ Oferta repetida ignorada: https://www.mercadolivre.com.br/social/agenciarice
2025-12-17 09:53:45.065 | INFO     | __main__:processar_oferta:73 - ♻️ Oferta repetida ignorada: https://www.mercadolivre.com.br/social/mesprom
2025-12-17 09:53:46.956 | INFO     | __main__:processar_oferta:86 - 🔎 Processando: AMAZON | Modo: 🤖 AUTO
2025-12-17 09:53:47.908 | ERROR    | src.infrastructure.whatsapp_client:enviar_oferta:34 - ❌ Falha ao enviar WhatsApp (401): {"code":401,"message":"Invalid token.","data":{}}

2025-12-17 09:53:47.909 | ERROR    | __main__:processar_oferta:104 - ❌ Falha no envio da oferta Amazon via WhatsApp. Enviando backup para o Telegram 'me'.
2025-12-17 09:53:48.790 | INFO     | __main__:processar_oferta:73 - ♻️ Oferta repetida ignorada: https://www.mercadolivre.com.br/social/agenciarice
2025-12-17 09:54:45.079 | INFO     | __main__:processar_oferta:73 - ♻️ Oferta repetida ignorada: https://www.mercadolivre.com.br/social/mesprom
2025-12-17 09:54:45.169 | INFO     | __main__:processar_oferta:83 - 🚫 Link não Amazon (None) ignorado: https://descontostop.com/promocao/console-sony-playstation-5-edicao-digital-ssd-825gb-controle-sem-fio-dualsense-2-jogos-digitais
2025-12-17 09:54:46.017 | INFO     | __main__:processar_oferta:73 - ♻️ Oferta repetida ignorada: https://nike-br.onelink.me/Q0y9
2025-12-17 09:54:46.780 | INFO     | __main__:processar_oferta:73 - ♻️ Oferta repetida ignorada: https://descontostop.com/grupo-promocoes-whatsapp-telegram-cupom-desconto/
2025-12-17 09:55:43.648 | INFO     | __main__:processar_oferta:73 - ♻️ Oferta repetida ignorada: https://www.mercadolivre.com.br/social/promozonevip
2025-12-17 09:56:45.275 | INFO     | __main__:processar_oferta:83 - 🚫 Link não Amazon (None) ignorado: https://descontostop.com/promocao/kit-roupa-bebe-menino-tematico-ajudante-de-papai-noel-natal
2025-12-17 09:56:46.889 | INFO     | __main__:processar_oferta:73 - ♻️ Oferta repetida ignorada: https://descontostop.com/grupo-promocoes-whatsapp-telegram-cupom-desconto/
2025-12-17 09:57:45.124 | INFO     | __main__:processar_oferta:73 - ♻️ Oferta repetida ignorada: https://www.mercadolivre.com.br/social/agenciarice
2025-12-17 09:57:45.156 | INFO     | __main__:processar_oferta:73 - ♻️ Oferta repetida ignorada: https://www.mercadolivre.com.br/social/xetdaspromocoes
2025-12-17 09:57:45.400 | INFO     | __main__:processar_oferta:73 - ♻️ Oferta repetida ignorada: https://www.mercadolivre.com.br/social/agenciarice
2025-12-17 09:57:45.498 | INFO     | __main__:processar_oferta:83 - 🚫 Link não Amazon (None) ignorado: https://descontostop.com/promocao/tech-t-shirt-anti-odor-gola-v-masculina-preto
2025-12-17 09:57:47.129 | INFO     | __main__:processar_oferta:73 - ♻️ Oferta repetida ignorada: https://descontostop.com/grupo-promocoes-whatsapp-telegram-cupom-desconto/
2025-12-17 09:58:42.988 | INFO     | __main__:processar_oferta:83 - 🚫 Link não Amazon (None) ignorado: https://reduz.me/fb7eb0ad
2025-12-17 09:58:43.126 | INFO     | __main__:processar_oferta:73 - ♻️ Oferta repetida ignorada: https://www.mercadolivre.com.br/social/agenciarice
2025-12-17 09:58:43.387 | INFO     | __main__:processar_oferta:73 - ♻️ Oferta repetida ignorada: https://www.mercadolivre.com.br/social/xetdaspromocoes
2025-12-17 09:58:43.741 | INFO     | __main__:processar_oferta:73 - ♻️ Oferta repetida ignorada: https://validate.perfdrive.com/ca4df1c7abf7ea2cc50ab30bdf7ed2bb/
2025-12-17 09:59:45.069 | INFO     | __main__:processar_oferta:73 - ♻️ Oferta repetida ignorada: https://www.mercadolivre.com.br/social/agenciarice
2025-12-17 10:00:45.155 | INFO     | __main__:processar_oferta:73 - ♻️ Oferta repetida ignorada: https://www.mercadolivre.com.br/social/ro20251028090844
2025-12-17 10:00:45.204 | INFO     | __main__:processar_oferta:73 - ♻️ Oferta repetida ignorada: https://www.mercadolivre.com.br/social/promotop/lists
2025-12-17 10:00:45.250 | INFO     | __main__:processar_oferta:73 - ♻️ Oferta repetida ignorada: https://www.mercadolivre.com.br/social/agenciarice
2025-12-17 10:00:45.251 | INFO     | __main__:processar_oferta:73 - ♻️ Oferta repetida ignorada: https://www.mercadolivre.com.br/social/promozonevip
2025-12-17 10:01:44.367 | INFO     | __main__:processar_oferta:86 - 🔎 Processando: AMAZON | Modo: 🤖 AUTO
2025-12-17 10:01:44.597 | INFO     | __main__:processar_oferta:73 - ♻️ Oferta repetida ignorada: https://www.mercadolivre.com.br/social/agenciarice
2025-12-17 10:01:44.615 | INFO     | __main__:processar_oferta:73 - ♻️ Oferta repetida ignorada: https://www.mercadolivre.com.br/social/pq20251002095509
2025-12-17 10:01:44.827 | INFO     | __main__:processar_oferta:73 - ♻️ Oferta repetida ignorada: https://www.mercadolivre.com.br/social/agenciarice
2025-12-17 10:01:45.475 | ERROR    | src.infrastructure.whatsapp_client:enviar_oferta:34 - ❌ Falha ao enviar WhatsApp (401): {"code":401,"message":"Invalid token.","data":{}}

2025-12-17 10:01:45.475 | ERROR    | __main__:processar_oferta:104 - ❌ Falha no envio da oferta Amazon via WhatsApp. Enviando backup para o Telegram 'me'.
2025-12-17 10:01:46.724 | INFO     | __main__:processar_oferta:73 - ♻️ Oferta repetida ignorada: https://www.amazon.com.br/dp/B0BVC73J1J
2025-12-17 10:01:48.817 | INFO     | __main__:processar_oferta:73 - ♻️ Oferta repetida ignorada: https://chat.whatsapp.com/H7WuUyHoFo632jZusMQtko
2025-12-17 10:02:44.947 | INFO     | __main__:processar_oferta:86 - 🔎 Processando: AMAZON | Modo: 🤖 AUTO
2025-12-17 10:02:45.051 | INFO     | __main__:processar_oferta:73 - ♻️ Oferta repetida ignorada: https://www.amazon.com.br/
2025-12-17 10:02:45.236 | INFO     | __main__:processar_oferta:73 - ♻️ Oferta repetida ignorada: https://www.mercadolivre.com.br/social/agenciarice
2025-12-17 10:02:45.305 | INFO     | __main__:processar_oferta:86 - 🔎 Processando: AMAZON | Modo: 🤖 AUTO
2025-12-17 10:02:45.416 | INFO     | __main__:processar_oferta:73 - ♻️ Oferta repetida ignorada: https://www.mercadolivre.com.br/social/pq20251002095509
2025-12-17 10:02:46.160 | ERROR    | src.infrastructure.whatsapp_client:enviar_oferta:34 - ❌ Falha ao enviar WhatsApp (401): {"code":401,"message":"Invalid token.","data":{}}

2025-12-17 10:02:46.161 | ERROR    | __main__:processar_oferta:104 - ❌ Falha no envio da oferta Amazon via WhatsApp. Enviando backup para o Telegram 'me'.
2025-12-17 10:02:46.306 | ERROR    | src.infrastructure.whatsapp_client:enviar_oferta:34 - ❌ Falha ao enviar WhatsApp (401): {"code":401,"message":"Invalid token.","data":{}}

2025-12-17 10:02:46.307 | ERROR    | __main__:processar_oferta:104 - ❌ Falha no envio da oferta Amazon via WhatsApp. Enviando backup para o Telegram 'me'.
2025-12-17 10:02:49.752 | INFO     | __main__:processar_oferta:73 - ♻️ Oferta repetida ignorada: https://chat.whatsapp.com/H7WuUyHoFo632jZusMQtko
2025-12-17 10:02:51.402 | INFO     | __main__:processar_oferta:73 - ♻️ Oferta repetida ignorada: https://www.amazon.com.br/dp/B0DJ9TBJW2
2025-12-17 10:02:51.638 | INFO     | __main__:processar_oferta:73 - ♻️ Oferta repetida ignorada: https://www.mercadolivre.com.br/social/agenciarice
2025-12-17 10:02:52.364 | INFO     | __main__:processar_oferta:73 - ♻️ Oferta repetida ignorada: https://www.mercadolivre.com.br/social/agenciarice
2025-12-17 10:03:45.041 | INFO     | __main__:processar_oferta:86 - 🔎 Processando: AMAZON | Modo: 🤖 AUTO
2025-12-17 10:03:45.164 | INFO     | __main__:processar_oferta:86 - 🔎 Processando: AMAZON | Modo: 🤖 AUTO
2025-12-17 10:03:45.219 | INFO     | __main__:processar_oferta:86 - 🔎 Processando: AMAZON | Modo: 🤖 AUTO
2025-12-17 10:03:45.443 | INFO     | __main__:processar_oferta:73 - ♻️ Oferta repetida ignorada: https://www.mercadolivre.com.br/social/agenciarice
2025-12-17 10:03:46.452 | ERROR    | src.infrastructure.whatsapp_client:enviar_oferta:34 - ❌ Falha ao enviar WhatsApp (401): {"code":401,"message":"Invalid token.","data":{}}

2025-12-17 10:03:46.452 | ERROR    | __main__:processar_oferta:104 - ❌ Falha no envio da oferta Amazon via WhatsApp. Enviando backup para o Telegram 'me'.
2025-12-17 10:03:46.463 | ERROR    | src.infrastructure.whatsapp_client:enviar_oferta:34 - ❌ Falha ao enviar WhatsApp (401): {"code":401,"message":"Invalid token.","data":{}}

2025-12-17 10:03:46.464 | ERROR    | __main__:processar_oferta:104 - ❌ Falha no envio da oferta Amazon via WhatsApp. Enviando backup para o Telegram 'me'.
2025-12-17 10:03:46.466 | ERROR    | src.infrastructure.whatsapp_client:enviar_oferta:34 - ❌ Falha ao enviar WhatsApp (401): {"code":401,"message":"Invalid token.","data":{}}

2025-12-17 10:03:46.466 | ERROR    | __main__:processar_oferta:104 - ❌ Falha no envio da oferta Amazon via WhatsApp. Enviando backup para o Telegram 'me'.
2025-12-17 10:04:45.043 | INFO     | __main__:processar_oferta:86 - 🔎 Processando: AMAZON | Modo: 🤖 AUTO
2025-12-17 10:04:45.238 | INFO     | __main__:processar_oferta:86 - 🔎 Processando: AMAZON | Modo: 🤖 AUTO
2025-12-17 10:04:45.294 | INFO     | __main__:processar_oferta:86 - 🔎 Processando: AMAZON | Modo: 🤖 AUTO
2025-12-17 10:04:45.451 | INFO     | __main__:processar_oferta:73 - ♻️ Oferta repetida ignorada: https://www.mercadolivre.com.br/social/cupons
2025-12-17 10:04:46.695 | INFO     | __main__:processar_oferta:73 - ♻️ Oferta repetida ignorada: https://www.amazon.com.br/
2025-12-17 10:04:46.902 | ERROR    | src.infrastructure.whatsapp_client:enviar_oferta:34 - ❌ Falha ao enviar WhatsApp (401): {"code":401,"message":"Invalid token.","data":{}}

2025-12-17 10:04:46.902 | ERROR    | __main__:processar_oferta:104 - ❌ Falha no envio da oferta Amazon via WhatsApp. Enviando backup para o Telegram 'me'.
2025-12-17 10:04:46.908 | ERROR    | src.infrastructure.whatsapp_client:enviar_oferta:34 - ❌ Falha ao enviar WhatsApp (401): {"code":401,"message":"Invalid token.","data":{}}

2025-12-17 10:04:46.912 | ERROR    | __main__:processar_oferta:104 - ❌ Falha no envio da oferta Amazon via WhatsApp. Enviando backup para o Telegram 'me'.
2025-12-17 10:04:46.920 | ERROR    | src.infrastructure.whatsapp_client:enviar_oferta:34 - ❌ Falha ao enviar WhatsApp (401): {"code":401,"message":"Invalid token.","data":{}}

2025-12-17 10:04:46.921 | ERROR    | __main__:processar_oferta:104 - ❌ Falha no envio da oferta Amazon via WhatsApp. Enviando backup para o Telegram 'me'.
2025-12-17 10:04:47.245 | INFO     | __main__:processar_oferta:73 - ♻️ Oferta repetida ignorada: https://www.amazon.com.br/dp/B0DCW6W5BK
2025-12-17 10:04:51.957 | INFO     | __main__:processar_oferta:73 - ♻️ Oferta repetida ignorada: https://www.mercadolivre.com.br/social/xetdaspromocoes
2025-12-17 10:05:45.081 | INFO     | __main__:processar_oferta:73 - ♻️ Oferta repetida ignorada: https://www.amazon.com.br/
2025-12-17 10:05:45.245 | INFO     | __main__:processar_oferta:86 - 🔎 Processando: AMAZON | Modo: 🤖 AUTO
2025-12-17 10:05:45.430 | INFO     | __main__:processar_oferta:86 - 🔎 Processando: AMAZON | Modo: 🤖 AUTO
2025-12-17 10:05:46.630 | ERROR    | src.infrastructure.whatsapp_client:enviar_oferta:34 - ❌ Falha ao enviar WhatsApp (401): {"code":401,"message":"Invalid token.","data":{}}

2025-12-17 10:05:46.630 | ERROR    | __main__:processar_oferta:104 - ❌ Falha no envio da oferta Amazon via WhatsApp. Enviando backup para o Telegram 'me'.
2025-12-17 10:05:46.637 | ERROR    | src.infrastructure.whatsapp_client:enviar_oferta:34 - ❌ Falha ao enviar WhatsApp (401): {"code":401,"message":"Invalid token.","data":{}}

2025-12-17 10:05:46.637 | ERROR    | __main__:processar_oferta:104 - ❌ Falha no envio da oferta Amazon via WhatsApp. Enviando backup para o Telegram 'me'.
2025-12-17 10:05:46.658 | INFO     | __main__:processar_oferta:86 - 🔎 Processando: AMAZON | Modo: 🤖 AUTO
2025-12-17 10:05:47.594 | ERROR    | src.infrastructure.whatsapp_client:enviar_oferta:34 - ❌ Falha ao enviar WhatsApp (401): {"code":401,"message":"Invalid token.","data":{}}

2025-12-17 10:05:47.594 | ERROR    | __main__:processar_oferta:104 - ❌ Falha no envio da oferta Amazon via WhatsApp. Enviando backup para o Telegram 'me'.
2025-12-17 10:05:50.086 | INFO     | __main__:<module>:147 - 🚫 Bot desligado manualmente.
2025-12-17 10:05:54.671 | INFO     | __main__:<module>:20 - 🐭 INICIANDO O RATO GARIMPEIRO ENTERPRISE (Modo AMAZON/WHATSAPP)...
2025-12-17 10:05:54.994 | SUCCESS  | __main__:<module>:26 - ✅ Sistemas Core iniciados!
2025-12-17 10:05:54.994 | SUCCESS  | __main__:<module>:38 - 🐦 Twitter/X Conectado com sucesso!
2025-12-17 10:05:55.976 | INFO     | __main__:main:127 - 👀 Validando canais fonte (Este passo pode demorar alguns segundos)...
2025-12-17 10:05:56.398 | ERROR    | __main__:resolve_safe_channels:58 - ❌ Canal inválido ou não existente: @tecdicas -> IGNORADO.
2025-12-17 10:05:56.543 | ERROR    | __main__:resolve_safe_channels:58 - ❌ Canal inválido ou não existente: @ofertasdevideo -> IGNORADO.
2025-12-17 10:05:56.684 | ERROR    | __main__:resolve_safe_channels:58 - ❌ Canal inválido ou não existente: @ofertasparacasa -> IGNORADO.
2025-12-17 10:05:56.829 | ERROR    | __main__:resolve_safe_channels:58 - ❌ Canal inválido ou não existente: @livrosepromocao -> IGNORADO.
2025-12-17 10:05:56.829 | SUCCESS  | __main__:main:137 - ✅ Monitoramento iniciado com 21 canais válidos.
2025-12-17 10:06:56.780 | INFO     | __main__:processar_oferta:83 - 🚫 Link não Amazon (None) ignorado: https://benchpromos.com.br/promocao/console-sony-playstation-5-edicao-digital-ssd-825gb-com-controle-sem-fio-dualsense-branco--jogos-astro-bot-e-gran-turismo-7/cmja0z8c002jk9t0ihs6k62oe
2025-12-17 10:06:56.992 | INFO     | __main__:processar_oferta:86 - 🔎 Processando: AMAZON | Modo: 🤖 AUTO
2025-12-17 10:06:57.162 | INFO     | __main__:processar_oferta:83 - 🚫 Link não Amazon (MERCADO LIVRE) ignorado: https://www.mercadolivre.com.br/social/xetdaspromocoes
2025-12-17 10:06:58.169 | ERROR    | src.infrastructure.whatsapp_client:enviar_oferta:34 - ❌ Falha ao enviar WhatsApp (401): {"code":401,"message":"Invalid token.","data":{}}

2025-12-17 10:06:58.169 | ERROR    | __main__:processar_oferta:104 - ❌ Falha no envio da oferta Amazon via WhatsApp. Enviando backup para o Telegram 'me'.
2025-12-17 10:06:58.955 | SUCCESS  | __main__:processar_oferta:117 - 🐦 Postado no X (1/15)
2025-12-17 10:06:58.985 | INFO     | __main__:processar_oferta:86 - 🔎 Processando: AMAZON | Modo: 🤖 AUTO
2025-12-17 10:06:59.796 | INFO     | __main__:processar_oferta:73 - ♻️ Oferta repetida ignorada: https://www.mercadolivre.com.br/social/xetdaspromocoes
2025-12-17 10:07:00.004 | ERROR    | src.infrastructure.whatsapp_client:enviar_oferta:34 - ❌ Falha ao enviar WhatsApp (401): {"code":401,"message":"Invalid token.","data":{}}

2025-12-17 10:07:00.004 | ERROR    | __main__:processar_oferta:104 - ❌ Falha no envio da oferta Amazon via WhatsApp. Enviando backup para o Telegram 'me'.
2025-12-17 10:07:00.484 | SUCCESS  | __main__:processar_oferta:117 - 🐦 Postado no X (2/15)
2025-12-17 10:07:00.941 | INFO     | __main__:processar_oferta:86 - 🔎 Processando: AMAZON | Modo: 🤖 AUTO
2025-12-17 10:07:01.846 | ERROR    | src.infrastructure.whatsapp_client:enviar_oferta:34 - ❌ Falha ao enviar WhatsApp (401): {"code":401,"message":"Invalid token.","data":{}}

2025-12-17 10:07:01.847 | ERROR    | __main__:processar_oferta:104 - ❌ Falha no envio da oferta Amazon via WhatsApp. Enviando backup para o Telegram 'me'.
2025-12-17 10:07:02.211 | ERROR    | __main__:processar_oferta:119 - ❌ Erro ao postar no Twitter: 429 Too Many Requests
Too Many Requests
2025-12-17 10:07:03.373 | INFO     | __main__:processar_oferta:83 - 🚫 Link não Amazon (None) ignorado: https://validate.perfdrive.com/ca4df1c7abf7ea2cc50ab30bdf7ed2bb/
2025-12-17 10:07:56.624 | INFO     | __main__:processar_oferta:86 - 🔎 Processando: AMAZON | Modo: 🤖 AUTO
2025-12-17 10:07:56.797 | INFO     | __main__:processar_oferta:73 - ♻️ Oferta repetida ignorada: https://www.amazon.com.br/dp/B0FPGF9J2J
2025-12-17 10:07:56.821 | INFO     | __main__:processar_oferta:73 - ♻️ Oferta repetida ignorada: https://www.amazon.com.br/dp/B0FPGF9J2J
2025-12-17 10:07:57.567 | ERROR    | src.infrastructure.whatsapp_client:enviar_oferta:34 - ❌ Falha ao enviar WhatsApp (401): {"code":401,"message":"Invalid token.","data":{}}

2025-12-17 10:07:57.568 | ERROR    | __main__:processar_oferta:104 - ❌ Falha no envio da oferta Amazon via WhatsApp. Enviando backup para o Telegram 'me'.
2025-12-17 10:07:57.674 | INFO     | __main__:processar_oferta:73 - ♻️ Oferta repetida ignorada: https://www.amazon.com.br/prime
2025-12-17 10:07:57.969 | ERROR    | __main__:processar_oferta:119 - ❌ Erro ao postar no Twitter: 429 Too Many Requests
Too Many Requests
2025-12-17 10:07:58.702 | INFO     | __main__:processar_oferta:83 - 🚫 Link não Amazon (MERCADO LIVRE) ignorado: https://www.mercadolivre.com.br/social/agenciarice
2025-12-17 10:08:56.813 | INFO     | __main__:processar_oferta:73 - ♻️ Oferta repetida ignorada: https://www.mercadolivre.com.br/social/agenciarice
2025-12-17 10:08:58.211 | INFO     | __main__:processar_oferta:86 - 🔎 Processando: AMAZON | Modo: 🤖 AUTO
2025-12-17 10:08:58.401 | INFO     | __main__:processar_oferta:86 - 🔎 Processando: AMAZON | Modo: 🤖 AUTO
2025-12-17 10:08:59.386 | ERROR    | src.infrastructure.whatsapp_client:enviar_oferta:34 - ❌ Falha ao enviar WhatsApp (401): {"code":401,"message":"Invalid token.","data":{}}

2025-12-17 10:08:59.387 | ERROR    | __main__:processar_oferta:104 - ❌ Falha no envio da oferta Amazon via WhatsApp. Enviando backup para o Telegram 'me'.
2025-12-17 10:08:59.392 | ERROR    | src.infrastructure.whatsapp_client:enviar_oferta:34 - ❌ Falha ao enviar WhatsApp (401): {"code":401,"message":"Invalid token.","data":{}}

2025-12-17 10:08:59.392 | ERROR    | __main__:processar_oferta:104 - ❌ Falha no envio da oferta Amazon via WhatsApp. Enviando backup para o Telegram 'me'.
2025-12-17 10:08:59.713 | ERROR    | __main__:processar_oferta:119 - ❌ Erro ao postar no Twitter: 429 Too Many Requests
Too Many Requests
2025-12-17 10:08:59.871 | ERROR    | __main__:processar_oferta:119 - ❌ Erro ao postar no Twitter: 429 Too Many Requests
Too Many Requests
2025-12-17 10:09:00.306 | INFO     | __main__:processar_oferta:73 - ♻️ Oferta repetida ignorada: https://www.amazon.com.br/prime
2025-12-17 10:09:56.748 | INFO     | __main__:processar_oferta:86 - 🔎 Processando: AMAZON | Modo: 🤖 AUTO
2025-12-17 10:09:56.987 | INFO     | __main__:processar_oferta:73 - ♻️ Oferta repetida ignorada: https://www.mercadolivre.com.br/social/agenciarice
2025-12-17 10:09:56.995 | INFO     | __main__:processar_oferta:86 - 🔎 Processando: AMAZON | Modo: 🤖 AUTO
2025-12-17 10:09:57.271 | INFO     | __main__:processar_oferta:83 - 🚫 Link não Amazon (None) ignorado: https://r.amzlink.to/
2025-12-17 10:09:57.906 | INFO     | __main__:processar_oferta:83 - 🚫 Link não Amazon (None) ignorado: https://site.fastshop.com.br/br-lu-colchao-supreme-firme-classic-king-103504/p
2025-12-17 10:09:58.126 | ERROR    | src.infrastructure.whatsapp_client:enviar_oferta:34 - ❌ Falha ao enviar WhatsApp (401): {"code":401,"message":"Invalid token.","data":{}}

2025-12-17 10:09:58.126 | ERROR    | __main__:processar_oferta:104 - ❌ Falha no envio da oferta Amazon via WhatsApp. Enviando backup para o Telegram 'me'.
2025-12-17 10:09:58.129 | ERROR    | src.infrastructure.whatsapp_client:enviar_oferta:34 - ❌ Falha ao enviar WhatsApp (401): {"code":401,"message":"Invalid token.","data":{}}

2025-12-17 10:09:58.130 | ERROR    | __main__:processar_oferta:104 - ❌ Falha no envio da oferta Amazon via WhatsApp. Enviando backup para o Telegram 'me'.
2025-12-17 10:09:58.450 | ERROR    | __main__:processar_oferta:119 - ❌ Erro ao postar no Twitter: 429 Too Many Requests
Too Many Requests
2025-12-17 10:09:58.615 | ERROR    | __main__:processar_oferta:119 - ❌ Erro ao postar no Twitter: 429 Too Many Requests
Too Many Requests
2025-12-17 10:09:59.501 | INFO     | __main__:processar_oferta:73 - ♻️ Oferta repetida ignorada: https://www.amazon.com.br/prime
2025-12-17 10:10:02.909 | INFO     | __main__:processar_oferta:83 - 🚫 Link não Amazon (None) ignorado: https://site.fastshop.com.br/br-lu-colchao-supreme-firme-classic-solteiro-103519/p
2025-12-17 10:10:56.496 | INFO     | __main__:processar_oferta:83 - 🚫 Link não Amazon (None) ignorado: https://benchpromos.com.br/promocao/notebook-asus-vivobook-go-15-e1504fanj731-amd-ryzen-57520u-8gb-ram-256gb-ssd-linux/cmja14klp02jo9t0i9obo3keq
2025-12-17 10:10:56.856 | INFO     | __main__:processar_oferta:83 - 🚫 Link não Amazon (MERCADO LIVRE) ignorado: https://www.mercadolivre.com.br/social/promozonevip
2025-12-17 10:10:56.925 | INFO     | __main__:processar_oferta:73 - ♻️ Oferta repetida ignorada: https://www.mercadolivre.com.br/social/agenciarice
2025-12-17 10:10:57.013 | INFO     | __main__:processar_oferta:73 - ♻️ Oferta repetida ignorada: https://www.mercadolivre.com.br/social/agenciarice
2025-12-17 10:10:58.114 | INFO     | __main__:processar_oferta:83 - 🚫 Link não Amazon (None) ignorado: https://site.fastshop.com.br/br-lu-colchao-supreme-firme-classic-casal-103500/p
2025-12-17 10:10:58.683 | INFO     | __main__:processar_oferta:86 - 🔎 Processando: AMAZON | Modo: 🤖 AUTO
2025-12-17 10:10:59.807 | ERROR    | src.infrastructure.whatsapp_client:enviar_oferta:34 - ❌ Falha ao enviar WhatsApp (401): {"code":401,"message":"Invalid token.","data":{}}

2025-12-17 10:10:59.808 | ERROR    | __main__:processar_oferta:104 - ❌ Falha no envio da oferta Amazon via WhatsApp. Enviando backup para o Telegram 'me'.
2025-12-17 10:11:00.120 | ERROR    | __main__:processar_oferta:119 - ❌ Erro ao postar no Twitter: 429 Too Many Requests
Too Many Requests
2025-12-17 10:11:57.103 | INFO     | __main__:processar_oferta:73 - ♻️ Oferta repetida ignorada: https://www.mercadolivre.com.br/social/agenciarice
2025-12-17 10:12:57.244 | INFO     | __main__:processar_oferta:83 - 🚫 Link não Amazon (None) ignorado: https://descontostop.com/promocao/smartphone-samsung-galaxy-s24-galaxy-ai-selfie-de-12mp-tela-de-62-1-120hz-128gb-8gb-ram-cinza
2025-12-17 10:12:57.310 | INFO     | __main__:processar_oferta:83 - 🚫 Link não Amazon (MERCADO LIVRE) ignorado: https://www.mercadolivre.com.br/up/MLBU3275242136
2025-12-17 10:12:58.230 | INFO     | __main__:processar_oferta:73 - ♻️ Oferta repetida ignorada: https://site.fastshop.com.br/br-lu-colchao-supreme-firme-classic-casal-103500/p
2025-12-17 10:12:58.766 | INFO     | __main__:processar_oferta:83 - 🚫 Link não Amazon (None) ignorado: https://descontostop.com/grupo-promocoes-whatsapp-telegram-cupom-desconto/
2025-12-17 10:13:56.763 | INFO     | __main__:processar_oferta:86 - 🔎 Processando: AMAZON | Modo: 🤖 AUTO
2025-12-17 10:13:57.594 | INFO     | __main__:processar_oferta:73 - ♻️ Oferta repetida ignorada: https://r.amzlink.to/
2025-12-17 10:13:57.595 | INFO     | __main__:processar_oferta:73 - ♻️ Oferta repetida ignorada: https://r.amzlink.to/
2025-12-17 10:13:57.830 | ERROR    | src.infrastructure.whatsapp_client:enviar_oferta:34 - ❌ Falha ao enviar WhatsApp (401): {"code":401,"message":"Invalid token.","data":{}}

2025-12-17 10:13:57.831 | ERROR    | __main__:processar_oferta:104 - ❌ Falha no envio da oferta Amazon via WhatsApp. Enviando backup para o Telegram 'me'.
2025-12-17 10:13:58.003 | ERROR    | __main__:processar_oferta:119 - ❌ Erro ao postar no Twitter: ('Connection aborted.', ConnectionResetError(10054, 'Foi forçado o cancelamento de uma conexão existente pelo host remoto', None, 10054, None))
2025-12-17 10:13:58.703 | INFO     | __main__:processar_oferta:73 - ♻️ Oferta repetida ignorada: https://r.amzlink.to/
2025-12-17 10:14:02.342 | INFO     | __main__:processar_oferta:86 - 🔎 Processando: AMAZON | Modo: 🤖 AUTO
2025-12-17 10:14:03.364 | ERROR    | src.infrastructure.whatsapp_client:enviar_oferta:34 - ❌ Falha ao enviar WhatsApp (401): {"code":401,"message":"Invalid token.","data":{}}

2025-12-17 10:14:03.364 | ERROR    | __main__:processar_oferta:104 - ❌ Falha no envio da oferta Amazon via WhatsApp. Enviando backup para o Telegram 'me'.
2025-12-17 10:14:03.993 | ERROR    | __main__:processar_oferta:119 - ❌ Erro ao postar no Twitter: 429 Too Many Requests
Too Many Requests
2025-12-17 10:15:57.007 | INFO     | __main__:processar_oferta:73 - ♻️ Oferta repetida ignorada: https://www.mercadolivre.com.br/social/agenciarice
2025-12-17 10:15:57.042 | INFO     | __main__:processar_oferta:73 - ♻️ Oferta repetida ignorada: https://www.mercadolivre.com.br/social/promozonevip
2025-12-17 10:15:58.361 | INFO     | __main__:processar_oferta:86 - 🔎 Processando: AMAZON | Modo: 🤖 AUTO
2025-12-17 10:15:59.323 | ERROR    | src.infrastructure.whatsapp_client:enviar_oferta:34 - ❌ Falha ao enviar WhatsApp (401): {"code":401,"message":"Invalid token.","data":{}}

2025-12-17 10:15:59.324 | ERROR    | __main__:processar_oferta:104 - ❌ Falha no envio da oferta Amazon via WhatsApp. Enviando backup para o Telegram 'me'.
2025-12-17 10:15:59.648 | ERROR    | __main__:processar_oferta:119 - ❌ Erro ao postar no Twitter: 429 Too Many Requests
Too Many Requests
2025-12-17 10:16:00.117 | INFO     | __main__:processar_oferta:73 - ♻️ Oferta repetida ignorada: https://www.amazon.com.br/prime
2025-12-17 10:17:52.387 | INFO     | __main__:processar_oferta:83 - 🚫 Link não Amazon (None) ignorado: https://benchpromos.com.br/promocao/monitor-lg-ultragear-g4-24g411ab-24-ips-fhd-144hz/cmja1d5ih00jh9t0i2ahhgrf2
2025-12-17 10:17:52.738 | INFO     | __main__:processar_oferta:73 - ♻️ Oferta repetida ignorada: https://www.amazon.com.br/dp/B0F7ZQ5XGZ
2025-12-17 10:17:52.995 | INFO     | __main__:processar_oferta:73 - ♻️ Oferta repetida ignorada: https://www.mercadolivre.com.br/social/xetdaspromocoes
2025-12-17 10:17:53.212 | INFO     | __main__:processar_oferta:73 - ♻️ Oferta repetida ignorada: https://www.amazon.com.br/prime
2025-12-17 10:18:29.250 | INFO     | __main__:processar_oferta:83 - 🚫 Link não Amazon (None) ignorado: https://kabum.onelink.me/civn
2025-12-17 10:18:57.082 | INFO     | __main__:processar_oferta:73 - ♻️ Oferta repetida ignorada: https://www.mercadolivre.com.br/social/agenciarice
2025-12-17 10:18:58.579 | INFO     | __main__:processar_oferta:86 - 🔎 Processando: AMAZON | Modo: 🤖 AUTO
2025-12-17 10:18:59.531 | ERROR    | src.infrastructure.whatsapp_client:enviar_oferta:34 - ❌ Falha ao enviar WhatsApp (401): {"code":401,"message":"Invalid token.","data":{}}

2025-12-17 10:18:59.531 | ERROR    | __main__:processar_oferta:104 - ❌ Falha no envio da oferta Amazon via WhatsApp. Enviando backup para o Telegram 'me'.
2025-12-17 10:18:59.705 | ERROR    | __main__:processar_oferta:119 - ❌ Erro ao postar no Twitter: ('Connection aborted.', ConnectionResetError(10054, 'Foi forçado o cancelamento de uma conexão existente pelo host remoto', None, 10054, None))
2025-12-17 10:19:56.847 | INFO     | __main__:processar_oferta:83 - 🚫 Link não Amazon (MERCADO LIVRE) ignorado: https://www.mercadolivre.com.br/social/promozonevip/lists
2025-12-17 10:19:56.994 | INFO     | __main__:processar_oferta:83 - 🚫 Link não Amazon (MERCADO LIVRE) ignorado: https://www.mercadolivre.com.br/social/cupons
2025-12-17 10:19:57.151 | INFO     | __main__:processar_oferta:73 - ♻️ Oferta repetida ignorada: https://www.mercadolivre.com.br/social/agenciarice
2025-12-17 10:19:57.183 | INFO     | __main__:processar_oferta:73 - ♻️ Oferta repetida ignorada: https://www.mercadolivre.com.br/social/xetdaspromocoes
2025-12-17 10:19:57.796 | INFO     | __main__:processar_oferta:73 - ♻️ Oferta repetida ignorada: https://kabum.onelink.me/civn
2025-12-17 10:19:59.494 | INFO     | __main__:processar_oferta:83 - 🚫 Link não Amazon (None) ignorado: https://chat.whatsapp.com/H7WuUyHoFo632jZusMQtko
2025-12-17 10:20:56.325 | INFO     | __main__:processar_oferta:83 - 🚫 Link não Amazon (None) ignorado: https://www.pelando.com.br/d/cupom-mercado-livre-15porcento-off-acima-de-rdollar-79-limite-de-rdollar-150-2aee
2025-12-17 10:20:56.718 | INFO     | __main__:processar_oferta:83 - 🚫 Link não Amazon (None) ignorado: https://www.pelando.com.br/grupos/
2025-12-17 10:20:56.784 | INFO     | __main__:processar_oferta:83 - 🚫 Link não Amazon (MERCADO LIVRE) ignorado: https://www.mercadolivre.com.br/social/pq20251002095509
2025-12-17 10:20:57.117 | INFO     | __main__:processar_oferta:73 - ♻️ Oferta repetida ignorada: https://www.amazon.com.br/dp/B0FDC8QC2D
2025-12-17 10:20:57.578 | INFO     | __main__:processar_oferta:73 - ♻️ Oferta repetida ignorada: https://r.amzlink.to/
2025-12-17 10:20:57.907 | INFO     | __main__:processar_oferta:73 - ♻️ Oferta repetida ignorada: https://chat.whatsapp.com/H7WuUyHoFo632jZusMQtko
2025-12-17 10:20:58.994 | INFO     | __main__:processar_oferta:86 - 🔎 Processando: AMAZON | Modo: 🤖 AUTO
2025-12-17 10:20:59.923 | ERROR    | src.infrastructure.whatsapp_client:enviar_oferta:34 - ❌ Falha ao enviar WhatsApp (401): {"code":401,"message":"Invalid token.","data":{}}

2025-12-17 10:20:59.924 | ERROR    | __main__:processar_oferta:104 - ❌ Falha no envio da oferta Amazon via WhatsApp. Enviando backup para o Telegram 'me'.
2025-12-17 10:21:00.561 | ERROR    | __main__:processar_oferta:119 - ❌ Erro ao postar no Twitter: 429 Too Many Requests
Too Many Requests
2025-12-17 10:21:58.446 | INFO     | __main__:processar_oferta:86 - 🔎 Processando: AMAZON | Modo: 🤖 AUTO
2025-12-17 10:21:58.857 | INFO     | __main__:processar_oferta:73 - ♻️ Oferta repetida ignorada: https://www.amazon.com.br/dp/B0F7ZQ5XGZ
2025-12-17 10:21:59.461 | ERROR    | src.infrastructure.whatsapp_client:enviar_oferta:34 - ❌ Falha ao enviar WhatsApp (401): {"code":401,"message":"Invalid token.","data":{}}

2025-12-17 10:21:59.461 | ERROR    | __main__:processar_oferta:104 - ❌ Falha no envio da oferta Amazon via WhatsApp. Enviando backup para o Telegram 'me'.
2025-12-17 10:21:59.783 | ERROR    | __main__:processar_oferta:119 - ❌ Erro ao postar no Twitter: 429 Too Many Requests
Too Many Requests
2025-12-17 10:22:03.950 | INFO     | __main__:processar_oferta:73 - ♻️ Oferta repetida ignorada: https://chat.whatsapp.com/H7WuUyHoFo632jZusMQtko
2025-12-17 10:22:56.530 | INFO     | __main__:processar_oferta:73 - ♻️ Oferta repetida ignorada: https://www.mercadolivre.com.br/social/agenciarice
2025-12-17 10:22:56.537 | INFO     | __main__:processar_oferta:73 - ♻️ Oferta repetida ignorada: https://www.mercadolivre.com.br/social/agenciarice
2025-12-17 10:23:57.112 | INFO     | __main__:processar_oferta:73 - ♻️ Oferta repetida ignorada: https://www.mercadolivre.com.br/social/cupons
2025-12-17 10:24:57.188 | INFO     | __main__:processar_oferta:73 - ♻️ Oferta repetida ignorada: https://www.mercadolivre.com.br/social/xetdaspromocoes
2025-12-17 10:24:57.393 | INFO     | __main__:processar_oferta:83 - 🚫 Link não Amazon (None) ignorado: https://descontostop.com/promocao/tenis-vizzano-casual-feminino-plataforma-leve-ultra-conforto
2025-12-17 10:24:58.498 | INFO     | __main__:processar_oferta:73 - ♻️ Oferta repetida ignorada: https://www.amazon.com.br/dp/B0DJPS7JDY
2025-12-17 10:24:58.758 | INFO     | __main__:processar_oferta:73 - ♻️ Oferta repetida ignorada: https://descontostop.com/grupo-promocoes-whatsapp-telegram-cupom-desconto/
2025-12-17 10:25:57.164 | INFO     | __main__:processar_oferta:73 - ♻️ Oferta repetida ignorada: https://www.mercadolivre.com.br/social/agenciarice
2025-12-17 10:25:57.168 | INFO     | __main__:processar_oferta:83 - 🚫 Link não Amazon (MERCADO LIVRE) ignorado: https://www.mercadolivre.com.br/social/tjgaming
2025-12-17 10:25:57.202 | INFO     | __main__:processar_oferta:73 - ♻️ Oferta repetida ignorada: https://www.mercadolivre.com.br/social/promozonevip
2025-12-17 10:25:57.254 | INFO     | __main__:processar_oferta:73 - ♻️ Oferta repetida ignorada: https://www.mercadolivre.com.br/social/xetdaspromocoes
2025-12-17 10:25:58.071 | INFO     | __main__:processar_oferta:83 - 🚫 Link não Amazon (None) ignorado: https://t.me/TJGOFERTASs
2025-12-17 10:25:58.941 | INFO     | __main__:processar_oferta:83 - 🚫 Link não Amazon (None) ignorado: https://t.me/PROMOSGERAISTJ
2025-12-17 10:26:00.014 | INFO     | __main__:processar_oferta:83 - 🚫 Link não Amazon (None) ignorado: https://www.whatsapp.com/channel/0029Vb6EHc1KmCPTwxvrbT10
2025-12-17 10:26:01.525 | INFO     | __main__:processar_oferta:73 - ♻️ Oferta repetida ignorada: https://chat.whatsapp.com/H7WuUyHoFo632jZusMQtko
2025-12-17 10:26:57.075 | INFO     | __main__:processar_oferta:86 - 🔎 Processando: AMAZON | Modo: 🤖 AUTO
2025-12-17 10:26:57.265 | INFO     | __main__:processar_oferta:73 - ♻️ Oferta repetida ignorada: https://www.mercadolivre.com.br/social/xetdaspromocoes
2025-12-17 10:26:57.505 | INFO     | __main__:processar_oferta:83 - 🚫 Link não Amazon (None) ignorado: https://descontostop.com/promocao/placa-mae-msi-a520m-a-pro-amd-am4-matx-ddr4
2025-12-17 10:26:58.098 | ERROR    | src.infrastructure.whatsapp_client:enviar_oferta:34 - ❌ Falha ao enviar WhatsApp (401): {"code":401,"message":"Invalid token.","data":{}}

2025-12-17 10:26:58.099 | ERROR    | __main__:processar_oferta:104 - ❌ Falha no envio da oferta Amazon via WhatsApp. Enviando backup para o Telegram 'me'.
2025-12-17 10:26:58.278 | ERROR    | __main__:processar_oferta:119 - ❌ Erro ao postar no Twitter: ('Connection aborted.', ConnectionResetError(10054, 'Foi forçado o cancelamento de uma conexão existente pelo host remoto', None, 10054, None))
2025-12-17 10:26:58.734 | INFO     | __main__:processar_oferta:86 - 🔎 Processando: AMAZON | Modo: 🤖 AUTO
2025-12-17 10:26:59.367 | INFO     | __main__:processar_oferta:73 - ♻️ Oferta repetida ignorada: https://descontostop.com/grupo-promocoes-whatsapp-telegram-cupom-desconto/
2025-12-17 10:27:00.005 | ERROR    | src.infrastructure.whatsapp_client:enviar_oferta:34 - ❌ Falha ao enviar WhatsApp (401): {"code":401,"message":"Invalid token.","data":{}}

2025-12-17 10:27:00.005 | ERROR    | __main__:processar_oferta:104 - ❌ Falha no envio da oferta Amazon via WhatsApp. Enviando backup para o Telegram 'me'.
2025-12-17 10:27:00.620 | ERROR    | __main__:processar_oferta:119 - ❌ Erro ao postar no Twitter: 429 Too Many Requests
Too Many Requests
2025-12-17 10:28:57.215 | INFO     | __main__:processar_oferta:73 - ♻️ Oferta repetida ignorada: https://www.mercadolivre.com.br/social/xetdaspromocoes
2025-12-17 10:28:57.330 | INFO     | __main__:processar_oferta:83 - 🚫 Link não Amazon (MERCADO LIVRE) ignorado: https://www.mercadolivre.com.br/social/promotop
2025-12-17 10:28:57.490 | INFO     | __main__:processar_oferta:83 - 🚫 Link não Amazon (None) ignorado: https://descontostop.com/promocao/amera-de-monitoramento-tp-link-tapo-smart-c200-v1-full-hd-branco
2025-12-17 10:28:59.182 | INFO     | __main__:processar_oferta:73 - ♻️ Oferta repetida ignorada: https://descontostop.com/grupo-promocoes-whatsapp-telegram-cupom-desconto/
2025-12-17 10:29:57.414 | INFO     | __main__:processar_oferta:73 - ♻️ Oferta repetida ignorada: https://www.mercadolivre.com.br/social/agenciarice
2025-12-17 10:29:58.104 | INFO     | __main__:processar_oferta:73 - ♻️ Oferta repetida ignorada: https://kabum.onelink.me/civn
2025-12-17 10:30:57.260 | INFO     | __main__:processar_oferta:73 - ♻️ Oferta repetida ignorada: https://www.amazon.com.br/dp/B0F8R9NDXC
2025-12-17 10:30:57.303 | INFO     | __main__:processar_oferta:73 - ♻️ Oferta repetida ignorada: https://www.mercadolivre.com.br/social/promozonevip
2025-12-17 10:30:58.025 | INFO     | __main__:processar_oferta:73 - ♻️ Oferta repetida ignorada: https://kabum.onelink.me/civn
2025-12-17 10:30:58.036 | INFO     | __main__:processar_oferta:73 - ♻️ Oferta repetida ignorada: https://kabum.onelink.me/civn
2025-12-17 10:31:57.230 | INFO     | __main__:processar_oferta:73 - ♻️ Oferta repetida ignorada: https://www.mercadolivre.com.br/social/xetdaspromocoes
2025-12-17 10:31:57.564 | INFO     | __main__:processar_oferta:83 - 🚫 Link não Amazon (None) ignorado: https://descontostop.com/promocao/carregador-portatil-power-bank-pocket-i2go-5000mah-usb-c
2025-12-17 10:31:57.939 | INFO     | __main__:processar_oferta:73 - ♻️ Oferta repetida ignorada: https://kabum.onelink.me/civn
2025-12-17 10:31:58.664 | INFO     | __main__:processar_oferta:86 - 🔎 Processando: AMAZON | Modo: 🤖 AUTO
2025-12-17 10:31:59.491 | INFO     | __main__:processar_oferta:73 - ♻️ Oferta repetida ignorada: https://descontostop.com/grupo-promocoes-whatsapp-telegram-cupom-desconto/
2025-12-17 10:31:59.662 | ERROR    | src.infrastructure.whatsapp_client:enviar_oferta:34 - ❌ Falha ao enviar WhatsApp (401): {"code":401,"message":"Invalid token.","data":{}}

2025-12-17 10:31:59.663 | ERROR    | __main__:processar_oferta:104 - ❌ Falha no envio da oferta Amazon via WhatsApp. Enviando backup para o Telegram 'me'.
2025-12-17 10:32:00.047 | ERROR    | __main__:processar_oferta:119 - ❌ Erro ao postar no Twitter: ('Connection aborted.', ConnectionResetError(10054, 'Foi forçado o cancelamento de uma conexão existente pelo host remoto', None, 10054, None))
2025-12-17 10:32:02.359 | INFO     | __main__:processar_oferta:73 - ♻️ Oferta repetida ignorada: https://chat.whatsapp.com/H7WuUyHoFo632jZusMQtko
2025-12-17 10:32:57.209 | INFO     | __main__:processar_oferta:73 - ♻️ Oferta repetida ignorada: https://www.mercadolivre.com.br/social/tjgaming
2025-12-17 10:32:57.349 | INFO     | __main__:processar_oferta:73 - ♻️ Oferta repetida ignorada: https://www.mercadolivre.com.br/social/promotop
2025-12-17 10:32:58.102 | INFO     | __main__:processar_oferta:73 - ♻️ Oferta repetida ignorada: https://t.me/TJGOFERTASs
2025-12-17 10:32:58.993 | INFO     | __main__:processar_oferta:73 - ♻️ Oferta repetida ignorada: https://t.me/PROMOSGERAISTJ
2025-12-17 10:32:59.897 | INFO     | __main__:processar_oferta:73 - ♻️ Oferta repetida ignorada: https://www.whatsapp.com/channel/0029Vb6EHc1KmCPTwxvrbT10
2025-12-17 10:33:57.328 | INFO     | __main__:processar_oferta:73 - ♻️ Oferta repetida ignorada: https://www.mercadolivre.com.br/social/tjgaming
2025-12-17 10:33:58.210 | INFO     | __main__:processar_oferta:73 - ♻️ Oferta repetida ignorada: https://t.me/TJGOFERTASs
2025-12-17 10:33:59.081 | INFO     | __main__:processar_oferta:73 - ♻️ Oferta repetida ignorada: https://t.me/PROMOSGERAISTJ
2025-12-17 10:34:00.296 | INFO     | __main__:processar_oferta:73 - ♻️ Oferta repetida ignorada: https://www.whatsapp.com/channel/0029Vb6EHc1KmCPTwxvrbT10
2025-12-17 10:34:56.928 | INFO     | __main__:processar_oferta:86 - 🔎 Processando: AMAZON | Modo: 🤖 AUTO
2025-12-17 10:34:57.198 | INFO     | __main__:processar_oferta:73 - ♻️ Oferta repetida ignorada: https://www.mercadolivre.com.br/social/tjgaming
2025-12-17 10:34:57.994 | ERROR    | src.infrastructure.whatsapp_client:enviar_oferta:34 - ❌ Falha ao enviar WhatsApp (401): {"code":401,"message":"Invalid token.","data":{}}

2025-12-17 10:34:57.994 | ERROR    | __main__:processar_oferta:104 - ❌ Falha no envio da oferta Amazon via WhatsApp. Enviando backup para o Telegram 'me'.
2025-12-17 10:34:58.618 | ERROR    | __main__:processar_oferta:119 - ❌ Erro ao postar no Twitter: 429 Too Many Requests
Too Many Requests
2025-12-17 10:34:58.620 | INFO     | __main__:processar_oferta:73 - ♻️ Oferta repetida ignorada: https://t.me/TJGOFERTASs
2025-12-17 10:34:59.517 | INFO     | __main__:processar_oferta:73 - ♻️ Oferta repetida ignorada: https://t.me/PROMOSGERAISTJ
2025-12-17 10:35:00.565 | INFO     | __main__:processar_oferta:73 - ♻️ Oferta repetida ignorada: https://www.whatsapp.com/channel/0029Vb6EHc1KmCPTwxvrbT10
2025-12-17 10:35:57.097 | INFO     | __main__:processar_oferta:73 - ♻️ Oferta repetida ignorada: https://www.mercadolivre.com.br/social/promozonevip
2025-12-17 10:35:57.264 | INFO     | __main__:processar_oferta:73 - ♻️ Oferta repetida ignorada: https://www.mercadolivre.com.br/social/xetdaspromocoes
2025-12-17 10:36:57.186 | INFO     | __main__:processar_oferta:73 - ♻️ Oferta repetida ignorada: https://www.amazon.com.br/dp/B0DTVWSWHQ
2025-12-17 10:36:57.480 | INFO     | __main__:processar_oferta:73 - ♻️ Oferta repetida ignorada: https://www.mercadolivre.com.br/social/xetdaspromocoes
2025-12-17 10:36:57.614 | INFO     | __main__:processar_oferta:83 - 🚫 Link não Amazon (None) ignorado: https://descontostop.com/promocao/carregador-de-bateria-carro-moto-portatil-12v8a-2ah-100ah
2025-12-17 10:36:58.228 | WARNING  | src.core.link_router:resolver_link_real:27 - ⚠️ Erro ao resolver link https://promocoesfacil.com.br/whats: 
2025-12-17 10:36:58.229 | INFO     | __main__:processar_oferta:83 - 🚫 Link não Amazon (None) ignorado: https://promocoesfacil.com.br/whats
2025-12-17 10:36:59.647 | INFO     | __main__:processar_oferta:73 - ♻️ Oferta repetida ignorada: https://descontostop.com/grupo-promocoes-whatsapp-telegram-cupom-desconto/
2025-12-17 10:38:57.341 | INFO     | __main__:processar_oferta:73 - ♻️ Oferta repetida ignorada: https://www.mercadolivre.com.br/social/agenciarice
2025-12-17 10:38:58.897 | INFO     | __main__:processar_oferta:86 - 🔎 Processando: AMAZON | Modo: 🤖 AUTO
2025-12-17 10:38:59.900 | ERROR    | src.infrastructure.whatsapp_client:enviar_oferta:34 - ❌ Falha ao enviar WhatsApp (401): {"code":401,"message":"Invalid token.","data":{}}

2025-12-17 10:38:59.900 | ERROR    | __main__:processar_oferta:104 - ❌ Falha no envio da oferta Amazon via WhatsApp. Enviando backup para o Telegram 'me'.
2025-12-17 10:39:00.070 | ERROR    | __main__:processar_oferta:119 - ❌ Erro ao postar no Twitter: ('Connection aborted.', ConnectionResetError(10054, 'Foi forçado o cancelamento de uma conexão existente pelo host remoto', None, 10054, None))
2025-12-17 10:39:57.849 | INFO     | __main__:processar_oferta:73 - ♻️ Oferta repetida ignorada: https://r.amzlink.to/
2025-12-17 10:40:56.732 | INFO     | __main__:processar_oferta:83 - 🚫 Link não Amazon (None) ignorado: https://www.pelando.com.br/d/ps5-slim-digital-825gb-astro-bot-e-gt7-1ea0
2025-12-17 10:40:57.138 | INFO     | __main__:processar_oferta:73 - ♻️ Oferta repetida ignorada: https://www.pelando.com.br/grupos/
2025-12-17 10:42:57.089 | INFO     | __main__:processar_oferta:86 - 🔎 Processando: AMAZON | Modo: 🤖 AUTO
2025-12-17 10:42:57.568 | INFO     | __main__:processar_oferta:86 - 🔎 Processando: AMAZON | Modo: 🤖 AUTO
2025-12-17 10:42:57.617 | INFO     | __main__:processar_oferta:73 - ♻️ Oferta repetida ignorada: https://www.mercadolivre.com.br/social/promotop
2025-12-17 10:42:57.932 | INFO     | __main__:processar_oferta:86 - 🔎 Processando: AMAZON | Modo: 🤖 AUTO
2025-12-17 10:42:58.581 | ERROR    | src.infrastructure.whatsapp_client:enviar_oferta:34 - ❌ Falha ao enviar WhatsApp (401): {"code":401,"message":"Invalid token.","data":{}}

2025-12-17 10:42:58.582 | ERROR    | __main__:processar_oferta:104 - ❌ Falha no envio da oferta Amazon via WhatsApp. Enviando backup para o Telegram 'me'.
2025-12-17 10:42:58.738 | ERROR    | src.infrastructure.whatsapp_client:enviar_oferta:34 - ❌ Falha ao enviar WhatsApp (401): {"code":401,"message":"Invalid token.","data":{}}

2025-12-17 10:42:58.739 | ERROR    | __main__:processar_oferta:104 - ❌ Falha no envio da oferta Amazon via WhatsApp. Enviando backup para o Telegram 'me'.
2025-12-17 10:42:59.202 | ERROR    | __main__:processar_oferta:119 - ❌ Erro ao postar no Twitter: 429 Too Many Requests
Too Many Requests
2025-12-17 10:42:59.204 | ERROR    | src.infrastructure.whatsapp_client:enviar_oferta:34 - ❌ Falha ao enviar WhatsApp (401): {"code":401,"message":"Invalid token.","data":{}}

2025-12-17 10:42:59.206 | ERROR    | __main__:processar_oferta:104 - ❌ Falha no envio da oferta Amazon via WhatsApp. Enviando backup para o Telegram 'me'.
2025-12-17 10:42:59.374 | ERROR    | __main__:processar_oferta:119 - ❌ Erro ao postar no Twitter: 429 Too Many Requests
Too Many Requests
2025-12-17 10:42:59.688 | ERROR    | __main__:processar_oferta:119 - ❌ Erro ao postar no Twitter: 429 Too Many Requests
Too Many Requests
2025-12-17 10:43:57.403 | INFO     | __main__:processar_oferta:86 - 🔎 Processando: AMAZON | Modo: 🤖 AUTO
2025-12-17 10:43:58.315 | ERROR    | src.infrastructure.whatsapp_client:enviar_oferta:34 - ❌ Falha ao enviar WhatsApp (401): {"code":401,"message":"Invalid token.","data":{}}

2025-12-17 10:43:58.316 | ERROR    | __main__:processar_oferta:104 - ❌ Falha no envio da oferta Amazon via WhatsApp. Enviando backup para o Telegram 'me'.
2025-12-17 10:43:58.637 | ERROR    | __main__:processar_oferta:119 - ❌ Erro ao postar no Twitter: 429 Too Many Requests
Too Many Requests
2025-12-17 10:44:57.550 | INFO     | __main__:processar_oferta:73 - ♻️ Oferta repetida ignorada: https://www.mercadolivre.com.br/social/xetdaspromocoes
2025-12-17 10:45:57.621 | INFO     | __main__:processar_oferta:73 - ♻️ Oferta repetida ignorada: https://www.mercadolivre.com.br/social/promozonevip
2025-12-17 10:45:58.056 | INFO     | __main__:processar_oferta:73 - ♻️ Oferta repetida ignorada: https://r.amzlink.to/
2025-12-17 10:47:57.869 | INFO     | __main__:processar_oferta:83 - 🚫 Link não Amazon (MERCADO LIVRE) ignorado: https://www.mercadolivre.com.br/social/ro20251028090844
2025-12-17 10:48:58.024 | INFO     | __main__:processar_oferta:83 - 🚫 Link não Amazon (None) ignorado: https://descontostop.com/promocao/memoria-ram-husky-impulse-8gb-3200mhz-ddr4-cl22-preto
2025-12-17 10:48:59.670 | INFO     | __main__:processar_oferta:73 - ♻️ Oferta repetida ignorada: https://descontostop.com/grupo-promocoes-whatsapp-telegram-cupom-desconto/
2025-12-17 10:49:57.319 | INFO     | __main__:processar_oferta:73 - ♻️ Oferta repetida ignorada: https://www.mercadolivre.com.br/social/xetdaspromocoes
2025-12-17 10:50:57.158 | INFO     | __main__:processar_oferta:73 - ♻️ Oferta repetida ignorada: https://www.amazon.com.br/dp/B0DKFMSMYK
2025-12-17 10:50:57.170 | INFO     | __main__:processar_oferta:86 - 🔎 Processando: AMAZON | Modo: 🤖 AUTO
2025-12-17 10:50:58.220 | ERROR    | src.infrastructure.whatsapp_client:enviar_oferta:34 - ❌ Falha ao enviar WhatsApp (401): {"code":401,"message":"Invalid token.","data":{}}

2025-12-17 10:50:58.221 | ERROR    | __main__:processar_oferta:104 - ❌ Falha no envio da oferta Amazon via WhatsApp. Enviando backup para o Telegram 'me'.
2025-12-17 10:50:58.398 | ERROR    | __main__:processar_oferta:119 - ❌ Erro ao postar no Twitter: ('Connection aborted.', ConnectionResetError(10054, 'Foi forçado o cancelamento de uma conexão existente pelo host remoto', None, 10054, None))
2025-12-17 10:51:03.863 | INFO     | __main__:processar_oferta:73 - ♻️ Oferta repetida ignorada: https://www.mercadolivre.com.br/social/ro20251028090844
2025-12-17 10:52:57.842 | INFO     | __main__:processar_oferta:73 - ♻️ Oferta repetida ignorada: https://www.amazon.com.br/dp/B0FPGF9J2J
2025-12-17 10:52:58.139 | INFO     | __main__:processar_oferta:73 - ♻️ Oferta repetida ignorada: https://www.mercadolivre.com.br/social/ro20251028090844
2025-12-17 10:52:59.145 | INFO     | __main__:processar_oferta:86 - 🔎 Processando: AMAZON | Modo: 🤖 AUTO
2025-12-17 10:53:00.159 | ERROR    | src.infrastructure.whatsapp_client:enviar_oferta:34 - ❌ Falha ao enviar WhatsApp (401): {"code":401,"message":"Invalid token.","data":{}}

2025-12-17 10:53:00.160 | ERROR    | __main__:processar_oferta:104 - ❌ Falha no envio da oferta Amazon via WhatsApp. Enviando backup para o Telegram 'me'.
2025-12-17 10:53:00.778 | ERROR    | __main__:processar_oferta:119 - ❌ Erro ao postar no Twitter: 429 Too Many Requests
Too Many Requests
2025-12-17 10:53:57.945 | INFO     | __main__:processar_oferta:73 - ♻️ Oferta repetida ignorada: https://www.amazon.com.br/dp/B0FCW79ZM3
2025-12-17 10:53:58.201 | INFO     | __main__:processar_oferta:73 - ♻️ Oferta repetida ignorada: https://validate.perfdrive.com/ca4df1c7abf7ea2cc50ab30bdf7ed2bb/
2025-12-17 10:55:57.596 | INFO     | __main__:processar_oferta:86 - 🔎 Processando: AMAZON | Modo: 🤖 AUTO
2025-12-17 10:55:57.825 | INFO     | __main__:processar_oferta:73 - ♻️ Oferta repetida ignorada: https://www.mercadolivre.com.br/social/promozonevip
2025-12-17 10:55:58.631 | ERROR    | src.infrastructure.whatsapp_client:enviar_oferta:34 - ❌ Falha ao enviar WhatsApp (401): {"code":401,"message":"Invalid token.","data":{}}

2025-12-17 10:55:58.632 | ERROR    | __main__:processar_oferta:104 - ❌ Falha no envio da oferta Amazon via WhatsApp. Enviando backup para o Telegram 'me'.
2025-12-17 11:16:15.020 | INFO     | __main__:<module>:20 - 🐭 INICIANDO O RATO GARIMPEIRO ENTERPRISE (Modo AMAZON/WHATSAPP)...
2025-12-17 11:16:15.352 | SUCCESS  | __main__:<module>:26 - ✅ Sistemas Core iniciados!
2025-12-17 11:16:15.352 | SUCCESS  | __main__:<module>:38 - 🐦 Twitter/X Conectado com sucesso!
2025-12-17 11:16:16.337 | INFO     | __main__:main:127 - 👀 Validando canais fonte (Este passo pode demorar alguns segundos)...
2025-12-17 11:16:16.770 | ERROR    | __main__:resolve_safe_channels:58 - ❌ Canal inválido ou não existente: @tecdicas -> IGNORADO.
2025-12-17 11:16:16.917 | ERROR    | __main__:resolve_safe_channels:58 - ❌ Canal inválido ou não existente: @ofertasdevideo -> IGNORADO.
2025-12-17 11:16:17.060 | ERROR    | __main__:resolve_safe_channels:58 - ❌ Canal inválido ou não existente: @ofertasparacasa -> IGNORADO.
2025-12-17 11:16:17.218 | ERROR    | __main__:resolve_safe_channels:58 - ❌ Canal inválido ou não existente: @livrosepromocao -> IGNORADO.
2025-12-17 11:16:17.218 | SUCCESS  | __main__:main:137 - ✅ Monitoramento iniciado com 21 canais válidos.
2025-12-17 11:17:16.927 | INFO     | __main__:processar_oferta:83 - 🚫 Link não Amazon (None) ignorado: https://benchpromos.com.br/promocao/smart-tv-4k-50-lg-nanocell-50nanoa-processador-7-ai-ger8-4k/cmja3hh2j00jz9t0ijhchno8c
2025-12-17 11:17:17.527 | INFO     | __main__:processar_oferta:83 - 🚫 Link não Amazon (MERCADO LIVRE) ignorado: https://www.mercadolivre.com.br/social/promotom
2025-12-17 11:17:17.647 | INFO     | __main__:processar_oferta:73 - ♻️ Oferta repetida ignorada: https://www.mercadolivre.com.br/social/promotom
2025-12-17 11:17:17.960 | INFO     | __main__:processar_oferta:83 - 🚫 Link não Amazon (None) ignorado: https://r.amzlink.to/
2025-12-17 11:17:18.461 | INFO     | __main__:processar_oferta:83 - 🚫 Link não Amazon (MERCADO LIVRE) ignorado: https://www.mercadolivre.com.br/smart-tv-4k-50-lg-nanocell-50nanoa-processador-7-ai-ger8-4k-super-upscaling-google-cast-alexa-integrado-controle-ai-smart-magic-webos-25/p/MLB51967528
2025-12-17 11:18:17.293 | INFO     | __main__:processar_oferta:83 - 🚫 Link não Amazon (MERCADO LIVRE) ignorado: https://www.mercadolivre.com.br/social/mesprom
2025-12-17 11:18:17.301 | INFO     | __main__:processar_oferta:73 - ♻️ Oferta repetida ignorada: https://www.mercadolivre.com.br/social/promotom
2025-12-17 11:18:17.341 | INFO     | __main__:processar_oferta:83 - 🚫 Link não Amazon (MERCADO LIVRE) ignorado: https://www.mercadolivre.com.br/social/urubupromo
2025-12-17 11:18:17.993 | INFO     | __main__:processar_oferta:83 - 🚫 Link não Amazon (MERCADO LIVRE) ignorado: https://www.mercadolivre.com.br/smart-tv-55-philco-4k-uhd-led-roku-tv-dolby-audio-p55cra/p/MLB51227402
2025-12-17 11:19:16.709 | INFO     | __main__:processar_oferta:83 - 🚫 Link não Amazon (None) ignorado: https://benchpromos.com.br/promocao/geladeira-lg-duplex-395l-frost-free-inverter-branca-branco/cmja3jtrc00k19t0i87gvpeiy
2025-12-17 11:19:17.386 | INFO     | __main__:processar_oferta:73 - ♻️ Oferta repetida ignorada: https://www.mercadolivre.com.br/social/promotom
2025-12-17 11:19:17.442 | INFO     | __main__:processar_oferta:83 - 🚫 Link não Amazon (MERCADO LIVRE) ignorado: https://www.mercadolivre.com.br/social/xetdaspromocoes
2025-12-17 11:19:17.493 | INFO     | __main__:processar_oferta:73 - ♻️ Oferta repetida ignorada: https://www.mercadolivre.com.br/social/mesprom
2025-12-17 11:19:18.371 | INFO     | __main__:processar_oferta:83 - 🚫 Link não Amazon (MERCADO LIVRE) ignorado: https://www.mercadolivre.com.br/geladeira-lg-duplex-395l-frost-free-inverter-branca-branco/p/MLB58193821
2025-12-17 11:20:17.365 | INFO     | __main__:processar_oferta:83 - 🚫 Link não Amazon (MERCADO LIVRE) ignorado: https://www.mercadolivre.com.br/up/MLBU3508825298
2025-12-17 11:20:17.462 | INFO     | __main__:processar_oferta:73 - ♻️ Oferta repetida ignorada: https://www.mercadolivre.com.br/social/mesprom
2025-12-17 11:20:17.595 | INFO     | __main__:processar_oferta:83 - 🚫 Link não Amazon (None) ignorado: https://www.pelando.com.br/d/placa-de-video-asrock-rx-9060-xt-8gb-gddr6-white-86a5
2025-12-17 11:20:17.808 | INFO     | __main__:processar_oferta:83 - 🚫 Link não Amazon (MERCADO LIVRE) ignorado: https://lista.mercadolivre.com.br/loja/inpower/_PriceRange_2389BRL-2390BRL_NoIndex_True
2025-12-17 11:20:18.015 | INFO     | __main__:processar_oferta:83 - 🚫 Link não Amazon (None) ignorado: https://www.pelando.com.br/grupos/
2025-12-17 11:21:17.354 | INFO     | __main__:processar_oferta:73 - ♻️ Oferta repetida ignorada: https://www.mercadolivre.com.br/social/mesprom
2025-12-17 11:21:17.389 | INFO     | __main__:processar_oferta:73 - ♻️ Oferta repetida ignorada: https://www.mercadolivre.com.br/social/xetdaspromocoes
2025-12-17 11:21:17.452 | INFO     | __main__:processar_oferta:73 - ♻️ Oferta repetida ignorada: https://www.mercadolivre.com.br/social/promotom
2025-12-17 11:21:19.031 | INFO     | __main__:processar_oferta:86 - 🔎 Processando: AMAZON | Modo: 🤖 AUTO
2025-12-17 11:21:25.873 | SUCCESS  | src.infrastructure.whatsapp_client:enviar_oferta:30 - ✅ Postado no WhatsApp com sucesso!
2025-12-17 11:21:25.873 | SUCCESS  | __main__:processar_oferta:102 - 📱 Oferta AMAZON enviada para seu WhatsApp: https://www.amazon.com.br/dp/B0FDKTQ7RF?...
2025-12-17 11:21:26.363 | ERROR    | __main__:processar_oferta:119 - ❌ Erro ao postar no Twitter: 429 Too Many Requests
Too Many Requests
2025-12-17 11:22:16.831 | INFO     | __main__:processar_oferta:83 - 🚫 Link não Amazon (None) ignorado: https://benchpromos.com.br/promocao/notebook-acer-aspire-5-amd-ryzen-7-5700u-8gb-ram-256gb-ssd-linux/cmja3o5ki02k59t0ihd6hc7lo
2025-12-17 11:22:17.395 | INFO     | __main__:processar_oferta:73 - ♻️ Oferta repetida ignorada: https://www.mercadolivre.com.br/social/promotom
2025-12-17 11:22:18.064 | INFO     | __main__:processar_oferta:83 - 🚫 Link não Amazon (MERCADO LIVRE) ignorado: https://lista.mercadolivre.com.br/loja/eshop/lista/eletronicos-audio-video/televisores/aoc/_PriceRange_1500-0
2025-12-17 11:22:18.209 | INFO     | __main__:processar_oferta:73 - ♻️ Oferta repetida ignorada: https://www.mercadolivre.com.br/social/promotom
2025-12-17 11:22:18.944 | INFO     | __main__:processar_oferta:73 - ♻️ Oferta repetida ignorada: https://www.mercadolivre.com.br/social/promotom
2025-12-17 11:22:58.444 | INFO     | __main__:processar_oferta:73 - ♻️ Oferta repetida ignorada: https://www.amazon.com.br/
2025-12-17 11:24:17.377 | INFO     | __main__:processar_oferta:83 - 🚫 Link não Amazon (MERCADO LIVRE) ignorado: https://www.mercadolivre.com.br/social/promotop
2025-12-17 11:24:17.382 | INFO     | __main__:processar_oferta:73 - ♻️ Oferta repetida ignorada: https://www.mercadolivre.com.br/social/mesprom
2025-12-17 11:24:45.896 | INFO     | __main__:processar_oferta:83 - 🚫 Link não Amazon (MERCADO LIVRE) ignorado: https://www.mercadolivre.com.br/social/agenciarice
2025-12-17 11:25:17.393 | INFO     | __main__:processar_oferta:73 - ♻️ Oferta repetida ignorada: https://www.mercadolivre.com.br/social/promotop
2025-12-17 11:25:17.545 | INFO     | __main__:processar_oferta:73 - ♻️ Oferta repetida ignorada: https://www.mercadolivre.com.br/social/mesprom
2025-12-17 11:25:18.337 | INFO     | __main__:processar_oferta:83 - 🚫 Link não Amazon (None) ignorado: https://descontostop.com/loja/cupom-desconto-beleza-na-web/
2025-12-17 11:26:17.427 | INFO     | __main__:processar_oferta:73 - ♻️ Oferta repetida ignorada: https://www.mercadolivre.com.br/social/mesprom
2025-12-17 11:26:17.585 | INFO     | __main__:processar_oferta:83 - 🚫 Link não Amazon (MERCADO LIVRE) ignorado: https://www.mercadolivre.com.br/social/promozonevip
2025-12-17 11:27:17.447 | INFO     | __main__:processar_oferta:73 - ♻️ Oferta repetida ignorada: https://www.mercadolivre.com.br/social/agenciarice
2025-12-17 11:27:17.474 | INFO     | __main__:processar_oferta:73 - ♻️ Oferta repetida ignorada: https://www.mercadolivre.com.br/social/xetdaspromocoes
2025-12-17 11:27:17.573 | INFO     | __main__:processar_oferta:83 - 🚫 Link não Amazon (None) ignorado: https://descontostop.com/promocao/kit-de-carregamento-portatil-com-estojo-rigido-usb-c-33w-marrom-harry-potter-iwill
2025-12-17 11:27:19.054 | INFO     | __main__:processar_oferta:83 - 🚫 Link não Amazon (None) ignorado: https://descontostop.com/grupo-promocoes-whatsapp-telegram-cupom-desconto/
2025-12-17 11:28:13.065 | INFO     | __main__:processar_oferta:73 - ♻️ Oferta repetida ignorada: https://www.mercadolivre.com.br/social/promotop
2025-12-17 11:28:45.676 | INFO     | __main__:processar_oferta:73 - ♻️ Oferta repetida ignorada: https://www.mercadolivre.com.br/social/mesprom
2025-12-17 11:28:46.427 | INFO     | __main__:processar_oferta:73 - ♻️ Oferta repetida ignorada: https://www.mercadolivre.com.br/social/mesprom
2025-12-17 11:28:47.191 | INFO     | __main__:processar_oferta:73 - ♻️ Oferta repetida ignorada: https://www.mercadolivre.com.br/social/mesprom
2025-12-17 11:29:17.516 | INFO     | __main__:processar_oferta:73 - ♻️ Oferta repetida ignorada: https://www.mercadolivre.com.br/social/agenciarice
2025-12-17 11:29:17.712 | INFO     | __main__:processar_oferta:83 - 🚫 Link não Amazon (None) ignorado: https://descontostop.com/promocao/central-de-alarme-monitorada-amt-2018-e-intelbras-18-zonas
2025-12-17 11:29:28.832 | INFO     | __main__:processar_oferta:73 - ♻️ Oferta repetida ignorada: https://descontostop.com/grupo-promocoes-whatsapp-telegram-cupom-desconto/
2025-12-17 11:30:17.700 | INFO     | __main__:processar_oferta:73 - ♻️ Oferta repetida ignorada: https://www.mercadolivre.com.br/social/mesprom
2025-12-17 11:30:17.805 | INFO     | __main__:processar_oferta:73 - ♻️ Oferta repetida ignorada: https://www.mercadolivre.com.br/social/agenciarice
2025-12-17 11:31:17.332 | INFO     | __main__:processar_oferta:73 - ♻️ Oferta repetida ignorada: https://www.mercadolivre.com.br/social/promozonevip
2025-12-17 11:31:17.592 | INFO     | __main__:processar_oferta:73 - ♻️ Oferta repetida ignorada: https://www.mercadolivre.com.br/social/xetdaspromocoes
2025-12-17 11:31:17.713 | INFO     | __main__:processar_oferta:73 - ♻️ Oferta repetida ignorada: https://www.mercadolivre.com.br/social/urubupromo
2025-12-17 11:31:17.886 | INFO     | __main__:processar_oferta:73 - ♻️ Oferta repetida ignorada: https://www.mercadolivre.com.br/social/promotom
2025-12-17 11:31:18.047 | INFO     | __main__:processar_oferta:73 - ♻️ Oferta repetida ignorada: https://www.mercadolivre.com.br/social/mesprom
2025-12-17 11:32:17.629 | INFO     | __main__:processar_oferta:73 - ♻️ Oferta repetida ignorada: https://www.mercadolivre.com.br/social/promotom
2025-12-17 11:32:17.658 | INFO     | __main__:processar_oferta:73 - ♻️ Oferta repetida ignorada: https://www.mercadolivre.com.br/social/promotom
2025-12-17 11:32:17.665 | INFO     | __main__:processar_oferta:73 - ♻️ Oferta repetida ignorada: https://www.mercadolivre.com.br/social/promotop
2025-12-17 11:32:18.292 | INFO     | __main__:processar_oferta:83 - 🚫 Link não Amazon (MERCADO LIVRE) ignorado: https://www.mercadolivre.com.br/social/promozonevip/lists
2025-12-17 11:33:17.628 | INFO     | __main__:processar_oferta:73 - ♻️ Oferta repetida ignorada: https://www.mercadolivre.com.br/social/mesprom
2025-12-17 11:34:17.679 | INFO     | __main__:processar_oferta:73 - ♻️ Oferta repetida ignorada: https://www.mercadolivre.com.br/social/agenciarice
2025-12-17 11:34:17.746 | INFO     | __main__:processar_oferta:73 - ♻️ Oferta repetida ignorada: https://www.mercadolivre.com.br/social/agenciarice
2025-12-17 11:35:17.379 | INFO     | __main__:processar_oferta:83 - 🚫 Link não Amazon (None) ignorado: https://reduz.ai/p/55858
2025-12-17 11:35:17.683 | INFO     | __main__:processar_oferta:73 - ♻️ Oferta repetida ignorada: https://www.mercadolivre.com.br/social/agenciarice
2025-12-17 11:35:17.687 | INFO     | __main__:processar_oferta:73 - ♻️ Oferta repetida ignorada: https://www.mercadolivre.com.br/social/urubupromo
2025-12-17 11:36:17.591 | INFO     | __main__:processar_oferta:73 - ♻️ Oferta repetida ignorada: https://www.mercadolivre.com.br/social/promozonevip
2025-12-17 11:36:17.722 | INFO     | __main__:processar_oferta:73 - ♻️ Oferta repetida ignorada: https://www.mercadolivre.com.br/social/xetdaspromocoes
2025-12-17 11:36:18.055 | INFO     | __main__:processar_oferta:83 - 🚫 Link não Amazon (None) ignorado: https://descontostop.com/promocao/protetor-solar-fps-90-sun-fresh-200ml-neutrogena
2025-12-17 11:36:19.411 | INFO     | __main__:processar_oferta:73 - ♻️ Oferta repetida ignorada: https://descontostop.com/grupo-promocoes-whatsapp-telegram-cupom-desconto/
2025-12-17 11:37:17.687 | INFO     | __main__:processar_oferta:73 - ♻️ Oferta repetida ignorada: https://www.mercadolivre.com.br/social/urubupromo
2025-12-17 11:37:17.712 | INFO     | __main__:processar_oferta:73 - ♻️ Oferta repetida ignorada: https://www.mercadolivre.com.br/social/promotom
2025-12-17 11:37:17.726 | INFO     | __main__:processar_oferta:73 - ♻️ Oferta repetida ignorada: https://www.mercadolivre.com.br/social/agenciarice
2025-12-17 11:37:17.770 | INFO     | __main__:processar_oferta:73 - ♻️ Oferta repetida ignorada: https://www.mercadolivre.com.br/social/mesprom
2025-12-17 11:37:17.852 | INFO     | __main__:processar_oferta:73 - ♻️ Oferta repetida ignorada: https://www.mercadolivre.com.br/social/agenciarice
2025-12-17 11:38:17.968 | INFO     | __main__:processar_oferta:86 - 🔎 Processando: AMAZON | Modo: 🤖 AUTO
2025-12-17 11:38:21.618 | SUCCESS  | src.infrastructure.whatsapp_client:enviar_oferta:30 - ✅ Postado no WhatsApp com sucesso!
2025-12-17 11:38:21.619 | SUCCESS  | __main__:processar_oferta:102 - 📱 Oferta AMAZON enviada para seu WhatsApp: https://www.amazon.com.br/Dux-Nutrition-...
2025-12-17 11:38:40.816 | ERROR    | __main__:processar_oferta:119 - ❌ Erro ao postar no Twitter: HTTPSConnectionPool(host='api.twitter.com', port=443): Read timed out. (read timeout=None)
2025-12-17 11:39:17.674 | INFO     | __main__:processar_oferta:83 - 🚫 Link não Amazon (None) ignorado: https://descontostop.com/promocao/smartphone-motorola-edge-60-5g-512gb-24gb-12gb-ram12gb-ram-boost-tela-quad-curve-moto-ai-50mp-sony-camera-ultrarresistencia-militar-ip68-ip69-verde
2025-12-17 11:39:17.750 | INFO     | __main__:processar_oferta:73 - ♻️ Oferta repetida ignorada: https://www.mercadolivre.com.br/social/agenciarice
2025-12-17 11:39:17.846 | INFO     | __main__:processar_oferta:73 - ♻️ Oferta repetida ignorada: https://www.mercadolivre.com.br/social/mesprom
2025-12-17 11:39:19.278 | INFO     | __main__:processar_oferta:73 - ♻️ Oferta repetida ignorada: https://descontostop.com/grupo-promocoes-whatsapp-telegram-cupom-desconto/
2025-12-17 11:40:17.745 | INFO     | __main__:processar_oferta:73 - ♻️ Oferta repetida ignorada: https://www.mercadolivre.com.br/social/agenciarice
2025-12-17 11:40:17.762 | INFO     | __main__:processar_oferta:73 - ♻️ Oferta repetida ignorada: https://www.mercadolivre.com.br/social/promotom
2025-12-17 11:40:17.887 | INFO     | __main__:processar_oferta:83 - 🚫 Link não Amazon (MERCADO LIVRE) ignorado: https://www.mercadolivre.com.br/social/ro20251028090844
2025-12-17 11:40:18.225 | INFO     | __main__:processar_oferta:83 - 🚫 Link não Amazon (None) ignorado: https://www.pelando.com.br/d/cupom-mercado-livre-oferece-rdollar-250-off-em-pedidos-de-minimo-rdollar-1499-f97e
2025-12-17 11:40:18.638 | INFO     | __main__:processar_oferta:73 - ♻️ Oferta repetida ignorada: https://www.pelando.com.br/grupos/
2025-12-17 11:41:17.703 | INFO     | __main__:processar_oferta:73 - ♻️ Oferta repetida ignorada: https://www.mercadolivre.com.br/social/promozonevip
2025-12-17 11:41:17.832 | INFO     | __main__:processar_oferta:73 - ♻️ Oferta repetida ignorada: https://www.mercadolivre.com.br/social/agenciarice
2025-12-17 11:41:17.854 | INFO     | __main__:processar_oferta:73 - ♻️ Oferta repetida ignorada: https://www.mercadolivre.com.br/social/mesprom
2025-12-17 11:42:17.688 | INFO     | __main__:processar_oferta:73 - ♻️ Oferta repetida ignorada: https://www.mercadolivre.com.br/social/xetdaspromocoes
2025-12-17 11:42:17.723 | INFO     | __main__:processar_oferta:73 - ♻️ Oferta repetida ignorada: https://www.mercadolivre.com.br/social/mesprom
2025-12-17 11:42:17.738 | INFO     | __main__:processar_oferta:73 - ♻️ Oferta repetida ignorada: https://www.mercadolivre.com.br/social/agenciarice
2025-12-17 11:42:18.088 | INFO     | __main__:processar_oferta:73 - ♻️ Oferta repetida ignorada: https://www.mercadolivre.com.br/social/agenciarice
2025-12-17 11:42:18.379 | INFO     | __main__:processar_oferta:73 - ♻️ Oferta repetida ignorada: https://www.mercadolivre.com.br/social/promotom
2025-12-17 11:43:17.745 | INFO     | __main__:processar_oferta:73 - ♻️ Oferta repetida ignorada: https://www.mercadolivre.com.br/social/agenciarice
2025-12-17 11:43:18.127 | INFO     | __main__:processar_oferta:73 - ♻️ Oferta repetida ignorada: https://www.mercadolivre.com.br/social/promotom
2025-12-17 11:44:17.767 | INFO     | __main__:processar_oferta:73 - ♻️ Oferta repetida ignorada: https://www.mercadolivre.com.br/social/agenciarice
2025-12-17 11:44:17.790 | INFO     | __main__:processar_oferta:73 - ♻️ Oferta repetida ignorada: https://www.mercadolivre.com.br/social/promotom
2025-12-17 11:45:17.808 | INFO     | __main__:processar_oferta:73 - ♻️ Oferta repetida ignorada: https://www.mercadolivre.com.br/social/agenciarice
2025-12-17 11:45:17.831 | INFO     | __main__:processar_oferta:73 - ♻️ Oferta repetida ignorada: https://www.mercadolivre.com.br/social/mesprom
2025-12-17 11:46:17.808 | INFO     | __main__:processar_oferta:73 - ♻️ Oferta repetida ignorada: https://www.mercadolivre.com.br/social/agenciarice
2025-12-17 11:46:17.812 | INFO     | __main__:processar_oferta:86 - 🔎 Processando: AMAZON | Modo: 🤖 AUTO
2025-12-17 11:46:18.082 | INFO     | __main__:processar_oferta:83 - 🚫 Link não Amazon (None) ignorado: https://validate.perfdrive.com/ca4df1c7abf7ea2cc50ab30bdf7ed2bb/
2025-12-17 11:46:21.238 | SUCCESS  | src.infrastructure.whatsapp_client:enviar_oferta:30 - ✅ Postado no WhatsApp com sucesso!
2025-12-17 11:46:21.239 | SUCCESS  | __main__:processar_oferta:102 - 📱 Oferta AMAZON enviada para seu WhatsApp: https://www.amazon.com.br/dp/B0B61RX9XK?...
2025-12-17 11:46:21.696 | ERROR    | __main__:processar_oferta:119 - ❌ Erro ao postar no Twitter: 429 Too Many Requests
Too Many Requests
2025-12-17 11:46:33.439 | INFO     | __main__:processar_oferta:73 - ♻️ Oferta repetida ignorada: https://www.mercadolivre.com.br/social/promotom
2025-12-17 11:48:17.873 | INFO     | __main__:processar_oferta:73 - ♻️ Oferta repetida ignorada: https://www.mercadolivre.com.br/social/urubupromo
2025-12-17 11:48:17.902 | INFO     | __main__:processar_oferta:73 - ♻️ Oferta repetida ignorada: https://www.mercadolivre.com.br/social/mesprom
2025-12-17 11:48:18.154 | INFO     | __main__:processar_oferta:83 - 🚫 Link não Amazon (None) ignorado: https://descontostop.com/promocao/colar-femino-ponto-de-luz-prata-925-caixinha-presente
2025-12-17 11:48:19.489 | INFO     | __main__:processar_oferta:73 - ♻️ Oferta repetida ignorada: https://descontostop.com/grupo-promocoes-whatsapp-telegram-cupom-desconto/
2025-12-17 11:49:17.884 | INFO     | __main__:processar_oferta:83 - 🚫 Link não Amazon (None) ignorado: https://reduz.me/4cd693d9
2025-12-17 11:49:17.886 | INFO     | __main__:processar_oferta:83 - 🚫 Link não Amazon (MERCADO LIVRE) ignorado: https://www.mercadolivre.com.br/social/cupons
2025-12-17 11:50:18.271 | INFO     | __main__:processar_oferta:83 - 🚫 Link não Amazon (None) ignorado: https://descontostop.com/promocao/cooktop-itatiaia-master-4-bocas-vidro-preto-inducao
2025-12-17 11:50:19.794 | INFO     | __main__:processar_oferta:73 - ♻️ Oferta repetida ignorada: https://descontostop.com/grupo-promocoes-whatsapp-telegram-cupom-desconto/
2025-12-17 11:50:36.904 | INFO     | __main__:processar_oferta:86 - 🔎 Processando: AMAZON | Modo: 🤖 AUTO
2025-12-17 11:50:40.508 | SUCCESS  | src.infrastructure.whatsapp_client:enviar_oferta:30 - ✅ Postado no WhatsApp com sucesso!
2025-12-17 11:50:40.508 | SUCCESS  | __main__:processar_oferta:102 - 📱 Oferta AMAZON enviada para seu WhatsApp: https://www.amazon.com.br/dp/B07GDP81T9?...
2025-12-17 11:50:40.524 | ERROR    | __main__:processar_oferta:119 - ❌ Erro ao postar no Twitter: ('Connection aborted.', ConnectionResetError(10054, 'Foi forçado o cancelamento de uma conexão existente pelo host remoto', None, 10054, None))
2025-12-17 11:51:17.990 | INFO     | __main__:processar_oferta:73 - ♻️ Oferta repetida ignorada: https://www.mercadolivre.com.br/social/agenciarice
2025-12-17 11:51:18.178 | INFO     | __main__:processar_oferta:73 - ♻️ Oferta repetida ignorada: https://www.mercadolivre.com.br/social/agenciarice
2025-12-17 11:52:18.147 | INFO     | __main__:processar_oferta:73 - ♻️ Oferta repetida ignorada: https://www.mercadolivre.com.br/social/agenciarice
2025-12-17 11:52:18.196 | INFO     | __main__:processar_oferta:73 - ♻️ Oferta repetida ignorada: https://www.mercadolivre.com.br/social/agenciarice
2025-12-17 11:52:18.225 | INFO     | __main__:processar_oferta:73 - ♻️ Oferta repetida ignorada: https://www.mercadolivre.com.br/social/promotom
2025-12-17 11:52:18.282 | INFO     | __main__:processar_oferta:83 - 🚫 Link não Amazon (None) ignorado: https://descontostop.com/promocao/pc-gamer-completo-setup-ninja-storm-i-i7-16gb-ram-960gb-ssd-monitor-19-kit-perifericos
2025-12-17 11:52:19.540 | INFO     | __main__:processar_oferta:73 - ♻️ Oferta repetida ignorada: https://descontostop.com/grupo-promocoes-whatsapp-telegram-cupom-desconto/
2025-12-17 11:53:18.039 | INFO     | __main__:processar_oferta:73 - ♻️ Oferta repetida ignorada: https://www.mercadolivre.com.br/social/agenciarice
2025-12-17 11:53:18.123 | INFO     | __main__:processar_oferta:73 - ♻️ Oferta repetida ignorada: https://www.mercadolivre.com.br/social/xetdaspromocoes
2025-12-17 11:54:18.210 | INFO     | __main__:processar_oferta:73 - ♻️ Oferta repetida ignorada: https://www.mercadolivre.com.br/social/agenciarice
2025-12-17 11:55:18.151 | INFO     | __main__:processar_oferta:73 - ♻️ Oferta repetida ignorada: https://www.mercadolivre.com.br/social/promotom
2025-12-17 11:55:18.188 | INFO     | __main__:processar_oferta:83 - 🚫 Link não Amazon (None) ignorado: https://descontostop.com/promocao/forno-eletrico-de-bancada-fischer-gourmet-grill-44-litros-preto-127v
2025-12-17 11:55:19.458 | INFO     | __main__:processar_oferta:73 - ♻️ Oferta repetida ignorada: https://descontostop.com/grupo-promocoes-whatsapp-telegram-cupom-desconto/
2025-12-17 11:56:18.125 | INFO     | __main__:processar_oferta:73 - ♻️ Oferta repetida ignorada: https://www.mercadolivre.com.br/social/promozonevip
2025-12-17 11:56:18.688 | INFO     | __main__:processar_oferta:83 - 🚫 Link não Amazon (NETSHOES) ignorado: https://www.netshoes.com.br/p/camiseta-nike-drifit-miler-masculina-branco-JD8-4583-014
2025-12-17 12:00:18.167 | INFO     | __main__:processar_oferta:73 - ♻️ Oferta repetida ignorada: https://www.mercadolivre.com.br/social/xetdaspromocoes
2025-12-17 12:00:18.212 | INFO     | __main__:processar_oferta:73 - ♻️ Oferta repetida ignorada: https://www.mercadolivre.com.br/social/cupons
2025-12-17 12:00:18.221 | INFO     | __main__:processar_oferta:73 - ♻️ Oferta repetida ignorada: https://www.mercadolivre.com.br/social/promotom
2025-12-17 12:00:18.440 | INFO     | __main__:processar_oferta:83 - 🚫 Link não Amazon (None) ignorado: https://descontostop.com/promocao/armario-sapateira-5-prateleira-organizador-multiuso-compacto-branco
2025-12-17 12:00:18.999 | INFO     | __main__:processar_oferta:83 - 🚫 Link não Amazon (None) ignorado: https://www.pelando.com.br/d/tam-38-ao-44bota-masculina-nord-adventure-7f41
2025-12-17 12:00:19.412 | INFO     | __main__:processar_oferta:73 - ♻️ Oferta repetida ignorada: https://www.pelando.com.br/grupos/
2025-12-17 12:00:20.137 | INFO     | __main__:processar_oferta:73 - ♻️ Oferta repetida ignorada: https://descontostop.com/grupo-promocoes-whatsapp-telegram-cupom-desconto/
2025-12-17 12:01:17.761 | INFO     | __main__:processar_oferta:73 - ♻️ Oferta repetida ignorada: https://www.mercadolivre.com.br/social/promozonevip
2025-12-17 12:01:17.856 | INFO     | __main__:processar_oferta:73 - ♻️ Oferta repetida ignorada: https://www.mercadolivre.com.br/social/agenciarice
2025-12-17 12:01:17.876 | INFO     | __main__:processar_oferta:73 - ♻️ Oferta repetida ignorada: https://www.mercadolivre.com.br/social/agenciarice
2025-12-17 12:01:17.889 | INFO     | __main__:processar_oferta:73 - ♻️ Oferta repetida ignorada: https://www.mercadolivre.com.br/social/agenciarice
2025-12-17 12:01:18.073 | INFO     | __main__:processar_oferta:86 - 🔎 Processando: AMAZON | Modo: 🤖 AUTO
2025-12-17 12:01:21.913 | SUCCESS  | src.infrastructure.whatsapp_client:enviar_oferta:30 - ✅ Postado no WhatsApp com sucesso!
2025-12-17 12:01:21.913 | SUCCESS  | __main__:processar_oferta:102 - 📱 Oferta AMAZON enviada para seu WhatsApp: https://www.amazon.com.br/dp/B0F1QM7NHQ?...
2025-12-17 12:01:22.419 | ERROR    | __main__:processar_oferta:119 - ❌ Erro ao postar no Twitter: 429 Too Many Requests
Too Many Requests
2025-12-17 12:02:18.158 | INFO     | __main__:processar_oferta:73 - ♻️ Oferta repetida ignorada: https://www.amazon.com.br/
2025-12-17 12:02:18.274 | INFO     | __main__:processar_oferta:73 - ♻️ Oferta repetida ignorada: https://www.mercadolivre.com.br/social/agenciarice
2025-12-17 12:03:17.948 | INFO     | __main__:processar_oferta:73 - ♻️ Oferta repetida ignorada: https://www.mercadolivre.com.br/social/agenciarice
2025-12-17 12:04:18.317 | INFO     | __main__:processar_oferta:83 - 🚫 Link não Amazon (MERCADO LIVRE) ignorado: https://www.mercadolivre.com.br/social/pq20251002095509
2025-12-17 12:04:18.342 | INFO     | __main__:processar_oferta:73 - ♻️ Oferta repetida ignorada: https://www.mercadolivre.com.br/social/agenciarice
2025-12-17 12:04:18.728 | INFO     | __main__:processar_oferta:73 - ♻️ Oferta repetida ignorada: https://www.amazon.com.br/
2025-12-17 12:04:21.372 | INFO     | __main__:processar_oferta:86 - 🔎 Processando: AMAZON | Modo: 🤖 AUTO
2025-12-17 12:04:23.740 | INFO     | __main__:processar_oferta:83 - 🚫 Link não Amazon (None) ignorado: https://chat.whatsapp.com/H7WuUyHoFo632jZusMQtko
2025-12-17 12:04:24.883 | SUCCESS  | src.infrastructure.whatsapp_client:enviar_oferta:30 - ✅ Postado no WhatsApp com sucesso!
2025-12-17 12:04:24.884 | SUCCESS  | __main__:processar_oferta:102 - 📱 Oferta AMAZON enviada para seu WhatsApp: https://www.amazon.com.br/dp/B0DCW6W5BK?...
2025-12-17 12:04:24.896 | ERROR    | __main__:processar_oferta:119 - ❌ Erro ao postar no Twitter: ('Connection aborted.', ConnectionResetError(10054, 'Foi forçado o cancelamento de uma conexão existente pelo host remoto', None, 10054, None))
2025-12-17 12:05:18.342 | INFO     | __main__:processar_oferta:86 - 🔎 Processando: AMAZON | Modo: 🤖 AUTO
2025-12-17 12:05:18.786 | INFO     | __main__:processar_oferta:86 - 🔎 Processando: AMAZON | Modo: 🤖 AUTO
2025-12-17 12:05:19.951 | INFO     | __main__:processar_oferta:86 - 🔎 Processando: AMAZON | Modo: 🤖 AUTO
2025-12-17 12:05:21.493 | SUCCESS  | src.infrastructure.whatsapp_client:enviar_oferta:30 - ✅ Postado no WhatsApp com sucesso!
2025-12-17 12:05:21.493 | SUCCESS  | __main__:processar_oferta:102 - 📱 Oferta AMAZON enviada para seu WhatsApp: https://www.amazon.com.br/Volante-Logite...
2025-12-17 12:05:21.953 | ERROR    | __main__:processar_oferta:119 - ❌ Erro ao postar no Twitter: 429 Too Many Requests
Too Many Requests
2025-12-17 12:05:23.063 | SUCCESS  | src.infrastructure.whatsapp_client:enviar_oferta:30 - ✅ Postado no WhatsApp com sucesso!
2025-12-17 12:05:23.063 | SUCCESS  | __main__:processar_oferta:102 - 📱 Oferta AMAZON enviada para seu WhatsApp: https://www.amazon.com.br/Smart-Philco-G...
2025-12-17 12:05:23.223 | ERROR    | __main__:processar_oferta:119 - ❌ Erro ao postar no Twitter: 429 Too Many Requests
Too Many Requests
2025-12-17 12:05:23.727 | INFO     | __main__:processar_oferta:86 - 🔎 Processando: AMAZON | Modo: 🤖 AUTO
2025-12-17 12:05:24.610 | SUCCESS  | src.infrastructure.whatsapp_client:enviar_oferta:30 - ✅ Postado no WhatsApp com sucesso!
2025-12-17 12:05:24.610 | SUCCESS  | __main__:processar_oferta:102 - 📱 Oferta AMAZON enviada para seu WhatsApp: https://www.amazon.com.br/events/natalde...
2025-12-17 12:05:24.775 | ERROR    | __main__:processar_oferta:119 - ❌ Erro ao postar no Twitter: 429 Too Many Requests
Too Many Requests
2025-12-17 12:05:27.238 | SUCCESS  | src.infrastructure.whatsapp_client:enviar_oferta:30 - ✅ Postado no WhatsApp com sucesso!
2025-12-17 12:05:27.238 | SUCCESS  | __main__:processar_oferta:102 - 📱 Oferta AMAZON enviada para seu WhatsApp: https://www.amazon.com.br/prime?linkCode...
2025-12-17 12:05:27.404 | ERROR    | __main__:processar_oferta:119 - ❌ Erro ao postar no Twitter: 429 Too Many Requests
Too Many Requests
2025-12-17 12:06:18.325 | INFO     | __main__:processar_oferta:73 - ♻️ Oferta repetida ignorada: https://www.mercadolivre.com.br/social/promozonevip
2025-12-17 12:06:19.798 | INFO     | __main__:processar_oferta:73 - ♻️ Oferta repetida ignorada: https://www.amazon.com.br/Volante-Logitech-Joysticks-Controles-Computador/dp/B01DY7E8GW
2025-12-17 12:07:18.440 | INFO     | __main__:processar_oferta:73 - ♻️ Oferta repetida ignorada: https://www.mercadolivre.com.br/social/agenciarice
2025-12-17 12:07:18.714 | INFO     | __main__:processar_oferta:73 - ♻️ Oferta repetida ignorada: https://www.mercadolivre.com.br/social/agenciarice
2025-12-17 12:07:19.451 | INFO     | __main__:processar_oferta:86 - 🔎 Processando: AMAZON | Modo: 🤖 AUTO
2025-12-17 12:07:22.860 | SUCCESS  | src.infrastructure.whatsapp_client:enviar_oferta:30 - ✅ Postado no WhatsApp com sucesso!
2025-12-17 12:07:22.860 | SUCCESS  | __main__:processar_oferta:102 - 📱 Oferta AMAZON enviada para seu WhatsApp: https://www.amazon.com.br/dp/B01DY7E8GW?...
2025-12-17 12:07:23.026 | ERROR    | __main__:processar_oferta:119 - ❌ Erro ao postar no Twitter: 429 Too Many Requests
Too Many Requests
2025-12-17 12:09:18.336 | INFO     | __main__:processar_oferta:73 - ♻️ Oferta repetida ignorada: https://www.mercadolivre.com.br/social/agenciarice
2025-12-17 12:10:18.292 | INFO     | __main__:processar_oferta:73 - ♻️ Oferta repetida ignorada: https://www.mercadolivre.com.br/social/mesprom
2025-12-17 12:10:18.846 | INFO     | __main__:processar_oferta:73 - ♻️ Oferta repetida ignorada: https://www.mercadolivre.com.br/social/cupons
2025-12-17 12:11:18.418 | INFO     | __main__:processar_oferta:73 - ♻️ Oferta repetida ignorada: https://www.mercadolivre.com.br/social/agenciarice
2025-12-17 12:11:18.438 | INFO     | __main__:processar_oferta:73 - ♻️ Oferta repetida ignorada: https://www.mercadolivre.com.br/social/promozonevip
2025-12-17 12:12:18.337 | INFO     | __main__:processar_oferta:73 - ♻️ Oferta repetida ignorada: https://www.mercadolivre.com.br/social/mesprom
2025-12-17 12:13:18.440 | INFO     | __main__:processar_oferta:73 - ♻️ Oferta repetida ignorada: https://www.mercadolivre.com.br/social/promotom
2025-12-17 12:16:17.909 | INFO     | __main__:processar_oferta:73 - ♻️ Oferta repetida ignorada: https://www.mercadolivre.com.br/social/promozonevip
2025-12-17 12:17:18.799 | INFO     | __main__:processar_oferta:73 - ♻️ Oferta repetida ignorada: https://www.mercadolivre.com.br/social/agenciarice
2025-12-17 12:20:18.455 | INFO     | __main__:processar_oferta:73 - ♻️ Oferta repetida ignorada: https://www.mercadolivre.com.br/social/urubupromo
2025-12-17 12:20:19.096 | INFO     | __main__:processar_oferta:83 - 🚫 Link não Amazon (None) ignorado: https://www.pelando.com.br/d/controle-ps4-dualshock-4-wireless-preto-novo-07ed
2025-12-17 12:20:19.514 | INFO     | __main__:processar_oferta:73 - ♻️ Oferta repetida ignorada: https://www.pelando.com.br/grupos/
2025-12-17 12:21:18.535 | INFO     | __main__:processar_oferta:73 - ♻️ Oferta repetida ignorada: https://www.mercadolivre.com.br/social/promozonevip
2025-12-17 12:24:18.540 | INFO     | __main__:processar_oferta:73 - ♻️ Oferta repetida ignorada: https://www.mercadolivre.com.br/social/agenciarice
2025-12-17 12:24:18.558 | INFO     | __main__:processar_oferta:73 - ♻️ Oferta repetida ignorada: https://www.mercadolivre.com.br/social/cupons
2025-12-17 12:24:18.694 | INFO     | __main__:processar_oferta:73 - ♻️ Oferta repetida ignorada: https://www.mercadolivre.com.br/social/agenciarice
2025-12-17 12:27:18.637 | INFO     | __main__:processar_oferta:73 - ♻️ Oferta repetida ignorada: https://www.mercadolivre.com.br/social/promozonevip
2025-12-17 12:28:18.682 | INFO     | __main__:processar_oferta:73 - ♻️ Oferta repetida ignorada: https://www.mercadolivre.com.br/social/cupons
2025-12-17 12:30:18.063 | INFO     | __main__:processar_oferta:83 - 🚫 Link não Amazon (None) ignorado: https://www.terabyteshop.com.br/produto/38270/placa-de-video-asus-amd-radeon-rx-9060-xt-dual-16gb-gddr6-fsr-ray-tracing-90yv0lg2-m0na00
2025-12-17 12:30:19.222 | INFO     | __main__:processar_oferta:83 - 🚫 Link não Amazon (MERCADO LIVRE) ignorado: https://www.mercadolivre.com.br/console-playstation-5-slim-edico-digital-825-gb/p/MLB54963150
2025-12-17 12:31:19.116 | INFO     | __main__:processar_oferta:86 - 🔎 Processando: AMAZON | Modo: 🤖 AUTO
2025-12-17 12:31:22.629 | SUCCESS  | src.infrastructure.whatsapp_client:enviar_oferta:30 - ✅ Postado no WhatsApp com sucesso!
2025-12-17 12:31:22.630 | SUCCESS  | __main__:processar_oferta:102 - 📱 Oferta AMAZON enviada para seu WhatsApp: https://www.amazon.com.br/dp/B0FPGF9J2J?...
2025-12-17 12:31:41.810 | ERROR    | __main__:processar_oferta:119 - ❌ Erro ao postar no Twitter: HTTPSConnectionPool(host='api.twitter.com', port=443): Read timed out. (read timeout=None)
2025-12-17 12:33:18.412 | INFO     | __main__:processar_oferta:73 - ♻️ Oferta repetida ignorada: https://www.mercadolivre.com.br/social/agenciarice
2025-12-17 12:35:18.810 | INFO     | __main__:processar_oferta:73 - ♻️ Oferta repetida ignorada: https://www.mercadolivre.com.br/social/agenciarice
2025-12-17 12:35:18.812 | INFO     | __main__:processar_oferta:73 - ♻️ Oferta repetida ignorada: https://www.mercadolivre.com.br/social/mesprom
2025-12-17 12:36:20.724 | INFO     | __main__:processar_oferta:86 - 🔎 Processando: AMAZON | Modo: 🤖 AUTO
2025-12-17 12:36:27.061 | SUCCESS  | src.infrastructure.whatsapp_client:enviar_oferta:30 - ✅ Postado no WhatsApp com sucesso!
2025-12-17 12:36:27.061 | SUCCESS  | __main__:processar_oferta:102 - 📱 Oferta AMAZON enviada para seu WhatsApp: https://www.amazon.com.br/dp/B085YDLGFR?...
2025-12-17 12:36:27.530 | ERROR    | __main__:processar_oferta:119 - ❌ Erro ao postar no Twitter: 429 Too Many Requests
Too Many Requests
2025-12-17 12:37:18.721 | INFO     | __main__:processar_oferta:73 - ♻️ Oferta repetida ignorada: https://www.mercadolivre.com.br/social/agenciarice
2025-12-17 12:37:18.925 | INFO     | __main__:processar_oferta:73 - ♻️ Oferta repetida ignorada: https://www.mercadolivre.com.br/social/cupons
2025-12-17 12:38:18.318 | INFO     | __main__:processar_oferta:83 - 🚫 Link não Amazon (None) ignorado: https://benchpromos.com.br/promocao/notebook-lenovo-legion-5i-gen-10-oled-intel-core-ultra-7-255hx-rtx-5070-32gb-ram-1tb-ssd-windows-11/cmja6clex00l79t0i2psp1oov
2025-12-17 12:38:18.944 | INFO     | __main__:processar_oferta:73 - ♻️ Oferta repetida ignorada: https://www.mercadolivre.com.br/social/agenciarice
2025-12-17 12:39:18.867 | INFO     | __main__:processar_oferta:73 - ♻️ Oferta repetida ignorada: https://www.mercadolivre.com.br/social/cupons
2025-12-17 12:39:18.914 | INFO     | __main__:processar_oferta:73 - ♻️ Oferta repetida ignorada: https://www.mercadolivre.com.br/social/mesprom
2025-12-17 12:40:19.361 | INFO     | __main__:processar_oferta:83 - 🚫 Link não Amazon (None) ignorado: https://www.pelando.com.br/d/hdd-externo-western-digital-14tb-usb-30-elements-ef0c
2025-12-17 12:40:19.803 | INFO     | __main__:processar_oferta:73 - ♻️ Oferta repetida ignorada: https://www.pelando.com.br/grupos/
2025-12-17 12:41:18.830 | INFO     | __main__:processar_oferta:73 - ♻️ Oferta repetida ignorada: https://www.mercadolivre.com.br/social/promozonevip
2025-12-17 12:42:18.925 | INFO     | __main__:processar_oferta:73 - ♻️ Oferta repetida ignorada: https://www.mercadolivre.com.br/social/mesprom
2025-12-17 12:42:47.275 | INFO     | __main__:processar_oferta:73 - ♻️ Oferta repetida ignorada: https://www.mercadolivre.com.br/social/cupons
2025-12-17 12:44:25.910 | INFO     | __main__:processar_oferta:73 - ♻️ Oferta repetida ignorada: https://www.mercadolivre.com.br/social/agenciarice
2025-12-17 12:45:48.804 | INFO     | __main__:processar_oferta:83 - 🚫 Link não Amazon (None) ignorado: https://www.terabyteshop.com.br/produto/36158/placa-mae-maxsun-terminator-b650m-chipset-b650-amd-am5-matx-ddr5
2025-12-17 12:45:48.872 | INFO     | __main__:processar_oferta:83 - 🚫 Link não Amazon (None) ignorado: https://www.terabyteshop.com.br/produto/36162/placa-mae-maxsun-terminator-b650m-wifi6-chipset-b650-amd-am5-matx-ddr5
2025-12-17 12:45:51.466 | INFO     | __main__:processar_oferta:86 - 🔎 Processando: AMAZON | Modo: 🤖 AUTO
2025-12-17 12:45:57.730 | SUCCESS  | src.infrastructure.whatsapp_client:enviar_oferta:30 - ✅ Postado no WhatsApp com sucesso!
2025-12-17 12:45:57.731 | SUCCESS  | __main__:processar_oferta:102 - 📱 Oferta AMAZON enviada para seu WhatsApp: https://www.amazon.com.br/dp/B07THM1F4J?...
2025-12-17 12:45:57.746 | ERROR    | __main__:processar_oferta:119 - ❌ Erro ao postar no Twitter: ('Connection aborted.', ConnectionResetError(10054, 'Foi forçado o cancelamento de uma conexão existente pelo host remoto', None, 10054, None))
2025-12-17 12:46:18.240 | INFO     | __main__:processar_oferta:73 - ♻️ Oferta repetida ignorada: https://www.mercadolivre.com.br/social/cupons
2025-12-17 12:46:32.348 | INFO     | __main__:processar_oferta:73 - ♻️ Oferta repetida ignorada: https://www.mercadolivre.com.br/social/agenciarice
2025-12-17 12:49:19.051 | INFO     | __main__:processar_oferta:73 - ♻️ Oferta repetida ignorada: https://www.mercadolivre.com.br/social/cupons
2025-12-17 12:50:50.988 | INFO     | __main__:processar_oferta:86 - 🔎 Processando: AMAZON | Modo: 🤖 AUTO
2025-12-17 12:50:57.597 | SUCCESS  | src.infrastructure.whatsapp_client:enviar_oferta:30 - ✅ Postado no WhatsApp com sucesso!
2025-12-17 12:50:57.598 | SUCCESS  | __main__:processar_oferta:102 - 📱 Oferta AMAZON enviada para seu WhatsApp: https://www.amazon.com.br/dp/B0FS6ZXMKN?...
2025-12-17 12:50:58.054 | ERROR    | __main__:processar_oferta:119 - ❌ Erro ao postar no Twitter: 429 Too Many Requests
Too Many Requests
2025-12-17 12:51:06.146 | INFO     | __main__:processar_oferta:73 - ♻️ Oferta repetida ignorada: https://www.mercadolivre.com.br/social/agenciarice
2025-12-17 12:51:53.820 | INFO     | __main__:processar_oferta:73 - ♻️ Oferta repetida ignorada: https://validate.perfdrive.com/ca4df1c7abf7ea2cc50ab30bdf7ed2bb/
2025-12-17 12:53:37.928 | INFO     | __main__:processar_oferta:73 - ♻️ Oferta repetida ignorada: https://www.mercadolivre.com.br/social/agenciarice
2025-12-17 12:54:19.054 | INFO     | __main__:processar_oferta:73 - ♻️ Oferta repetida ignorada: https://www.mercadolivre.com.br/social/cupons
2025-12-17 12:54:36.359 | INFO     | __main__:processar_oferta:73 - ♻️ Oferta repetida ignorada: https://www.mercadolivre.com.br/social/cupons
2025-12-17 12:56:19.395 | INFO     | __main__:processar_oferta:73 - ♻️ Oferta repetida ignorada: https://www.mercadolivre.com.br/social/promozonevip
2025-12-17 12:58:52.257 | INFO     | __main__:processar_oferta:83 - 🚫 Link não Amazon (MERCADO LIVRE) ignorado: https://www.mercadolivre.com.br/social/promotom/lists/8f90988a-1c69-4f23-8b26-76286c3cdc87
2025-12-17 12:59:19.213 | INFO     | __main__:processar_oferta:73 - ♻️ Oferta repetida ignorada: https://www.mercadolivre.com.br/social/cupons
2025-12-17 13:00:34.455 | INFO     | __main__:processar_oferta:73 - ♻️ Oferta repetida ignorada: https://www.mercadolivre.com.br/social/promozonevip
2025-12-17 13:00:34.955 | INFO     | __main__:processar_oferta:83 - 🚫 Link não Amazon (None) ignorado: https://www.pelando.com.br/d/steam-jogo-metal-gear-solid-d-delta-snake-eater-pc-afa8
2025-12-17 13:00:35.366 | INFO     | __main__:processar_oferta:73 - ♻️ Oferta repetida ignorada: https://www.pelando.com.br/grupos/
2025-12-17 13:00:58.249 | INFO     | __main__:processar_oferta:83 - 🚫 Link não Amazon (MERCADO LIVRE) ignorado: https://www.mercadolivre.com.br/social/promotop/lists
2025-12-17 13:01:18.519 | INFO     | __main__:processar_oferta:73 - ♻️ Oferta repetida ignorada: https://www.amazon.com.br/dp/B0DCW6W5BK
2025-12-17 13:02:18.791 | INFO     | __main__:processar_oferta:86 - 🔎 Processando: AMAZON | Modo: 🤖 AUTO
2025-12-17 13:02:19.157 | INFO     | __main__:processar_oferta:83 - 🚫 Link não Amazon (MERCADO LIVRE) ignorado: https://www.mercadolivre.com.br/social/ro20251028090844/lists/002e8a24-f080-44ce-b802-6b3862d97fa9
2025-12-17 13:02:20.454 | INFO     | __main__:processar_oferta:86 - 🔎 Processando: AMAZON | Modo: 🤖 AUTO
2025-12-17 13:02:25.691 | SUCCESS  | src.infrastructure.whatsapp_client:enviar_oferta:30 - ✅ Postado no WhatsApp com sucesso!
2025-12-17 13:02:25.691 | SUCCESS  | __main__:processar_oferta:102 - 📱 Oferta AMAZON enviada para seu WhatsApp: https://www.amazon.com.br/dp/B0FBRZ1ZPB?...
2025-12-17 13:02:25.705 | ERROR    | __main__:processar_oferta:119 - ❌ Erro ao postar no Twitter: ('Connection aborted.', ConnectionResetError(10054, 'Foi forçado o cancelamento de uma conexão existente pelo host remoto', None, 10054, None))
2025-12-17 13:02:26.929 | SUCCESS  | src.infrastructure.whatsapp_client:enviar_oferta:30 - ✅ Postado no WhatsApp com sucesso!
2025-12-17 13:02:26.930 | SUCCESS  | __main__:processar_oferta:102 - 📱 Oferta AMAZON enviada para seu WhatsApp: https://www.amazon.com.br/Monitor-LG-Ult...
2025-12-17 13:02:27.390 | ERROR    | __main__:processar_oferta:119 - ❌ Erro ao postar no Twitter: 429 Too Many Requests
Too Many Requests
2025-12-17 13:03:18.298 | INFO     | __main__:processar_oferta:86 - 🔎 Processando: AMAZON | Modo: 🤖 AUTO
2025-12-17 13:03:18.424 | INFO     | __main__:processar_oferta:86 - 🔎 Processando: AMAZON | Modo: 🤖 AUTO
2025-12-17 13:03:19.305 | INFO     | __main__:processar_oferta:73 - ♻️ Oferta repetida ignorada: https://www.mercadolivre.com.br/social/cupons
2025-12-17 13:03:24.340 | SUCCESS  | src.infrastructure.whatsapp_client:enviar_oferta:30 - ✅ Postado no WhatsApp com sucesso!
2025-12-17 13:03:24.341 | SUCCESS  | __main__:processar_oferta:102 - 📱 Oferta AMAZON enviada para seu WhatsApp: https://www.amazon.com.br/dp/B0FYQ5TQDL?...
2025-12-17 13:03:24.507 | ERROR    | __main__:processar_oferta:119 - ❌ Erro ao postar no Twitter: 429 Too Many Requests
Too Many Requests
2025-12-17 13:03:25.872 | SUCCESS  | src.infrastructure.whatsapp_client:enviar_oferta:30 - ✅ Postado no WhatsApp com sucesso!
2025-12-17 13:03:25.872 | SUCCESS  | __main__:processar_oferta:102 - 📱 Oferta AMAZON enviada para seu WhatsApp: https://www.amazon.com.br/dp/B0DF2WSGF6?...
2025-12-17 13:03:26.036 | ERROR    | __main__:processar_oferta:119 - ❌ Erro ao postar no Twitter: 429 Too Many Requests
Too Many Requests
2025-12-17 13:04:18.777 | INFO     | __main__:processar_oferta:83 - 🚫 Link não Amazon (None) ignorado: https://benchpromos.com.br/promocao/monitor-lg-24ms500b-24-ips-fhd-100hz/cmja7bv0v02ll9t0idef2bb5h
2025-12-17 13:04:19.204 | INFO     | __main__:processar_oferta:86 - 🔎 Processando: AMAZON | Modo: 🤖 AUTO
2025-12-17 13:04:25.242 | SUCCESS  | src.infrastructure.whatsapp_client:enviar_oferta:30 - ✅ Postado no WhatsApp com sucesso!
2025-12-17 13:04:25.243 | SUCCESS  | __main__:processar_oferta:102 - 📱 Oferta AMAZON enviada para seu WhatsApp: https://www.amazon.com.br/gp/product/B0C...
2025-12-17 13:04:25.409 | ERROR    | __main__:processar_oferta:119 - ❌ Erro ao postar no Twitter: 429 Too Many Requests
Too Many Requests
2025-12-17 13:06:18.703 | INFO     | __main__:processar_oferta:83 - 🚫 Link não Amazon (None) ignorado: https://benchpromos.com.br/promocao/monitor-samsung-essential-s3-24-ips-fhd-120hz/cmja7d4w802lp9t0is6wky9hd
2025-12-17 13:06:19.287 | INFO     | __main__:processar_oferta:73 - ♻️ Oferta repetida ignorada: https://www.mercadolivre.com.br/social/promozonevip
2025-12-17 13:07:19.107 | INFO     | __main__:processar_oferta:73 - ♻️ Oferta repetida ignorada: https://www.amazon.com.br/dp/B0DCW6W5BK
2025-12-17 13:07:19.208 | INFO     | __main__:processar_oferta:73 - ♻️ Oferta repetida ignorada: https://www.mercadolivre.com.br/social/agenciarice
2025-12-17 13:07:21.428 | INFO     | __main__:processar_oferta:73 - ♻️ Oferta repetida ignorada: https://www.amazon.com.br/dp/B0DF2WSGF6
2025-12-17 13:07:21.885 | INFO     | __main__:processar_oferta:73 - ♻️ Oferta repetida ignorada: https://www.amazon.com.br/prime
2025-12-17 13:08:19.039 | INFO     | __main__:processar_oferta:73 - ♻️ Oferta repetida ignorada: https://www.amazon.com.br/
2025-12-17 13:08:19.310 | INFO     | __main__:processar_oferta:83 - 🚫 Link não Amazon (MERCADO LIVRE) ignorado: https://www.mercadolivre.com.br/social/mesprom/lists/01ccc7c4-2d45-47bd-a55f-0842f2334008
2025-12-17 13:08:30.476 | INFO     | __main__:processar_oferta:73 - ♻️ Oferta repetida ignorada: https://www.amazon.com.br/Monitor-LG-UltraGearTM-24G411A-B-FreeSync/dp/B0FYQ5TQDL
2025-12-17 13:08:30.939 | INFO     | __main__:processar_oferta:73 - ♻️ Oferta repetida ignorada: https://www.amazon.com.br/prime
2025-12-17 13:09:19.162 | INFO     | __main__:processar_oferta:73 - ♻️ Oferta repetida ignorada: https://www.amazon.com.br/dp/B0DCW6W5BK
2025-12-17 13:09:20.927 | INFO     | __main__:processar_oferta:86 - 🔎 Processando: AMAZON | Modo: 🤖 AUTO
2025-12-17 13:09:27.425 | SUCCESS  | src.infrastructure.whatsapp_client:enviar_oferta:30 - ✅ Postado no WhatsApp com sucesso!
2025-12-17 13:09:27.425 | SUCCESS  | __main__:processar_oferta:102 - 📱 Oferta AMAZON enviada para seu WhatsApp: https://www.amazon.com.br/dp/B0CWVK9CY4?...
2025-12-17 13:09:27.440 | ERROR    | __main__:processar_oferta:119 - ❌ Erro ao postar no Twitter: ('Connection aborted.', ConnectionResetError(10054, 'Foi forçado o cancelamento de uma conexão existente pelo host remoto', None, 10054, None))
2025-12-17 13:10:19.193 | INFO     | __main__:processar_oferta:86 - 🔎 Processando: AMAZON | Modo: 🤖 AUTO
2025-12-17 13:10:19.214 | INFO     | __main__:processar_oferta:86 - 🔎 Processando: AMAZON | Modo: 🤖 AUTO
2025-12-17 13:10:25.207 | SUCCESS  | src.infrastructure.whatsapp_client:enviar_oferta:30 - ✅ Postado no WhatsApp com sucesso!
2025-12-17 13:10:25.208 | SUCCESS  | __main__:processar_oferta:102 - 📱 Oferta AMAZON enviada para seu WhatsApp: https://www.amazon.com.br/Placa-Gigabyte...
2025-12-17 13:10:25.664 | ERROR    | __main__:processar_oferta:119 - ❌ Erro ao postar no Twitter: 429 Too Many Requests
Too Many Requests
2025-12-17 13:10:26.461 | INFO     | __main__:processar_oferta:73 - ♻️ Oferta repetida ignorada: https://www.amazon.com.br/prime
2025-12-17 13:10:26.726 | SUCCESS  | src.infrastructure.whatsapp_client:enviar_oferta:30 - ✅ Postado no WhatsApp com sucesso!
2025-12-17 13:10:26.726 | SUCCESS  | __main__:processar_oferta:102 - 📱 Oferta AMAZON enviada para seu WhatsApp: https://www.amazon.com.br/dp/B0CN4ZFWZV?...
2025-12-17 13:10:26.888 | ERROR    | __main__:processar_oferta:119 - ❌ Erro ao postar no Twitter: 429 Too Many Requests
Too Many Requests
2025-12-17 13:11:19.245 | INFO     | __main__:processar_oferta:73 - ♻️ Oferta repetida ignorada: https://www.amazon.com.br/dp/B0DF2WSGF6
2025-12-17 13:11:19.248 | INFO     | __main__:processar_oferta:73 - ♻️ Oferta repetida ignorada: https://www.amazon.com.br/dp/B0DF2WSGF6
2025-12-17 13:11:19.411 | INFO     | __main__:processar_oferta:73 - ♻️ Oferta repetida ignorada: https://www.mercadolivre.com.br/social/promozonevip
2025-12-17 13:12:19.278 | INFO     | __main__:processar_oferta:73 - ♻️ Oferta repetida ignorada: https://www.amazon.com.br/dp/B0FYQ5TQDL
2025-12-17 13:13:21.308 | INFO     | __main__:processar_oferta:86 - 🔎 Processando: AMAZON | Modo: 🤖 AUTO
2025-12-17 13:13:27.784 | SUCCESS  | src.infrastructure.whatsapp_client:enviar_oferta:30 - ✅ Postado no WhatsApp com sucesso!
2025-12-17 13:13:27.784 | SUCCESS  | __main__:processar_oferta:102 - 📱 Oferta AMAZON enviada para seu WhatsApp: https://www.amazon.com.br/dp/B0CHM63K9W?...
2025-12-17 13:13:27.800 | ERROR    | __main__:processar_oferta:119 - ❌ Erro ao postar no Twitter: ('Connection aborted.', ConnectionResetError(10054, 'Foi forçado o cancelamento de uma conexão existente pelo host remoto', None, 10054, None))
2025-12-17 13:14:19.303 | INFO     | __main__:processar_oferta:73 - ♻️ Oferta repetida ignorada: https://www.amazon.com.br/dp/B0CN4ZFWZV
2025-12-17 13:14:19.406 | INFO     | __main__:processar_oferta:86 - 🔎 Processando: AMAZON | Modo: 🤖 AUTO
2025-12-17 13:14:20.661 | INFO     | __main__:processar_oferta:73 - ♻️ Oferta repetida ignorada: https://www.amazon.com.br/dp/B0FYQ5TQDL
2025-12-17 13:14:25.087 | SUCCESS  | src.infrastructure.whatsapp_client:enviar_oferta:30 - ✅ Postado no WhatsApp com sucesso!
2025-12-17 13:14:25.088 | SUCCESS  | __main__:processar_oferta:102 - 📱 Oferta AMAZON enviada para seu WhatsApp: https://www.amazon.com.br/Smartphone-Sam...
2025-12-17 13:14:25.556 | ERROR    | __main__:processar_oferta:119 - ❌ Erro ao postar no Twitter: 429 Too Many Requests
Too Many Requests
2025-12-17 13:14:26.086 | INFO     | __main__:processar_oferta:73 - ♻️ Oferta repetida ignorada: https://www.amazon.com.br/prime
2025-12-17 13:15:19.148 | INFO     | __main__:processar_oferta:73 - ♻️ Oferta repetida ignorada: https://www.mercadolivre.com.br/social/ro20251028090844
2025-12-17 13:15:20.680 | INFO     | __main__:processar_oferta:73 - ♻️ Oferta repetida ignorada: https://www.amazon.com.br/dp/B0CN4ZFWZV
2025-12-17 13:15:34.389 | INFO     | __main__:processar_oferta:73 - ♻️ Oferta repetida ignorada: https://www.mercadolivre.com.br/social/promozonevip
2025-12-17 13:16:45.334 | INFO     | __main__:processar_oferta:73 - ♻️ Oferta repetida ignorada: https://www.mercadolivre.com.br/social/promozonevip/lists
2025-12-17 13:18:18.859 | INFO     | __main__:processar_oferta:73 - ♻️ Oferta repetida ignorada: https://www.mercadolivre.com.br/social/agenciarice
2025-12-17 13:18:18.886 | INFO     | __main__:processar_oferta:73 - ♻️ Oferta repetida ignorada: https://www.mercadolivre.com.br/social/mesprom
2025-12-17 13:19:19.463 | INFO     | __main__:processar_oferta:73 - ♻️ Oferta repetida ignorada: https://www.mercadolivre.com.br/social/agenciarice
2025-12-17 13:19:19.555 | INFO     | __main__:processar_oferta:73 - ♻️ Oferta repetida ignorada: https://www.mercadolivre.com.br/social/mesprom
2025-12-17 13:20:19.401 | INFO     | __main__:processar_oferta:83 - 🚫 Link não Amazon (None) ignorado: https://www.pelando.com.br/d/geladeira-panasonic-inverse-460l-black-inox-127v-d39f
2025-12-17 13:20:19.531 | INFO     | __main__:processar_oferta:73 - ♻️ Oferta repetida ignorada: https://www.mercadolivre.com.br/social/agenciarice
2025-12-17 13:20:19.833 | INFO     | __main__:processar_oferta:73 - ♻️ Oferta repetida ignorada: https://www.pelando.com.br/grupos/
2025-12-17 13:21:20.173 | INFO     | __main__:processar_oferta:73 - ♻️ Oferta repetida ignorada: https://www.amazon.com.br/events/nataldeofertas
2025-12-17 13:21:21.386 | INFO     | __main__:processar_oferta:86 - 🔎 Processando: AMAZON | Modo: 🤖 AUTO
2025-12-17 13:21:27.845 | SUCCESS  | src.infrastructure.whatsapp_client:enviar_oferta:30 - ✅ Postado no WhatsApp com sucesso!
2025-12-17 13:21:27.845 | SUCCESS  | __main__:processar_oferta:102 - 📱 Oferta AMAZON enviada para seu WhatsApp: https://www.amazon.com.br/Pacotes-Especi...
2025-12-17 13:21:27.858 | ERROR    | __main__:processar_oferta:119 - ❌ Erro ao postar no Twitter: ('Connection aborted.', ConnectionResetError(10054, 'Foi forçado o cancelamento de uma conexão existente pelo host remoto', None, 10054, None))
2025-12-17 13:22:19.581 | INFO     | __main__:processar_oferta:73 - ♻️ Oferta repetida ignorada: https://www.mercadolivre.com.br/social/agenciarice
2025-12-17 13:23:19.602 | INFO     | __main__:processar_oferta:86 - 🔎 Processando: AMAZON | Modo: 🤖 AUTO
2025-12-17 13:23:19.607 | INFO     | __main__:processar_oferta:73 - ♻️ Oferta repetida ignorada: https://www.mercadolivre.com.br/social/ro20251028090844
2025-12-17 13:23:20.585 | INFO     | __main__:processar_oferta:86 - 🔎 Processando: AMAZON | Modo: 🤖 AUTO
2025-12-17 13:23:24.804 | SUCCESS  | src.infrastructure.whatsapp_client:enviar_oferta:30 - ✅ Postado no WhatsApp com sucesso!
2025-12-17 13:23:24.804 | SUCCESS  | __main__:processar_oferta:102 - 📱 Oferta AMAZON enviada para seu WhatsApp: https://www.amazon.com.br/soundcore-Alto...
2025-12-17 13:23:25.255 | ERROR    | __main__:processar_oferta:119 - ❌ Erro ao postar no Twitter: 429 Too Many Requests
Too Many Requests
2025-12-17 13:23:25.840 | SUCCESS  | src.infrastructure.whatsapp_client:enviar_oferta:30 - ✅ Postado no WhatsApp com sucesso!
2025-12-17 13:23:25.840 | SUCCESS  | __main__:processar_oferta:102 - 📱 Oferta AMAZON enviada para seu WhatsApp: https://www.amazon.com.br/dp/B0FLKBQYZS?...
2025-12-17 13:23:26.001 | ERROR    | __main__:processar_oferta:119 - ❌ Erro ao postar no Twitter: 429 Too Many Requests
Too Many Requests
2025-12-17 13:23:26.170 | INFO     | __main__:processar_oferta:73 - ♻️ Oferta repetida ignorada: https://www.amazon.com.br/prime
2025-12-17 13:24:19.288 | INFO     | __main__:processar_oferta:86 - 🔎 Processando: AMAZON | Modo: 🤖 AUTO
2025-12-17 13:24:19.407 | INFO     | __main__:processar_oferta:73 - ♻️ Oferta repetida ignorada: https://www.amazon.com.br/dp/B0BQ3LVZ55
2025-12-17 13:24:19.997 | INFO     | __main__:processar_oferta:73 - ♻️ Oferta repetida ignorada: https://www.amazon.com.br/prime
2025-12-17 13:24:25.814 | SUCCESS  | src.infrastructure.whatsapp_client:enviar_oferta:30 - ✅ Postado no WhatsApp com sucesso!
2025-12-17 13:24:25.814 | SUCCESS  | __main__:processar_oferta:102 - 📱 Oferta AMAZON enviada para seu WhatsApp: https://www.amazon.com.br/dp/B0BQ3LVZ55?...
2025-12-17 13:24:26.064 | ERROR    | __main__:processar_oferta:119 - ❌ Erro ao postar no Twitter: 429 Too Many Requests
Too Many Requests
2025-12-17 13:26:19.942 | INFO     | __main__:processar_oferta:73 - ♻️ Oferta repetida ignorada: https://r.amzlink.to/
2025-12-17 13:27:21.370 | INFO     | __main__:processar_oferta:86 - 🔎 Processando: AMAZON | Modo: 🤖 AUTO
2025-12-17 13:27:25.988 | SUCCESS  | src.infrastructure.whatsapp_client:enviar_oferta:30 - ✅ Postado no WhatsApp com sucesso!
2025-12-17 13:27:25.988 | SUCCESS  | __main__:processar_oferta:102 - 📱 Oferta AMAZON enviada para seu WhatsApp: https://www.amazon.com.br/dp/B07RPNW171?...
2025-12-17 13:27:26.002 | ERROR    | __main__:processar_oferta:119 - ❌ Erro ao postar no Twitter: ('Connection aborted.', ConnectionResetError(10054, 'Foi forçado o cancelamento de uma conexão existente pelo host remoto', None, 10054, None))
2025-12-17 13:28:19.871 | INFO     | __main__:processar_oferta:73 - ♻️ Oferta repetida ignorada: https://r.amzlink.to/
2025-12-17 13:29:20.921 | INFO     | __main__:processar_oferta:73 - ♻️ Oferta repetida ignorada: https://www.amazon.com.br/dp/B0FLKBQYZS
2025-12-17 13:29:21.214 | INFO     | __main__:processar_oferta:86 - 🔎 Processando: AMAZON | Modo: 🤖 AUTO
2025-12-17 13:29:27.877 | SUCCESS  | src.infrastructure.whatsapp_client:enviar_oferta:30 - ✅ Postado no WhatsApp com sucesso!
2025-12-17 13:29:27.877 | SUCCESS  | __main__:processar_oferta:102 - 📱 Oferta AMAZON enviada para seu WhatsApp: https://www.amazon.com.br/dp/B0CN1CDG6Y?...
2025-12-17 13:29:28.333 | ERROR    | __main__:processar_oferta:119 - ❌ Erro ao postar no Twitter: 429 Too Many Requests
Too Many Requests
2025-12-17 13:30:19.289 | INFO     | __main__:processar_oferta:73 - ♻️ Oferta repetida ignorada: https://www.mercadolivre.com.br/social/agenciarice
2025-12-17 13:31:19.134 | INFO     | __main__:processar_oferta:73 - ♻️ Oferta repetida ignorada: https://www.mercadolivre.com.br/social/agenciarice
2025-12-17 13:34:20.138 | INFO     | __main__:processar_oferta:73 - ♻️ Oferta repetida ignorada: https://validate.perfdrive.com/ca4df1c7abf7ea2cc50ab30bdf7ed2bb/
2025-12-17 13:35:19.500 | INFO     | __main__:processar_oferta:86 - 🔎 Processando: AMAZON | Modo: 🤖 AUTO
2025-12-17 13:35:26.641 | SUCCESS  | src.infrastructure.whatsapp_client:enviar_oferta:30 - ✅ Postado no WhatsApp com sucesso!
2025-12-17 13:35:26.642 | SUCCESS  | __main__:processar_oferta:102 - 📱 Oferta AMAZON enviada para seu WhatsApp: https://www.amazon.com.br/dp/B0748J629Z?...
2025-12-17 13:35:26.657 | ERROR    | __main__:processar_oferta:119 - ❌ Erro ao postar no Twitter: ('Connection aborted.', ConnectionResetError(10054, 'Foi forçado o cancelamento de uma conexão existente pelo host remoto', None, 10054, None))
2025-12-17 13:36:20.071 | INFO     | __main__:processar_oferta:73 - ♻️ Oferta repetida ignorada: https://www.mercadolivre.com.br/social/agenciarice
2025-12-17 13:36:20.240 | INFO     | __main__:processar_oferta:73 - ♻️ Oferta repetida ignorada: https://www.mercadolivre.com.br/social/promozonevip
2025-12-17 13:39:19.530 | INFO     | __main__:processar_oferta:83 - 🚫 Link não Amazon (None) ignorado: https://www.magazinevoce.com.br/az-request-verify
2025-12-17 13:40:19.322 | INFO     | __main__:processar_oferta:83 - 🚫 Link não Amazon (None) ignorado: https://www.pelando.com.br/d/rdollar-184-cada-4-pneus-itaro-16560r14-it203-75h-xl-aro-14-76e2
2025-12-17 13:40:19.729 | INFO     | __main__:processar_oferta:73 - ♻️ Oferta repetida ignorada: https://www.pelando.com.br/grupos/
2025-12-17 13:41:19.840 | INFO     | __main__:processar_oferta:73 - ♻️ Oferta repetida ignorada: https://www.mercadolivre.com.br/social/promozonevip
2025-12-17 13:43:19.775 | INFO     | __main__:processar_oferta:73 - ♻️ Oferta repetida ignorada: https://www.amazon.com.br/dp/B0748J629Z
2025-12-17 13:46:18.874 | INFO     | __main__:processar_oferta:73 - ♻️ Oferta repetida ignorada: https://www.mercadolivre.com.br/social/pq20251002095509
2025-12-17 13:46:18.947 | INFO     | __main__:processar_oferta:73 - ♻️ Oferta repetida ignorada: https://www.mercadolivre.com.br/social/promozonevip
2025-12-17 13:46:24.076 | INFO     | __main__:processar_oferta:73 - ♻️ Oferta repetida ignorada: https://chat.whatsapp.com/H7WuUyHoFo632jZusMQtko
2025-12-17 13:46:33.343 | INFO     | __main__:processar_oferta:73 - ♻️ Oferta repetida ignorada: https://r.amzlink.to/
2025-12-17 13:47:20.050 | INFO     | __main__:processar_oferta:73 - ♻️ Oferta repetida ignorada: https://www.mercadolivre.com.br/social/mesprom
2025-12-17 13:47:20.217 | INFO     | __main__:processar_oferta:73 - ♻️ Oferta repetida ignorada: https://www.mercadolivre.com.br/social/agenciarice
2025-12-17 13:48:19.532 | INFO     | __main__:processar_oferta:73 - ♻️ Oferta repetida ignorada: https://r.amzlink.to/
2025-12-17 13:49:20.056 | INFO     | __main__:processar_oferta:73 - ♻️ Oferta repetida ignorada: https://www.amazon.com.br/dp/B0CN1CDG6Y
2025-12-17 13:49:20.152 | INFO     | __main__:processar_oferta:73 - ♻️ Oferta repetida ignorada: https://www.mercadolivre.com.br/social/agenciarice
2025-12-17 13:50:19.957 | INFO     | __main__:processar_oferta:73 - ♻️ Oferta repetida ignorada: https://www.amazon.com.br/dp/B0748J629Z
2025-12-17 13:50:20.080 | INFO     | __main__:processar_oferta:83 - 🚫 Link não Amazon (MERCADO LIVRE) ignorado: https://www.mercadolivre.com.br/social/xetdaspromocoes/lists/140c506e-ca9c-45ba-8623-e37b88be58f3
2025-12-17 13:51:19.962 | INFO     | __main__:processar_oferta:73 - ♻️ Oferta repetida ignorada: https://www.amazon.com.br/dp/B0BQ3LVZ55
2025-12-17 13:51:20.075 | INFO     | __main__:processar_oferta:73 - ♻️ Oferta repetida ignorada: https://www.mercadolivre.com.br/social/urubupromo
2025-12-17 13:51:20.196 | INFO     | __main__:processar_oferta:73 - ♻️ Oferta repetida ignorada: https://www.mercadolivre.com.br/social/promozonevip
2025-12-17 13:53:59.900 | INFO     | __main__:processar_oferta:73 - ♻️ Oferta repetida ignorada: https://www.amazon.com.br/dp/B0FLKBQYZS
2025-12-17 13:55:22.092 | INFO     | __main__:processar_oferta:73 - ♻️ Oferta repetida ignorada: https://www.amazon.com.br/dp/B0DCW6W5BK
2025-12-17 13:56:06.306 | INFO     | __main__:processar_oferta:86 - 🔎 Processando: AMAZON | Modo: 🤖 AUTO
2025-12-17 13:56:12.748 | SUCCESS  | src.infrastructure.whatsapp_client:enviar_oferta:30 - ✅ Postado no WhatsApp com sucesso!
2025-12-17 13:56:12.749 | SUCCESS  | __main__:processar_oferta:102 - 📱 Oferta AMAZON enviada para seu WhatsApp: https://www.amazon.com.br/dp/B0FN9FLP4C?...
2025-12-17 13:56:13.214 | ERROR    | __main__:processar_oferta:119 - ❌ Erro ao postar no Twitter: 429 Too Many Requests
Too Many Requests
2025-12-17 13:57:20.241 | INFO     | __main__:processar_oferta:73 - ♻️ Oferta repetida ignorada: https://www.mercadolivre.com.br/social/promotom
2025-12-17 13:58:20.202 | INFO     | __main__:processar_oferta:73 - ♻️ Oferta repetida ignorada: https://www.mercadolivre.com.br/social/promotom
2025-12-17 13:58:20.262 | INFO     | __main__:processar_oferta:73 - ♻️ Oferta repetida ignorada: https://www.mercadolivre.com.br/social/mesprom
2025-12-17 13:58:40.109 | INFO     | __main__:processar_oferta:73 - ♻️ Oferta repetida ignorada: https://www.mercadolivre.com.br/social/agenciarice
2025-12-17 13:58:57.331 | INFO     | __main__:processar_oferta:73 - ♻️ Oferta repetida ignorada: https://www.mercadolivre.com.br/social/mesprom
2025-12-17 13:59:20.199 | INFO     | __main__:processar_oferta:73 - ♻️ Oferta repetida ignorada: https://www.mercadolivre.com.br/social/promotop
2025-12-17 14:00:19.551 | INFO     | __main__:processar_oferta:73 - ♻️ Oferta repetida ignorada: https://www.mercadolivre.com.br/social/mesprom
2025-12-17 14:00:19.624 | INFO     | __main__:processar_oferta:73 - ♻️ Oferta repetida ignorada: https://www.mercadolivre.com.br/social/xetdaspromocoes
2025-12-17 14:00:19.957 | INFO     | __main__:processar_oferta:83 - 🚫 Link não Amazon (None) ignorado: https://descontostop.com/promocao/tenis-kappa-park-20-original
2025-12-17 14:00:20.098 | INFO     | __main__:processar_oferta:83 - 🚫 Link não Amazon (None) ignorado: https://www.pelando.com.br/d/playstation-5-1tb-com-disco-eec5
2025-12-17 14:00:20.509 | INFO     | __main__:processar_oferta:73 - ♻️ Oferta repetida ignorada: https://www.pelando.com.br/grupos/
2025-12-17 14:00:21.300 | INFO     | __main__:processar_oferta:73 - ♻️ Oferta repetida ignorada: https://descontostop.com/grupo-promocoes-whatsapp-telegram-cupom-desconto/
2025-12-17 14:01:19.373 | INFO     | __main__:processar_oferta:73 - ♻️ Oferta repetida ignorada: https://www.mercadolivre.com.br/social/mesprom
2025-12-17 14:01:19.420 | INFO     | __main__:processar_oferta:73 - ♻️ Oferta repetida ignorada: https://www.mercadolivre.com.br/social/promotop
2025-12-17 14:01:19.920 | INFO     | __main__:processar_oferta:73 - ♻️ Oferta repetida ignorada: https://www.mercadolivre.com.br/social/urubupromo
2025-12-17 14:01:20.530 | INFO     | __main__:processar_oferta:73 - ♻️ Oferta repetida ignorada: https://www.mercadolivre.com.br/social/promotom/lists
2025-12-17 14:01:31.575 | INFO     | __main__:processar_oferta:73 - ♻️ Oferta repetida ignorada: https://www.amazon.com.br/Smart-Philco-Google-HDR10-P58KGA/dp/B0DWV5Z7LC
2025-12-17 14:01:32.009 | INFO     | __main__:processar_oferta:73 - ♻️ Oferta repetida ignorada: https://www.amazon.com.br/prime
2025-12-17 14:02:20.171 | INFO     | __main__:processar_oferta:73 - ♻️ Oferta repetida ignorada: https://www.mercadolivre.com.br/social/agenciarice
2025-12-17 14:02:20.396 | INFO     | __main__:processar_oferta:73 - ♻️ Oferta repetida ignorada: https://www.mercadolivre.com.br/social/mesprom
2025-12-17 14:03:19.398 | INFO     | __main__:processar_oferta:73 - ♻️ Oferta repetida ignorada: https://www.mercadolivre.com.br/social/promozonevip
2025-12-17 14:03:19.426 | INFO     | __main__:processar_oferta:83 - 🚫 Link não Amazon (None) ignorado: https://descontostop.com/promocao/robo-aspirador-robot-w90-varre-aspira-e-passa-pano-30w-wap-cor-preto
2025-12-17 14:03:19.851 | INFO     | __main__:processar_oferta:73 - ♻️ Oferta repetida ignorada: https://www.amazon.com.br/
2025-12-17 14:03:19.927 | INFO     | __main__:processar_oferta:73 - ♻️ Oferta repetida ignorada: https://www.mercadolivre.com.br/social/promotom
2025-12-17 14:03:21.098 | INFO     | __main__:processar_oferta:73 - ♻️ Oferta repetida ignorada: https://descontostop.com/grupo-promocoes-whatsapp-telegram-cupom-desconto/
2025-12-17 14:03:22.139 | INFO     | __main__:processar_oferta:73 - ♻️ Oferta repetida ignorada: https://www.amazon.com.br/Smart-Philco-Google-HDR10-P58KGA/dp/B0DWV5Z7LC
2025-12-17 14:03:47.756 | INFO     | __main__:processar_oferta:73 - ♻️ Oferta repetida ignorada: https://www.mercadolivre.com.br/social/pq20251002095509
2025-12-17 14:03:48.405 | INFO     | __main__:processar_oferta:73 - ♻️ Oferta repetida ignorada: https://www.amazon.com.br/
2025-12-17 14:03:50.121 | INFO     | __main__:processar_oferta:73 - ♻️ Oferta repetida ignorada: https://chat.whatsapp.com/H7WuUyHoFo632jZusMQtko
2025-12-17 14:04:19.989 | INFO     | __main__:processar_oferta:73 - ♻️ Oferta repetida ignorada: https://www.amazon.com.br/
2025-12-17 14:05:20.335 | INFO     | __main__:processar_oferta:83 - 🚫 Link não Amazon (MERCADO LIVRE) ignorado: https://www.mercadolivre.com.br/social/descontostop
2025-12-17 14:05:22.187 | INFO     | __main__:processar_oferta:83 - 🚫 Link não Amazon (None) ignorado: https://cupom99.com/grupo-promocoes-whatsapp-telegram/
2025-12-17 14:06:20.295 | INFO     | __main__:processar_oferta:73 - ♻️ Oferta repetida ignorada: https://www.mercadolivre.com.br/social/agenciarice
2025-12-17 14:06:20.324 | INFO     | __main__:processar_oferta:83 - 🚫 Link não Amazon (None) ignorado: https://descontostop.com/promocao/prada-paradoxe-edp-90ml
2025-12-17 14:06:21.912 | INFO     | __main__:processar_oferta:73 - ♻️ Oferta repetida ignorada: https://descontostop.com/grupo-promocoes-whatsapp-telegram-cupom-desconto/
2025-12-17 14:07:21.941 | INFO     | __main__:processar_oferta:86 - 🔎 Processando: AMAZON | Modo: 🤖 AUTO
2025-12-17 14:07:22.045 | INFO     | __main__:processar_oferta:86 - 🔎 Processando: AMAZON | Modo: 🤖 AUTO
2025-12-17 14:07:27.162 | SUCCESS  | src.infrastructure.whatsapp_client:enviar_oferta:30 - ✅ Postado no WhatsApp com sucesso!
2025-12-17 14:07:27.163 | SUCCESS  | __main__:processar_oferta:102 - 📱 Oferta AMAZON enviada para seu WhatsApp: https://www.amazon.com.br/dp/B0CQKLS4RP?...
2025-12-17 14:07:27.174 | ERROR    | __main__:processar_oferta:119 - ❌ Erro ao postar no Twitter: ('Connection aborted.', ConnectionResetError(10054, 'Foi forçado o cancelamento de uma conexão existente pelo host remoto', None, 10054, None))
2025-12-17 14:07:28.851 | SUCCESS  | src.infrastructure.whatsapp_client:enviar_oferta:30 - ✅ Postado no WhatsApp com sucesso!
2025-12-17 14:07:28.852 | SUCCESS  | __main__:processar_oferta:102 - 📱 Oferta AMAZON enviada para seu WhatsApp: https://www.amazon.com.br/Monitor-Gamer-...
2025-12-17 14:07:29.311 | ERROR    | __main__:processar_oferta:119 - ❌ Erro ao postar no Twitter: 429 Too Many Requests
Too Many Requests
2025-12-17 14:08:20.210 | INFO     | __main__:processar_oferta:86 - 🔎 Processando: AMAZON | Modo: 🤖 AUTO
2025-12-17 14:08:20.921 | INFO     | __main__:processar_oferta:73 - ♻️ Oferta repetida ignorada: https://www.amazon.com.br/events/nataldeofertas
2025-12-17 14:08:26.235 | SUCCESS  | src.infrastructure.whatsapp_client:enviar_oferta:30 - ✅ Postado no WhatsApp com sucesso!
2025-12-17 14:08:26.236 | SUCCESS  | __main__:processar_oferta:102 - 📱 Oferta AMAZON enviada para seu WhatsApp: https://www.amazon.com.br/dp/B07FN1MZBH?...
2025-12-17 14:08:26.404 | ERROR    | __main__:processar_oferta:119 - ❌ Erro ao postar no Twitter: 429 Too Many Requests
Too Many Requests
2025-12-17 14:09:20.403 | INFO     | __main__:processar_oferta:73 - ♻️ Oferta repetida ignorada: https://www.mercadolivre.com.br/social/agenciarice
2025-12-17 14:10:20.627 | INFO     | __main__:processar_oferta:86 - 🔎 Processando: AMAZON | Modo: 🤖 AUTO
2025-12-17 14:10:27.164 | SUCCESS  | src.infrastructure.whatsapp_client:enviar_oferta:30 - ✅ Postado no WhatsApp com sucesso!
2025-12-17 14:10:27.165 | SUCCESS  | __main__:processar_oferta:102 - 📱 Oferta AMAZON enviada para seu WhatsApp: https://www.amazon.com.br/MONITOR-ACER-E...
2025-12-17 14:10:27.340 | ERROR    | __main__:processar_oferta:119 - ❌ Erro ao postar no Twitter: 429 Too Many Requests
Too Many Requests
2025-12-17 14:11:20.364 | INFO     | __main__:processar_oferta:73 - ♻️ Oferta repetida ignorada: https://www.mercadolivre.com.br/social/urubupromo
2025-12-17 14:11:20.509 | INFO     | __main__:processar_oferta:73 - ♻️ Oferta repetida ignorada: https://www.mercadolivre.com.br/social/promotom
2025-12-17 14:11:22.235 | INFO     | __main__:processar_oferta:86 - 🔎 Processando: AMAZON | Modo: 🤖 AUTO
2025-12-17 14:11:28.214 | SUCCESS  | src.infrastructure.whatsapp_client:enviar_oferta:30 - ✅ Postado no WhatsApp com sucesso!
2025-12-17 14:11:28.214 | SUCCESS  | __main__:processar_oferta:102 - 📱 Oferta AMAZON enviada para seu WhatsApp: https://www.amazon.com.br/dp/B0F7RSPQY4?...
2025-12-17 14:11:28.379 | ERROR    | __main__:processar_oferta:119 - ❌ Erro ao postar no Twitter: 429 Too Many Requests
Too Many Requests
2025-12-17 14:12:20.553 | INFO     | __main__:processar_oferta:73 - ♻️ Oferta repetida ignorada: https://r.amzlink.to/
2025-12-17 14:12:20.828 | INFO     | __main__:processar_oferta:83 - 🚫 Link não Amazon (None) ignorado: https://descontostop.com/promocao/kemei-maquina-de-acabamento
2025-12-17 14:12:20.830 | INFO     | __main__:processar_oferta:73 - ♻️ Oferta repetida ignorada: https://www.mercadolivre.com.br/social/promotom
2025-12-17 14:12:22.903 | INFO     | __main__:processar_oferta:73 - ♻️ Oferta repetida ignorada: https://descontostop.com/grupo-promocoes-whatsapp-telegram-cupom-desconto/
2025-12-17 14:12:59.170 | INFO     | __main__:processar_oferta:86 - 🔎 Processando: AMAZON | Modo: 🤖 AUTO
2025-12-17 14:13:03.657 | SUCCESS  | src.infrastructure.whatsapp_client:enviar_oferta:30 - ✅ Postado no WhatsApp com sucesso!
2025-12-17 14:13:03.657 | SUCCESS  | __main__:processar_oferta:102 - 📱 Oferta AMAZON enviada para seu WhatsApp: https://www.amazon.com.br/dp/B09316S8Q9?...
2025-12-17 14:13:03.823 | ERROR    | __main__:processar_oferta:119 - ❌ Erro ao postar no Twitter: 429 Too Many Requests
Too Many Requests
2025-12-17 14:13:20.856 | INFO     | __main__:processar_oferta:83 - 🚫 Link não Amazon (MERCADO LIVRE) ignorado: https://www.mercadolivre.com.br/social/agenciarice/lists
2025-12-17 14:14:20.547 | INFO     | __main__:processar_oferta:73 - ♻️ Oferta repetida ignorada: https://www.mercadolivre.com.br/social/xetdaspromocoes
2025-12-17 14:14:20.602 | INFO     | __main__:processar_oferta:83 - 🚫 Link não Amazon (None) ignorado: https://descontostop.com/promocao/smartphone-motorola-moto-g35-5g-256gb-12gb-4gb-ram8gb-ram-boost-e-camera-50mp-com-ai-nfc-tela-67-com-superbrilho-coral-vegan-leather
2025-12-17 14:14:20.706 | INFO     | __main__:processar_oferta:73 - ♻️ Oferta repetida ignorada: https://www.mercadolivre.com.br/social/agenciarice
2025-12-17 14:14:20.716 | INFO     | __main__:processar_oferta:83 - 🚫 Link não Amazon (MERCADO LIVRE) ignorado: https://www.mercadolivre.com.br/social/tjgaming
2025-12-17 14:14:20.722 | INFO     | __main__:processar_oferta:86 - 🔎 Processando: AMAZON | Modo: 🤖 AUTO
2025-12-17 14:14:21.366 | INFO     | __main__:processar_oferta:73 - ♻️ Oferta repetida ignorada: https://www.mercadolivre.com.br/social/xetdaspromocoes
2025-12-17 14:14:21.775 | INFO     | __main__:processar_oferta:83 - 🚫 Link não Amazon (None) ignorado: https://t.me/TJGOFERTASs
2025-12-17 14:14:22.000 | INFO     | __main__:processar_oferta:73 - ♻️ Oferta repetida ignorada: https://descontostop.com/grupo-promocoes-whatsapp-telegram-cupom-desconto/
2025-12-17 14:14:22.695 | INFO     | __main__:processar_oferta:83 - 🚫 Link não Amazon (None) ignorado: https://t.me/PROMOSGERAISTJ
2025-12-17 14:14:23.719 | INFO     | __main__:processar_oferta:83 - 🚫 Link não Amazon (None) ignorado: https://www.whatsapp.com/channel/0029Vb6EHc1KmCPTwxvrbT10
2025-12-17 14:14:26.701 | SUCCESS  | src.infrastructure.whatsapp_client:enviar_oferta:30 - ✅ Postado no WhatsApp com sucesso!
2025-12-17 14:14:26.702 | SUCCESS  | __main__:processar_oferta:102 - 📱 Oferta AMAZON enviada para seu WhatsApp: https://www.amazon.com.br/dp/B07PKQXNHM/...
2025-12-17 14:14:26.870 | ERROR    | __main__:processar_oferta:119 - ❌ Erro ao postar no Twitter: 429 Too Many Requests
Too Many Requests
2025-12-17 14:15:25.292 | INFO     | __main__:processar_oferta:73 - ♻️ Oferta repetida ignorada: https://www.mercadolivre.com.br/social/promozonevip
2025-12-17 14:15:57.758 | INFO     | __main__:processar_oferta:73 - ♻️ Oferta repetida ignorada: https://www.mercadolivre.com.br/social/mesprom
2025-12-17 14:16:19.703 | INFO     | __main__:processar_oferta:73 - ♻️ Oferta repetida ignorada: https://www.mercadolivre.com.br/social/agenciarice
2025-12-17 14:16:19.748 | INFO     | __main__:processar_oferta:86 - 🔎 Processando: AMAZON | Modo: 🤖 AUTO
2025-12-17 14:16:19.752 | INFO     | __main__:processar_oferta:83 - 🚫 Link não Amazon (None) ignorado: https://descontostop.com/promocao/suporte-para-gpu-rise-mode-argb-500mm-aura-v2-preto
2025-12-17 14:16:21.440 | INFO     | __main__:processar_oferta:73 - ♻️ Oferta repetida ignorada: https://descontostop.com/grupo-promocoes-whatsapp-telegram-cupom-desconto/
2025-12-17 14:16:22.187 | INFO     | __main__:processar_oferta:86 - 🔎 Processando: AMAZON | Modo: 🤖 AUTO
2025-12-17 14:16:26.054 | SUCCESS  | src.infrastructure.whatsapp_client:enviar_oferta:30 - ✅ Postado no WhatsApp com sucesso!
2025-12-17 14:16:26.054 | SUCCESS  | __main__:processar_oferta:102 - 📱 Oferta AMAZON enviada para seu WhatsApp: https://www.amazon.com.br/dp/B0B8ZHR7LB?...
2025-12-17 14:16:26.218 | ERROR    | __main__:processar_oferta:119 - ❌ Erro ao postar no Twitter: 429 Too Many Requests
Too Many Requests
2025-12-17 14:16:28.574 | SUCCESS  | src.infrastructure.whatsapp_client:enviar_oferta:30 - ✅ Postado no WhatsApp com sucesso!
2025-12-17 14:16:28.574 | SUCCESS  | __main__:processar_oferta:102 - 📱 Oferta AMAZON enviada para seu WhatsApp: https://www.amazon.com.br/dp/B07L5WFHXW/...
2025-12-17 14:16:28.741 | ERROR    | __main__:processar_oferta:119 - ❌ Erro ao postar no Twitter: 429 Too Many Requests
Too Many Requests
2025-12-17 14:17:07.677 | INFO     | __main__:processar_oferta:86 - 🔎 Processando: AMAZON | Modo: 🤖 AUTO
2025-12-17 14:17:12.005 | SUCCESS  | src.infrastructure.whatsapp_client:enviar_oferta:30 - ✅ Postado no WhatsApp com sucesso!
2025-12-17 14:17:12.006 | SUCCESS  | __main__:processar_oferta:102 - 📱 Oferta AMAZON enviada para seu WhatsApp: https://www.amazon.com.br/Preservativo-E...
2025-12-17 14:17:12.165 | ERROR    | __main__:processar_oferta:119 - ❌ Erro ao postar no Twitter: 429 Too Many Requests
Too Many Requests
2025-12-17 14:18:19.429 | INFO     | __main__:processar_oferta:73 - ♻️ Oferta repetida ignorada: https://www.mercadolivre.com.br/social/agenciarice
2025-12-17 14:18:19.654 | INFO     | __main__:processar_oferta:73 - ♻️ Oferta repetida ignorada: https://www.mercadolivre.com.br/social/mesprom
2025-12-17 14:18:20.407 | INFO     | __main__:processar_oferta:83 - 🚫 Link não Amazon (None) ignorado: https://descontostop.com/loja/cupom-desconto-leroy-merlin/
2025-12-17 14:18:45.464 | INFO     | __main__:processar_oferta:73 - ♻️ Oferta repetida ignorada: https://www.mercadolivre.com.br/social/agenciarice
2025-12-17 17:32:08.291 | INFO     | __main__:<module>:20 - 🐭 INICIANDO O RATO GARIMPEIRO ENTERPRISE (Modo AMAZON/WHATSAPP)...
2025-12-17 17:32:08.659 | SUCCESS  | __main__:<module>:26 - ✅ Sistemas Core iniciados!
2025-12-17 17:32:08.660 | SUCCESS  | __main__:<module>:38 - 🐦 Twitter/X Conectado com sucesso!
2025-12-17 17:32:09.619 | INFO     | __main__:main:127 - 👀 Validando canais fonte (Este passo pode demorar alguns segundos)...
2025-12-17 17:32:10.038 | ERROR    | __main__:resolve_safe_channels:58 - ❌ Canal inválido ou não existente: @tecdicas -> IGNORADO.
2025-12-17 17:32:10.181 | ERROR    | __main__:resolve_safe_channels:58 - ❌ Canal inválido ou não existente: @ofertasdevideo -> IGNORADO.
2025-12-17 17:32:10.322 | ERROR    | __main__:resolve_safe_channels:58 - ❌ Canal inválido ou não existente: @ofertasparacasa -> IGNORADO.
2025-12-17 17:32:10.466 | ERROR    | __main__:resolve_safe_channels:58 - ❌ Canal inválido ou não existente: @livrosepromocao -> IGNORADO.
2025-12-17 17:32:10.466 | SUCCESS  | __main__:main:137 - ✅ Monitoramento iniciado com 21 canais válidos.
2025-12-17 17:32:20.988 | INFO     | __main__:processar_oferta:86 - 🔎 Processando: AMAZON | Modo: 🤖 AUTO
2025-12-17 17:34:16.411 | INFO     | __main__:<module>:147 - 🚫 Bot desligado manualmente.
2025-12-17 17:34:18.930 | INFO     | __main__:<module>:19 - 🐭 INICIANDO O RATO GARIMPEIRO ENTERPRISE (Modo AMAZON/WHATSAPP)...
2025-12-17 17:34:19.252 | SUCCESS  | __main__:<module>:25 - ✅ Sistemas Core iniciados!
2025-12-17 17:34:19.252 | SUCCESS  | __main__:<module>:37 - 🐦 Twitter/X Conectado com sucesso!
2025-12-17 17:34:20.209 | INFO     | __main__:main:113 - 👀 Validando canais fonte...
2025-12-17 17:34:20.643 | ERROR    | __main__:resolve_safe_channels:52 - ❌ Canal inválido ou não existente: @tecdicas -> IGNORADO.
2025-12-17 17:34:20.823 | ERROR    | __main__:resolve_safe_channels:52 - ❌ Canal inválido ou não existente: @ofertasdevideo -> IGNORADO.
2025-12-17 17:34:20.988 | ERROR    | __main__:resolve_safe_channels:52 - ❌ Canal inválido ou não existente: @ofertasparacasa -> IGNORADO.
2025-12-17 17:34:21.129 | ERROR    | __main__:resolve_safe_channels:52 - ❌ Canal inválido ou não existente: @livrosepromocao -> IGNORADO.
2025-12-17 17:34:21.130 | SUCCESS  | __main__:main:123 - ✅ Monitoramento iniciado com 21 canais válidos.
2025-12-17 17:34:24.878 | INFO     | __main__:processar_oferta:77 - 🔎 Processando: AMAZON | Modo: 🤖 AUTO
2025-12-17 17:34:27.910 | SUCCESS  | __main__:processar_oferta:95 - 📱 Oferta AMAZON enviada para seu WhatsApp: https://www.amazon.com.br/Preservativo-E...
2025-12-17 17:34:28.431 | ERROR    | __main__:processar_oferta:109 - ❌ Erro ao postar no Twitter: 429 Too Many Requests
Too Many Requests
2025-12-17 17:36:21.013 | INFO     | __main__:processar_oferta:74 - 🚫 Link não Amazon (MERCADO LIVRE) ignorado: https://www.mercadolivre.com.br/social/promozonevip
2025-12-17 17:36:21.426 | INFO     | __main__:processar_oferta:74 - 🚫 Link não Amazon (MERCADO LIVRE) ignorado: https://www.mercadolivre.com.br/social/agenciarice
2025-12-17 17:36:22.446 | INFO     | __main__:processar_oferta:74 - 🚫 Link não Amazon (None) ignorado: https://descontostop.com/promocao/rodas-compativeis-c-hyundai-hb20-aro-15-4x100-jogo-bicos
2025-12-17 17:36:24.574 | INFO     | __main__:processar_oferta:74 - 🚫 Link não Amazon (None) ignorado: https://descontostop.com/grupo-promocoes-whatsapp-telegram-cupom-desconto/
2025-12-17 17:36:44.071 | INFO     | __main__:<module>:130 - 🚫 Bot desligado manualmente.
2025-12-17 17:36:46.916 | INFO     | __main__:<module>:19 - 🐭 INICIANDO O RATO GARIMPEIRO ENTERPRISE (Modo AMAZON/WHATSAPP)...
2025-12-17 17:36:47.219 | SUCCESS  | __main__:<module>:25 - ✅ Sistemas Core iniciados!
2025-12-17 17:36:47.219 | SUCCESS  | __main__:<module>:37 - 🐦 Twitter/X Conectado com sucesso!
2025-12-17 17:36:48.181 | INFO     | __main__:main:113 - 👀 Validando canais fonte...
2025-12-17 17:36:48.467 | SUCCESS  | __main__:main:123 - ✅ Monitoramento iniciado com 21 canais válidos.
2025-12-17 17:36:52.917 | INFO     | __main__:processar_oferta:77 - 🔎 Processando: AMAZON | Modo: 🤖 AUTO
2025-12-17 17:36:56.025 | SUCCESS  | src.infrastructure.whatsapp_client:enviar_oferta:39 - ✅ Oferta enviada com sucesso para o WhatsApp!
2025-12-17 17:36:56.025 | SUCCESS  | __main__:processar_oferta:95 - 📱 Oferta AMAZON enviada para seu WhatsApp: https://www.amazon.com.br/Preservativo-E...
2025-12-17 17:36:56.516 | ERROR    | __main__:processar_oferta:109 - ❌ Erro ao postar no Twitter: 429 Too Many Requests
Too Many Requests
2025-12-17 17:37:49.043 | INFO     | __main__:processar_oferta:74 - 🚫 Link não Amazon (MERCADO LIVRE) ignorado: https://www.mercadolivre.com.br/social/cupons
2025-12-17 17:37:49.831 | INFO     | __main__:processar_oferta:74 - 🚫 Link não Amazon (None) ignorado: https://descontostop.com/loja/cupom-desconto-terabyte/
2025-12-17 17:37:50.394 | INFO     | __main__:processar_oferta:74 - 🚫 Link não Amazon (None) ignorado: https://kabum.onelink.me/civn
2025-12-17 17:40:02.210 | INFO     | __main__:<module>:130 - 🚫 Bot desligado manualmente.
2025-12-17 17:40:04.643 | INFO     | __main__:<module>:20 - 🐭 INICIANDO O RATO GARIMPEIRO ENTERPRISE (Modo AMAZON/WHATSAPP)...
2025-12-17 17:40:04.956 | SUCCESS  | __main__:<module>:26 - ✅ Sistemas Core iniciados!
2025-12-17 17:40:04.956 | SUCCESS  | __main__:<module>:38 - 🐦 Twitter/X Conectado com sucesso!
2025-12-17 17:40:06.059 | INFO     | __main__:main:118 - 👀 Validando canais fonte...
2025-12-17 17:40:06.339 | SUCCESS  | __main__:main:128 - ✅ Monitoramento iniciado com 21 canais válidos.
2025-12-17 17:40:10.890 | INFO     | __main__:processar_oferta:78 - 🔎 Processando: AMAZON | Modo: 🤖 AUTO
2025-12-17 17:40:10.965 | INFO     | __main__:processar_oferta:66 - ♻️ Oferta repetida ignorada: https://www.amazon.com.br/Preservativo-Elite-com-Unidades-SKYN/dp/B07RPNW171
2025-12-17 17:40:11.316 | INFO     | __main__:processar_oferta:75 - 🚫 Link não Amazon (None) ignorado: https://www.pelando.com.br/d/placa-de-video-xfx-rx-9070-xt-16gb-gddr6-rdna-4-287e
2025-12-17 17:40:11.490 | INFO     | __main__:processar_oferta:89 - 📸 Baixando imagem do Telegram para envio profissional...
2025-12-17 17:40:11.727 | INFO     | __main__:processar_oferta:75 - 🚫 Link não Amazon (None) ignorado: https://www.pelando.com.br/grupos/
2025-12-17 17:40:16.921 | SUCCESS  | __main__:processar_oferta:96 - 📱 Oferta AMAZON enviada para seu WhatsApp: https://www.amazon.com.br/Preservativo-E...
2025-12-17 17:40:20.194 | INFO     | __main__:processar_oferta:75 - 🚫 Link não Amazon (None) ignorado: https://descontostop.com/promocao/caixa-de-som-amplificada-automotiva-slim-sub-8-polegadas-cor-preto
2025-12-17 17:40:21.982 | INFO     | __main__:processar_oferta:75 - 🚫 Link não Amazon (None) ignorado: https://descontostop.com/grupo-promocoes-whatsapp-telegram-cupom-desconto/
2025-12-17 17:40:22.442 | INFO     | __main__:<module>:135 - 🚫 Bot desligado manualmente.
2025-12-17 17:42:42.625 | INFO     | __main__:<module>:20 - 🐭 INICIANDO O RATO GARIMPEIRO ENTERPRISE (Modo AMAZON/WHATSAPP)...
2025-12-17 17:42:42.934 | SUCCESS  | __main__:<module>:26 - ✅ Sistemas Core iniciados!
2025-12-17 17:42:42.935 | SUCCESS  | __main__:<module>:38 - 🐦 Twitter/X Conectado com sucesso!
2025-12-17 17:42:44.963 | INFO     | __main__:main:119 - 👀 Validando canais fonte...
2025-12-17 17:42:45.240 | SUCCESS  | __main__:main:129 - ✅ Monitoramento iniciado com 21 canais válidos.
2025-12-17 17:42:48.007 | INFO     | __main__:processar_oferta:78 - 🔎 Processando: AMAZON | Modo: 🤖 AUTO
2025-12-17 17:42:48.509 | INFO     | __main__:processar_oferta:88 - 📸 Baixando imagem do Telegram para envio profissional...
2025-12-17 17:42:53.668 | SUCCESS  | __main__:processar_oferta:94 - 📱 Oferta AMAZON enviada para seu WhatsApp: https://www.amazon.com.br/Preservativo-E...
2025-12-17 17:42:54.671 | ERROR    | __main__:processar_oferta:115 - ❌ Erro ao postar no Twitter: 429 Too Many Requests
Too Many Requests
2025-12-17 17:43:28.193 | INFO     | __main__:processar_oferta:78 - 🔎 Processando: AMAZON | Modo: 🤖 AUTO
2025-12-17 17:43:28.939 | INFO     | __main__:processar_oferta:88 - 📸 Baixando imagem do Telegram para envio profissional...
2025-12-17 17:43:29.936 | INFO     | __main__:processar_oferta:75 - 🚫 Link não Amazon (None) ignorado: https://r.amzlink.to/
2025-12-17 17:43:34.765 | SUCCESS  | __main__:processar_oferta:94 - 📱 Oferta AMAZON enviada para seu WhatsApp: https://www.amazon.com.br/Colchao-Casal-...
2025-12-17 17:43:35.454 | ERROR    | __main__:processar_oferta:115 - ❌ Erro ao postar no Twitter: 429 Too Many Requests
Too Many Requests
2025-12-17 17:44:20.747 | INFO     | __main__:processar_oferta:78 - 🔎 Processando: AMAZON | Modo: 🤖 AUTO
2025-12-17 17:44:21.180 | INFO     | __main__:processar_oferta:88 - 📸 Baixando imagem do Telegram para envio profissional...
2025-12-17 17:44:24.611 | SUCCESS  | __main__:processar_oferta:94 - 📱 Oferta AMAZON enviada para seu WhatsApp: https://www.amazon.com.br/dp/B0DZK1HM41?...
2025-12-17 17:44:25.290 | ERROR    | __main__:processar_oferta:115 - ❌ Erro ao postar no Twitter: 429 Too Many Requests
Too Many Requests
2025-12-17 17:45:34.274 | INFO     | __main__:processar_oferta:75 - 🚫 Link não Amazon (MERCADO LIVRE) ignorado: https://www.mercadolivre.com.br/social/promozonevip
2025-12-17 17:48:46.409 | INFO     | __main__:processar_oferta:75 - 🚫 Link não Amazon (MERCADO LIVRE) ignorado: https://www.mercadolivre.com.br/social/pq20251002095509
2025-12-17 17:48:46.476 | INFO     | __main__:processar_oferta:75 - 🚫 Link não Amazon (None) ignorado: https://descontostop.com/promocao/vestido-feminino-longo-estampado-floral-viscolinho-leve
2025-12-17 17:48:47.711 | INFO     | __main__:<module>:136 - 🚫 Bot desligado manualmente.
2025-12-17 17:48:51.401 | INFO     | __main__:<module>:20 - 🐭 INICIANDO O RATO GARIMPEIRO ENTERPRISE (Modo AMAZON/WHATSAPP)...
2025-12-17 17:48:51.703 | SUCCESS  | __main__:<module>:26 - ✅ Sistemas Core iniciados!
2025-12-17 17:48:51.704 | SUCCESS  | __main__:<module>:38 - 🐦 Twitter/X Conectado com sucesso!
2025-12-17 17:48:52.863 | INFO     | __main__:main:123 - 👀 Validando canais fonte...
2025-12-17 17:48:53.144 | SUCCESS  | __main__:main:133 - ✅ Monitoramento iniciado com 21 canais válidos.
2025-12-17 17:48:58.613 | INFO     | __main__:processar_oferta:78 - 🔎 Processando: AMAZON | Modo: 🤖 AUTO
2025-12-17 17:48:58.977 | INFO     | __main__:processar_oferta:75 - 🚫 Link não Amazon (None) ignorado: https://r.amzlink.to/
2025-12-17 17:48:59.271 | INFO     | __main__:processar_oferta:89 - 📸 Baixando imagem do Telegram para envio profissional...
2025-12-17 17:49:01.428 | SUCCESS  | __main__:processar_oferta:96 - 📱 Oferta AMAZON enviada direto para o WhatsApp!
2025-12-17 17:49:02.935 | INFO     | __main__:processar_oferta:107 - 🧹 Arquivo temporário removido: oferta_31.jpg
2025-12-17 17:49:03.437 | ERROR    | __main__:processar_oferta:119 - ❌ Erro ao postar no Twitter: 429 Too Many Requests
Too Many Requests
2025-12-17 17:50:10.133 | INFO     | __main__:<module>:140 - 🚫 Bot desligado manualmente.
2025-12-17 17:50:12.553 | INFO     | __main__:<module>:20 - 🐭 INICIANDO O RATO GARIMPEIRO ENTERPRISE (Modo AMAZON/WHATSAPP)...
2025-12-17 17:50:12.845 | SUCCESS  | __main__:<module>:26 - ✅ Sistemas Core iniciados!
2025-12-17 17:50:12.845 | SUCCESS  | __main__:<module>:38 - 🐦 Twitter/X Conectado com sucesso!
2025-12-17 17:50:14.052 | INFO     | __main__:main:123 - 👀 Validando canais fonte...
2025-12-17 17:50:14.331 | SUCCESS  | __main__:main:133 - ✅ Monitoramento iniciado com 21 canais válidos.
2025-12-17 17:50:19.573 | INFO     | __main__:processar_oferta:78 - 🔎 Processando: AMAZON | Modo: 🤖 AUTO
2025-12-17 17:50:19.623 | INFO     | __main__:processar_oferta:66 - ♻️ Oferta repetida ignorada: https://www.amazon.com.br/dp/B0DZK1HM41
2025-12-17 17:50:20.210 | INFO     | __main__:processar_oferta:89 - 📸 Baixando imagem do Telegram para envio profissional...
2025-12-17 17:50:22.600 | SUCCESS  | __main__:processar_oferta:96 - 📱 Oferta AMAZON enviada direto para o WhatsApp!
2025-12-17 17:50:24.114 | INFO     | __main__:processar_oferta:107 - 🧹 Arquivo temporário removido: oferta_32.jpg
2025-12-17 17:50:24.603 | ERROR    | __main__:processar_oferta:119 - ❌ Erro ao postar no Twitter: 429 Too Many Requests
Too Many Requests
2025-12-17 17:51:15.030 | INFO     | __main__:processar_oferta:75 - 🚫 Link não Amazon (MERCADO LIVRE) ignorado: https://www.mercadolivre.com.br/social/agenciarice
2025-12-17 17:51:15.066 | INFO     | __main__:processar_oferta:78 - 🔎 Processando: AMAZON | Modo: 🤖 AUTO
2025-12-17 17:51:15.142 | INFO     | __main__:processar_oferta:75 - 🚫 Link não Amazon (None) ignorado: https://descontostop.com/promocao/bicicleta-aro-29-ksw-mountain-bike-21-marchas-shimano-freio-hidraulico
2025-12-17 17:51:15.530 | INFO     | __main__:processar_oferta:89 - 📸 Baixando imagem do Telegram para envio profissional...
2025-12-17 17:51:17.061 | INFO     | __main__:processar_oferta:75 - 🚫 Link não Amazon (None) ignorado: https://descontostop.com/grupo-promocoes-whatsapp-telegram-cupom-desconto/
2025-12-17 17:51:20.977 | SUCCESS  | __main__:processar_oferta:96 - 📱 Oferta AMAZON enviada direto para o WhatsApp!
2025-12-17 17:51:22.480 | INFO     | __main__:processar_oferta:107 - 🧹 Arquivo temporário removido: oferta_114823.jpg
2025-12-17 17:51:22.637 | ERROR    | __main__:processar_oferta:119 - ❌ Erro ao postar no Twitter: 429 Too Many Requests
Too Many Requests
2025-12-17 17:53:15.011 | INFO     | __main__:processar_oferta:66 - ♻️ Oferta repetida ignorada: https://www.mercadolivre.com.br/social/agenciarice
2025-12-17 17:53:15.058 | INFO     | __main__:processar_oferta:75 - 🚫 Link não Amazon (None) ignorado: https://descontostop.com/promocao/celular-samsung-galaxy-a26-5g-256gb-8gb-ram-camera-de-50mp-ip67-tela-super-amoled-67-nfc
2025-12-17 17:53:16.428 | INFO     | __main__:processar_oferta:66 - ♻️ Oferta repetida ignorada: https://descontostop.com/grupo-promocoes-whatsapp-telegram-cupom-desconto/
2025-12-17 17:54:15.001 | INFO     | __main__:processar_oferta:75 - 🚫 Link não Amazon (MERCADO LIVRE) ignorado: https://www.mercadolivre.com.br/social/xetdaspromocoes
2025-12-17 17:55:18.294 | INFO     | __main__:processar_oferta:75 - 🚫 Link não Amazon (MERCADO LIVRE) ignorado: https://www.mercadolivre.com.br/social/cupons
2025-12-17 17:56:16.623 | INFO     | __main__:processar_oferta:66 - ♻️ Oferta repetida ignorada: https://www.mercadolivre.com.br/social/agenciarice
2025-12-17 17:56:16.661 | INFO     | __main__:processar_oferta:66 - ♻️ Oferta repetida ignorada: https://www.mercadolivre.com.br/social/cupons
2025-12-17 17:56:16.690 | INFO     | __main__:processar_oferta:75 - 🚫 Link não Amazon (MERCADO LIVRE) ignorado: https://www.mercadolivre.com.br/social/promozonevip
2025-12-17 18:00:17.102 | INFO     | __main__:processar_oferta:75 - 🚫 Link não Amazon (None) ignorado: https://descontostop.com/promocao/climatizador-de-ar-quente-e-frio-1800w-com-display-yesop-como-ventilador-refrigerador-aquecedor-e-umidificador-4-em-1-p-3-litros-de-agua-adequado-para-todas-as-estacoes
2025-12-17 18:00:18.573 | INFO     | __main__:processar_oferta:66 - ♻️ Oferta repetida ignorada: https://descontostop.com/grupo-promocoes-whatsapp-telegram-cupom-desconto/
2025-12-17 18:01:16.758 | INFO     | __main__:processar_oferta:66 - ♻️ Oferta repetida ignorada: https://www.mercadolivre.com.br/social/promozonevip
2025-12-17 18:01:16.794 | INFO     | __main__:processar_oferta:66 - ♻️ Oferta repetida ignorada: https://www.mercadolivre.com.br/social/cupons
2025-12-17 18:01:17.192 | INFO     | __main__:processar_oferta:75 - 🚫 Link não Amazon (MERCADO LIVRE) ignorado: https://www.mercadolivre.com.br/social/urubupromo
2025-12-17 18:01:40.465 | INFO     | __main__:processar_oferta:78 - 🔎 Processando: AMAZON | Modo: 🤖 AUTO
2025-12-17 18:01:41.137 | INFO     | __main__:processar_oferta:89 - 📸 Baixando imagem do Telegram para envio profissional...
2025-12-17 18:01:47.015 | SUCCESS  | __main__:processar_oferta:96 - 📱 Oferta AMAZON enviada direto para o WhatsApp!
2025-12-17 18:01:48.518 | INFO     | __main__:processar_oferta:107 - 🧹 Arquivo temporário removido: oferta_44469.jpg
2025-12-17 18:01:48.531 | ERROR    | __main__:processar_oferta:119 - ❌ Erro ao postar no Twitter: ('Connection aborted.', ConnectionResetError(10054, 'Foi forçado o cancelamento de uma conexão existente pelo host remoto', None, 10054, None))
2025-12-17 18:01:49.020 | INFO     | __main__:processar_oferta:78 - 🔎 Processando: AMAZON | Modo: 🤖 AUTO
2025-12-17 18:01:49.611 | INFO     | __main__:processar_oferta:89 - 📸 Baixando imagem do Telegram para envio profissional...
2025-12-17 18:01:50.419 | INFO     | __main__:processar_oferta:66 - ♻️ Oferta repetida ignorada: https://www.amazon.com.br/
2025-12-17 18:01:52.611 | SUCCESS  | __main__:processar_oferta:96 - 📱 Oferta AMAZON enviada direto para o WhatsApp!
2025-12-17 18:01:54.123 | INFO     | __main__:processar_oferta:107 - 🧹 Arquivo temporário removido: oferta_44469.jpg
2025-12-17 18:01:54.608 | ERROR    | __main__:processar_oferta:119 - ❌ Erro ao postar no Twitter: 429 Too Many Requests
Too Many Requests
2025-12-17 18:02:16.682 | INFO     | __main__:processar_oferta:78 - 🔎 Processando: AMAZON | Modo: 🤖 AUTO
2025-12-17 18:02:17.129 | INFO     | __main__:processar_oferta:89 - 📸 Baixando imagem do Telegram para envio profissional...
2025-12-17 18:02:17.381 | INFO     | __main__:processar_oferta:75 - 🚫 Link não Amazon (MERCADO LIVRE) ignorado: https://www.mercadolivre.com.br/ofertas
2025-12-17 18:02:22.741 | SUCCESS  | __main__:processar_oferta:96 - 📱 Oferta AMAZON enviada direto para o WhatsApp!
2025-12-17 18:02:24.243 | INFO     | __main__:processar_oferta:107 - 🧹 Arquivo temporário removido: oferta_114827.jpg
2025-12-17 18:02:24.399 | ERROR    | __main__:processar_oferta:119 - ❌ Erro ao postar no Twitter: 429 Too Many Requests
Too Many Requests
2025-12-17 18:02:38.173 | INFO     | __main__:<module>:140 - 🚫 Bot desligado manualmente.
2025-12-17 18:02:40.550 | INFO     | __main__:<module>:20 - 🐭 INICIANDO O RATO GARIMPEIRO ENTERPRISE (Modo AMAZON/WHATSAPP)...
2025-12-17 18:02:40.965 | SUCCESS  | __main__:<module>:26 - ✅ Sistemas Core iniciados!
2025-12-17 18:02:40.967 | SUCCESS  | __main__:<module>:38 - 🐦 Twitter/X Conectado com sucesso!
2025-12-17 18:02:41.990 | INFO     | __main__:main:121 - 👀 Validando canais fonte...
2025-12-17 18:02:42.277 | SUCCESS  | __main__:main:131 - ✅ Monitoramento iniciado com 21 canais.
2025-12-17 18:02:46.284 | INFO     | __main__:processar_oferta:78 - 🔎 Processando: AMAZON | Modo: 🤖 AUTO
2025-12-17 18:02:46.338 | INFO     | __main__:processar_oferta:66 - ♻️ Oferta repetida ignorada: https://www.amazon.com.br/dp/B0DZK1HM41
2025-12-17 18:02:46.992 | INFO     | __main__:processar_oferta:88 - 📸 Baixando imagem do Telegram...
2025-12-17 18:02:48.394 | INFO     | __main__:processar_oferta:75 - 🚫 Link não Amazon (None) ignorado.
2025-12-17 18:02:49.223 | SUCCESS  | __main__:processar_oferta:96 - 📱 Oferta AMAZON enviada direto para o WhatsApp!
2025-12-17 18:02:49.924 | INFO     | __main__:processar_oferta:75 - 🚫 Link não Amazon (None) ignorado.
2025-12-17 18:02:50.732 | INFO     | __main__:processar_oferta:106 - 🧹 Arquivo temporário removido.
2025-12-17 18:03:42.891 | INFO     | __main__:processar_oferta:75 - 🚫 Link não Amazon (MERCADO LIVRE) ignorado.
2025-12-17 18:04:43.916 | INFO     | __main__:processar_oferta:66 - ♻️ Oferta repetida ignorada: https://www.mercadolivre.com.br/social/promotom
2025-12-17 18:05:42.918 | INFO     | __main__:processar_oferta:66 - ♻️ Oferta repetida ignorada: https://www.mercadolivre.com.br/social/promotom
2025-12-17 18:05:43.249 | INFO     | __main__:processar_oferta:75 - 🚫 Link não Amazon (None) ignorado.
2025-12-17 18:05:43.925 | INFO     | __main__:processar_oferta:75 - 🚫 Link não Amazon (MERCADO LIVRE) ignorado.
2025-12-17 18:05:44.593 | INFO     | __main__:processar_oferta:78 - 🔎 Processando: AMAZON | Modo: 🤖 AUTO
2025-12-17 18:05:44.942 | INFO     | __main__:processar_oferta:66 - ♻️ Oferta repetida ignorada: https://descontostop.com/grupo-promocoes-whatsapp-telegram-cupom-desconto/
2025-12-17 18:05:45.040 | INFO     | __main__:processar_oferta:88 - 📸 Baixando imagem do Telegram...
2025-12-17 18:05:45.800 | INFO     | __main__:processar_oferta:75 - 🚫 Link não Amazon (MERCADO LIVRE) ignorado.
2025-12-17 18:05:51.495 | SUCCESS  | __main__:processar_oferta:96 - 📱 Oferta AMAZON enviada direto para o WhatsApp!
2025-12-17 18:05:52.998 | INFO     | __main__:processar_oferta:106 - 🧹 Arquivo temporário removido.
2025-12-18 06:42:43.091 | INFO     | __main__:<module>:20 - 🐭 INICIANDO O RATO GARIMPEIRO ENTERPRISE (Modo AMAZON/WHATSAPP)...
2025-12-18 06:42:43.470 | SUCCESS  | __main__:<module>:26 - ✅ Sistemas Core iniciados!
2025-12-18 06:42:43.471 | SUCCESS  | __main__:<module>:38 - 🐦 Twitter/X Conectado com sucesso!
2025-12-18 06:42:44.461 | INFO     | __main__:main:121 - 👀 Validando canais fonte...
2025-12-18 06:42:44.749 | SUCCESS  | __main__:main:131 - ✅ Monitoramento iniciado com 21 canais.
